Station ID,Date Time,Soil Temp (C),Temp @ 60cm (C),Temp @ 2m (C),Temp @ 10m (C),Relative Humidity (%),Dew Point Temp (C),Rainfall Amount (in),Wind Speed (mph),Wind Direction (deg),Solar Radiation (w/m2)
250,2024-01-01 00:00:00,11.48,5.30,5.61,6.95,94.60,4.81,0.00,1.08,174.30,0.08
250,2024-01-01 00:15:00,11.34,5.01,5.85,6.66,95.90,5.25,0.00,1.26,160.90,0.08
250,2024-01-01 00:30:00,11.20,5.12,5.77,6.62,96.60,5.27,0.00,1.42,201.80,0.08
250,2024-01-01 00:45:00,11.07,5.63,5.65,6.45,96.00,5.07,0.00,1.21,173.70,0.09
250,2024-01-01 01:00:00,10.95,4.86,4.92,5.87,96.40,4.39,0.00,0.38,183.70,0.08
250,2024-01-01 01:15:00,10.84,4.47,4.79,5.41,96.70,4.31,0.00,0.22,248.00,0.08
250,2024-01-01 01:30:00,10.73,3.78,4.61,5.70,96.70,4.13,0.00,0.74,182.40,0.09
250,2024-01-01 01:45:00,10.62,3.88,4.71,5.93,97.10,4.29,0.00,0.76,218.10,0.09
250,2024-01-01 02:00:00,10.51,4.01,4.68,5.73,97.40,4.30,0.00,0.97,166.90,0.12
250,2024-01-01 02:15:00,10.41,3.88,4.37,5.66,97.00,3.93,0.00,0.90,152.30,0.09
250,2024-01-01 02:30:00,10.30,4.00,4.34,5.14,97.40,3.96,0.00,0.69,116.60,0.10
250,2024-01-01 02:45:00,10.20,3.38,3.53,4.90,96.80,3.07,0.00,0.76,150.90,0.10
250,2024-01-01 03:00:00,10.10,3.21,3.46,4.76,97.40,3.09,0.00,0.52,165.10,0.10
250,2024-01-01 03:15:00,10.00,3.17,3.62,4.53,97.60,3.27,0.00,0.87,147.50,0.10
250,2024-01-01 03:30:00,9.90,3.29,3.35,4.70,97.30,2.96,0.00,0.77,193.80,0.10
250,2024-01-01 03:45:00,9.81,3.26,3.55,4.05,97.80,3.23,0.00,0.49,234.80,0.10
250,2024-01-01 04:00:00,9.71,3.16,3.33,4.09,97.50,2.97,0.00,0.82,143.20,0.10
250,2024-01-01 04:15:00,9.62,3.05,3.42,4.15,97.90,3.12,0.00,0.73,140.70,0.10
250,2024-01-01 04:30:00,9.54,2.80,3.11,3.86,97.70,2.78,0.00,0.63,121.00,0.09
250,2024-01-01 04:45:00,9.45,2.94,3.36,3.81,98.10,3.09,0.00,0.32,51.60,0.10
250,2024-01-01 05:00:00,9.37,2.82,3.01,3.92,97.80,2.70,0.00,0.47,88.40,0.10
250,2024-01-01 05:15:00,9.29,2.41,3.18,3.90,98.30,2.94,0.00,0.56,111.40,0.10
250,2024-01-01 05:30:00,9.21,2.53,3.01,3.75,98.10,2.74,0.00,0.64,120.30,0.09
250,2024-01-01 05:45:00,9.13,2.39,2.77,3.57,98.30,2.53,0.00,0.50,245.30,0.10
250,2024-01-01 06:00:00,9.06,2.65,2.98,3.10,98.40,2.75,0.00,0.29,269.40,0.10
250,2024-01-01 06:15:00,8.98,2.35,2.76,3.15,98.50,2.54,0.00,0.63,184.30,0.09
250,2024-01-01 06:30:00,8.91,2.25,2.70,3.36,98.60,2.50,0.00,0.64,134.40,0.10
250,2024-01-01 06:45:00,8.84,2.55,2.78,3.24,98.50,2.57,0.00,0.68,111.20,0.10
250,2024-01-01 07:00:00,8.78,2.35,2.67,3.06,98.70,2.48,0.00,0.34,175.50,0.13
250,2024-01-01 07:15:00,8.73,2.63,2.81,3.15,98.70,2.63,0.00,0.66,205.50,0.79
250,2024-01-01 07:30:00,8.69,3.04,3.18,3.45,98.80,3.01,0.00,0.96,160.30,4.11
250,2024-01-01 07:45:00,8.69,3.48,3.55,3.71,98.80,3.38,0.00,0.80,126.90,10.58
250,2024-01-01 08:00:00,8.69,3.93,3.93,4.22,98.90,3.77,0.00,0.78,141.90,29.34
250,2024-01-01 08:15:00,8.72,4.49,4.55,4.78,99.10,4.42,0.00,0.68,102.10,52.75
250,2024-01-01 08:30:00,8.77,5.27,5.29,5.97,99.10,5.16,0.00,0.90,119.70,52.15
250,2024-01-01 08:45:00,8.83,6.15,7.30,7.21,99.80,7.27,0.00,0.76,145.70,172.60
250,2024-01-01 09:00:00,8.91,8.63,8.87,8.63,99.70,8.83,0.00,0.78,155.40,209.10
250,2024-01-01 09:15:00,9.10,10.69,9.60,10.37,99.00,9.45,0.00,0.78,192.50,229.30
250,2024-01-01 09:30:00,9.38,11.45,10.86,11.15,98.10,10.57,0.00,1.88,152.40,272.00
250,2024-01-01 09:45:00,9.74,13.03,12.76,12.49,96.50,12.22,0.00,2.67,162.80,322.20
250,2024-01-01 10:00:00,10.17,14.87,14.46,14.02,91.30,13.06,0.00,2.93,188.60,356.10
250,2024-01-01 10:15:00,10.67,16.02,15.96,15.16,81.10,12.72,0.00,3.82,199.10,386.40
250,2024-01-01 10:30:00,11.21,17.30,16.77,16.23,76.07,12.53,0.00,4.41,211.00,415.40
250,2024-01-01 10:45:00,11.78,18.17,17.29,16.94,74.38,12.69,0.00,4.36,228.10,443.80
250,2024-01-01 11:00:00,12.37,18.82,18.07,17.70,69.47,12.40,0.00,4.39,218.50,469.20
250,2024-01-01 11:15:00,12.96,19.52,18.97,18.25,64.47,12.12,0.00,6.37,263.90,492.80
250,2024-01-01 11:30:00,13.54,19.93,19.03,18.50,63.90,12.05,0.00,6.90,277.50,510.60
250,2024-01-01 11:45:00,14.09,20.16,19.57,18.88,63.56,12.48,0.00,6.53,263.90,534.10
250,2024-01-01 12:00:00,14.63,20.40,19.66,19.11,61.70,12.11,0.00,6.17,280.80,537.70
250,2024-01-01 12:15:00,15.14,21.02,19.87,19.70,59.12,11.66,0.00,6.75,304.40,477.20
250,2024-01-01 12:30:00,15.62,20.67,19.62,19.34,59.42,11.50,0.00,6.74,284.70,444.10
250,2024-01-01 12:45:00,16.01,20.90,20.15,19.55,57.82,11.59,0.00,6.78,297.00,524.40
250,2024-01-01 13:00:00,16.34,21.21,20.01,19.77,58.45,11.62,0.00,7.90,289.60,529.10
250,2024-01-01 13:15:00,16.65,21.29,20.01,20.01,57.20,11.29,0.00,7.15,292.10,512.60
250,2024-01-01 13:30:00,16.93,21.53,20.37,20.14,56.84,11.53,0.00,6.78,285.30,474.40
250,2024-01-01 13:45:00,17.20,21.72,20.99,20.42,53.86,11.30,0.00,7.88,289.00,475.20
250,2024-01-01 14:00:00,17.45,21.64,20.59,20.42,55.43,11.36,0.00,9.50,269.20,382.80
250,2024-01-01 14:15:00,17.65,20.80,20.24,20.10,56.52,11.33,0.00,7.90,279.00,187.10
250,2024-01-01 14:30:00,17.76,21.66,21.03,20.63,52.57,10.97,0.00,9.05,266.80,356.50
250,2024-01-01 14:45:00,17.82,22.22,21.27,20.96,52.77,11.25,0.00,9.48,261.80,444.20
250,2024-01-01 15:00:00,17.96,22.52,21.81,21.16,52.20,11.58,0.00,10.52,278.70,475.00
250,2024-01-01 15:15:00,18.16,22.08,20.68,21.05,54.90,11.30,0.00,13.34,261.50,291.90
250,2024-01-01 15:30:00,18.35,20.88,20.31,20.48,56.81,11.47,0.00,11.05,270.40,123.10
250,2024-01-01 15:45:00,18.41,20.74,20.31,20.40,58.43,11.90,0.00,6.89,281.20,111.30
250,2024-01-01 16:00:00,18.36,20.76,20.49,20.40,57.35,11.78,0.00,6.75,285.10,142.40
250,2024-01-01 16:15:00,18.28,20.70,20.00,20.31,58.05,11.51,0.00,10.92,263.10,138.50
250,2024-01-01 16:30:00,18.22,20.21,19.43,19.96,60.33,11.55,0.00,10.64,254.90,103.30
250,2024-01-01 16:45:00,18.13,19.81,19.77,19.68,59.16,11.58,0.00,10.27,258.30,111.00
250,2024-01-01 17:00:00,18.01,19.93,19.23,19.73,61.48,11.65,0.00,10.76,254.60,95.30
250,2024-01-01 17:15:00,17.89,19.21,18.91,19.34,63.21,11.77,0.00,8.37,245.90,67.09
250,2024-01-01 17:30:00,17.75,18.63,18.06,18.99,66.27,11.68,0.00,8.83,248.60,31.64
250,2024-01-01 17:45:00,17.59,17.20,17.18,18.45,69.23,11.50,0.00,6.26,250.70,6.61
250,2024-01-01 18:00:00,17.38,16.47,16.67,18.05,72.27,11.66,0.00,6.49,251.80,0.80
250,2024-01-01 18:15:00,17.15,15.44,16.31,17.62,73.90,11.65,0.00,5.53,253.60,0.11
250,2024-01-01 18:30:00,16.91,15.39,15.95,17.23,75.94,11.71,0.00,6.56,258.30,0.08
250,2024-01-01 18:45:00,16.67,15.73,15.79,16.93,76.50,11.67,0.00,6.87,251.70,0.08
250,2024-01-01 19:00:00,16.45,14.83,15.08,16.57,79.73,11.61,0.00,5.94,248.50,0.08
250,2024-01-01 19:15:00,16.25,14.00,14.66,16.30,81.40,11.51,0.00,5.13,243.10,0.08
250,2024-01-01 19:30:00,16.04,14.13,14.67,16.07,81.60,11.56,0.00,6.21,243.90,0.08
250,2024-01-01 19:45:00,15.83,14.08,14.49,15.86,81.60,11.38,0.00,5.85,247.70,0.08
250,2024-01-01 20:00:00,15.65,13.74,14.50,15.60,81.60,11.39,0.00,5.18,255.00,0.08
250,2024-01-01 20:15:00,15.47,13.50,14.07,15.41,82.50,11.14,0.00,4.96,257.30,0.08
250,2024-01-01 20:30:00,15.32,13.12,13.37,15.24,84.90,10.88,0.00,4.02,248.90,0.08
250,2024-01-01 20:45:00,15.18,12.63,13.50,15.01,85.60,11.14,0.00,3.49,256.90,0.08
250,2024-01-01 21:00:00,15.06,13.01,13.91,14.78,85.40,11.50,0.00,3.21,270.10,0.08
250,2024-01-01 21:15:00,14.95,13.43,14.05,14.72,85.20,11.60,0.00,3.20,275.90,0.08
250,2024-01-01 21:30:00,14.85,12.99,13.33,14.58,86.00,11.04,0.00,4.38,254.10,0.08
250,2024-01-01 21:45:00,14.73,12.55,13.53,14.42,88.30,11.63,0.00,3.80,265.10,0.08
250,2024-01-01 22:00:00,14.60,12.09,12.99,14.24,88.90,11.20,0.00,3.71,257.40,0.08
250,2024-01-01 22:15:00,14.46,11.40,12.51,14.09,89.90,10.90,0.00,3.62,253.40,0.08
250,2024-01-01 22:30:00,14.31,11.50,12.18,13.81,91.30,10.80,0.00,3.60,258.20,0.08
250,2024-01-01 22:45:00,14.16,11.49,12.35,13.76,92.60,11.19,0.00,5.01,255.70,0.08
250,2024-01-01 23:00:00,14.03,12.28,12.90,13.80,92.00,11.63,0.00,5.82,258.20,0.08
250,2024-01-01 23:15:00,13.92,12.88,13.17,13.88,91.50,11.82,0.00,6.44,261.70,0.08
250,2024-01-01 23:30:00,13.85,13.15,13.18,13.87,90.60,11.68,0.00,7.06,265.40,0.08
250,2024-01-01 23:45:00,13.79,13.24,13.28,13.86,90.10,11.69,0.00,7.63,265.90,0.08
250,2024-01-02 00:00:00,13.75,13.10,13.11,13.73,90.20,11.54,0.00,7.32,265.10,0.07
250,2024-01-02 00:15:00,13.70,13.29,13.48,13.81,87.80,11.50,0.00,6.54,282.90,0.08
250,2024-01-02 00:30:00,13.66,13.26,13.28,13.74,87.80,11.30,0.00,4.37,298.30,0.08
250,2024-01-02 00:45:00,13.61,13.24,13.16,13.64,86.40,10.94,0.00,4.33,315.80,0.08
250,2024-01-02 01:00:00,13.55,13.18,13.04,13.50,86.00,10.75,0.00,5.22,327.20,0.08
250,2024-01-02 01:15:00,13.49,12.99,12.85,13.28,85.70,10.51,0.00,5.19,338.10,0.08
250,2024-01-02 01:30:00,13.44,12.78,12.72,13.10,85.70,10.39,0.00,5.17,342.80,0.08
250,2024-01-02 01:45:00,13.38,12.69,12.57,13.02,83.30,9.82,0.00,5.80,343.70,0.08
250,2024-01-02 02:00:00,13.33,12.57,12.48,12.90,79.10,8.96,0.00,6.39,350.70,0.08
250,2024-01-02 02:15:00,13.27,12.44,12.34,12.81,77.25,8.47,0.00,5.97,346.90,0.08
250,2024-01-02 02:30:00,13.21,12.18,12.15,12.63,76.74,8.19,0.00,5.89,351.20,0.08
250,2024-01-02 02:45:00,13.14,11.84,11.78,12.36,77.37,7.95,0.00,5.59,354.70,0.08
250,2024-01-02 03:00:00,13.06,11.72,11.60,12.15,75.76,7.47,0.00,6.67,355.40,0.08
250,2024-01-02 03:15:00,12.96,11.45,11.37,11.92,75.04,7.11,0.00,6.86,353.20,0.08
250,2024-01-02 03:30:00,12.86,11.17,11.03,11.58,69.84,5.74,0.00,7.71,357.40,0.08
250,2024-01-02 03:45:00,12.76,10.92,10.85,11.29,67.84,5.15,0.00,6.66,8.14,0.08
250,2024-01-02 04:00:00,12.65,10.46,10.14,10.91,73.07,5.53,0.00,5.79,2.30,0.08
250,2024-01-02 04:15:00,12.53,10.21,10.11,10.57,67.37,4.34,0.00,9.29,4.70,0.08
250,2024-01-02 04:30:00,12.41,9.81,9.70,10.18,68.05,4.09,0.00,8.02,6.78,0.07
250,2024-01-02 04:45:00,12.28,9.38,9.16,9.72,69.60,3.90,0.00,7.90,3.61,0.08
250,2024-01-02 05:00:00,12.15,8.96,8.81,9.28,69.53,3.55,0.00,7.54,14.21,0.08
250,2024-01-02 05:15:00,12.02,8.51,8.36,8.84,71.17,3.44,0.00,6.46,9.82,0.08
250,2024-01-02 05:30:00,11.88,8.06,7.95,8.45,69.37,2.69,0.00,6.20,12.45,0.08
250,2024-01-02 05:45:00,11.73,7.81,7.68,8.14,69.33,2.42,0.00,7.33,15.22,0.08
250,2024-01-02 06:00:00,11.58,7.46,7.36,7.80,70.28,2.31,0.00,6.25,13.99,0.08
250,2024-01-02 06:15:00,11.43,6.96,6.82,7.33,71.17,1.96,0.00,5.93,8.55,0.08
250,2024-01-02 06:30:00,11.29,6.56,6.39,6.93,72.08,1.73,0.00,6.01,10.76,0.08
250,2024-01-02 06:45:00,11.13,6.28,6.24,6.66,72.41,1.64,0.00,5.82,10.24,0.08
250,2024-01-02 07:00:00,10.98,6.09,6.04,6.49,72.99,1.56,0.00,5.40,6.82,0.10
250,2024-01-02 07:15:00,10.84,5.75,5.74,6.20,73.64,1.40,0.00,5.78,6.40,0.58
250,2024-01-02 07:30:00,10.70,5.74,5.71,6.05,70.83,0.83,0.00,5.28,14.04,4.36
250,2024-01-02 07:45:00,10.56,5.71,5.68,6.00,70.53,0.74,0.00,5.96,9.65,11.43
250,2024-01-02 08:00:00,10.42,5.76,5.81,6.20,71.03,0.96,0.00,6.03,7.25,17.51
250,2024-01-02 08:15:00,10.31,6.02,5.90,6.30,67.82,0.41,0.00,7.12,11.55,21.91
250,2024-01-02 08:30:00,10.21,6.12,5.94,6.29,68.17,0.52,0.00,6.76,9.75,27.27
250,2024-01-02 08:45:00,10.14,6.43,6.78,6.51,68.00,1.28,0.00,4.68,16.02,163.00
250,2024-01-02 09:00:00,10.10,7.39,6.74,6.68,64.75,0.58,0.00,5.65,11.69,211.50
250,2024-01-02 09:15:00,10.16,7.53,6.94,6.65,63.66,0.53,0.00,7.08,9.03,252.80
250,2024-01-02 09:30:00,10.32,7.85,7.22,6.85,62.14,0.46,0.00,6.40,7.57,292.40
250,2024-01-02 09:45:00,10.54,8.26,7.90,7.23,62.12,1.10,0.00,27.39,13.26,331.40
250,2024-01-02 10:00:00,10.81,8.60,7.84,7.56,62.76,1.18,0.00,4.93,19.56,369.00
250,2024-01-02 10:15:00,11.13,9.01,8.17,7.76,61.32,1.17,0.00,5.32,16.73,403.60
250,2024-01-02 10:30:00,11.49,9.37,8.68,7.98,61.91,1.79,0.00,5.01,8.59,435.00
250,2024-01-02 10:45:00,11.87,9.68,9.09,8.38,61.39,2.06,0.00,5.84,8.15,463.10
250,2024-01-02 11:00:00,12.26,10.33,9.39,9.00,61.12,2.28,0.00,4.55,22.42,489.90
250,2024-01-02 11:15:00,12.66,11.52,10.48,9.45,57.40,2.42,0.00,4.56,3.43,507.80
250,2024-01-02 11:30:00,13.08,11.74,10.89,10.04,55.93,2.44,0.06,5.22,6.59,530.00
250,2024-01-02 11:45:00,13.47,12.56,11.37,10.59,56.44,3.02,0.00,5.69,3.75,546.60
250,2024-01-02 12:00:00,13.86,12.68,11.63,11.01,54.89,2.87,0.00,4.32,17.66,559.70
250,2024-01-02 12:15:00,14.23,13.36,12.35,11.86,54.08,3.33,0.00,4.37,21.00,509.00
250,2024-01-02 12:30:00,14.59,13.27,12.32,12.06,56.15,3.83,0.00,3.89,13.30,571.90
250,2024-01-02 12:45:00,14.92,13.90,12.69,12.44,56.36,4.23,0.00,5.93,4.53,571.40
250,2024-01-02 13:00:00,15.20,14.24,13.62,12.70,56.19,5.06,0.00,4.83,8.47,564.70
250,2024-01-02 13:15:00,15.42,14.97,13.75,13.40,53.88,4.58,0.00,4.84,9.23,561.20
250,2024-01-02 13:30:00,15.62,15.30,14.60,13.80,52.01,4.86,0.00,4.33,0.26,553.30
250,2024-01-02 13:45:00,15.80,15.54,14.76,14.10,50.98,4.72,0.00,6.35,359.50,540.50
250,2024-01-02 14:00:00,15.98,15.74,14.40,14.26,49.97,4.10,0.00,5.51,20.77,518.00
250,2024-01-02 14:15:00,16.15,15.60,14.53,14.14,50.65,4.42,0.00,6.32,349.00,501.20
250,2024-01-02 14:30:00,16.33,15.55,14.79,14.16,50.04,4.48,0.00,6.38,343.00,475.40
250,2024-01-02 14:45:00,16.52,15.91,14.67,14.51,48.91,4.05,0.00,6.64,351.60,450.80
250,2024-01-02 15:00:00,16.70,16.20,14.94,14.75,47.32,3.82,0.00,6.68,354.20,420.60
250,2024-01-02 15:15:00,16.86,15.89,15.05,14.76,46.90,3.80,0.00,6.02,2.05,382.60
250,2024-01-02 15:30:00,16.99,15.96,15.00,14.83,46.72,3.70,0.00,6.01,349.80,307.80
250,2024-01-02 15:45:00,17.08,16.13,14.90,15.07,47.62,3.88,0.00,5.08,351.70,270.90
250,2024-01-02 16:00:00,17.12,15.96,15.08,15.05,45.99,3.55,0.00,4.43,15.16,247.30
250,2024-01-02 16:15:00,17.12,15.69,14.94,14.89,47.59,3.91,0.00,4.57,3.01,187.10
250,2024-01-02 16:30:00,17.08,15.44,14.83,14.76,48.10,3.96,0.00,4.54,358.80,148.30
250,2024-01-02 16:45:00,16.98,15.72,14.88,14.95,48.67,4.17,0.00,3.54,354.90,144.10
250,2024-01-02 17:00:00,16.85,15.49,14.43,14.89,48.91,3.83,0.00,3.47,345.70,100.30
250,2024-01-02 17:15:00,16.71,14.73,14.13,14.44,51.53,4.29,0.00,2.97,352.90,69.12
250,2024-01-02 17:30:00,16.52,14.31,13.36,14.26,55.63,4.67,0.00,1.94,6.77,42.49
250,2024-01-02 17:45:00,16.31,12.38,11.85,13.17,62.00,4.81,0.00,1.48,32.40,7.18
250,2024-01-02 18:00:00,16.05,10.72,11.19,12.29,63.02,4.41,0.00,2.97,39.35,0.83
250,2024-01-02 18:15:00,15.77,10.57,10.49,12.10,66.08,4.43,0.00,2.70,28.81,0.11
250,2024-01-02 18:30:00,15.49,9.81,10.57,11.78,67.31,4.77,0.00,2.85,36.81,0.08
250,2024-01-02 18:45:00,15.20,9.84,10.18,11.51,68.81,4.71,0.00,2.72,38.25,0.08
250,2024-01-02 19:00:00,14.93,9.09,9.21,11.02,71.91,4.41,0.00,1.63,38.47,0.07
250,2024-01-02 19:15:00,14.67,7.83,8.12,9.48,75.54,4.06,0.00,0.82,134.70,0.08
250,2024-01-02 19:30:00,14.41,6.88,7.21,8.24,82.10,4.36,0.00,0.33,166.00,0.08
250,2024-01-02 19:45:00,14.18,6.40,6.83,7.74,84.70,4.44,0.00,1.07,102.10,0.09
250,2024-01-02 20:00:00,13.94,5.93,6.83,8.31,86.40,4.72,0.00,1.90,68.74,0.09
250,2024-01-02 20:15:00,13.70,6.37,7.72,8.83,84.40,5.26,0.00,2.76,60.61,0.09
250,2024-01-02 20:30:00,13.48,7.57,8.23,9.03,81.50,5.25,0.00,2.77,86.50,0.08
250,2024-01-02 20:45:00,13.28,8.00,8.02,8.82,81.40,5.03,0.00,2.97,72.88,0.09
250,2024-01-02 21:00:00,13.10,7.67,7.99,8.53,83.80,5.42,0.00,4.30,58.11,0.09
250,2024-01-02 21:15:00,12.94,8.11,8.20,8.59,84.00,5.66,0.00,6.37,59.37,0.09
250,2024-01-02 21:30:00,12.78,8.29,8.22,8.57,84.30,5.73,0.00,6.68,68.63,0.09
250,2024-01-02 21:45:00,12.65,8.17,7.97,8.45,84.90,5.59,0.00,4.69,84.90,0.09
250,2024-01-02 22:00:00,12.54,7.89,7.71,8.19,85.20,5.38,0.00,3.05,114.20,0.09
250,2024-01-02 22:15:00,12.42,7.34,7.30,7.80,87.10,5.29,0.00,1.76,147.00,0.09
250,2024-01-02 22:30:00,12.31,5.72,5.65,7.50,88.40,3.89,0.00,2.29,200.50,0.09
250,2024-01-02 22:45:00,12.20,4.76,4.96,7.03,90.80,3.58,0.00,2.99,258.60,0.09
250,2024-01-02 23:00:00,12.08,5.26,5.67,6.43,92.20,4.50,0.00,1.93,233.60,0.09
250,2024-01-02 23:15:00,11.95,5.65,5.79,6.32,92.50,4.67,0.00,0.71,214.10,0.08
250,2024-01-02 23:30:00,11.84,5.46,5.70,6.21,92.90,4.64,0.00,0.79,52.28,0.09
250,2024-01-02 23:45:00,11.73,5.22,5.09,6.00,92.80,4.02,0.00,0.81,72.50,0.09
250,2024-01-03 00:00:00,11.63,4.68,4.91,5.29,93.70,3.98,0.00,0.35,32.19,0.08
250,2024-01-03 00:15:00,11.52,4.44,4.44,4.94,93.70,3.51,0.00,0.27,102.30,0.09
250,2024-01-03 00:30:00,11.42,4.15,4.36,4.87,94.10,3.49,0.00,0.50,336.50,0.09
250,2024-01-03 00:45:00,11.32,3.97,4.47,5.00,94.80,3.71,0.00,1.55,328.50,0.09
250,2024-01-03 01:00:00,11.22,4.17,4.31,4.85,95.10,3.60,0.00,1.28,1.81,0.09
250,2024-01-03 01:15:00,11.12,4.09,4.20,4.66,95.50,3.54,0.00,0.50,68.97,0.08
250,2024-01-03 01:30:00,11.03,4.13,4.13,4.62,95.50,3.47,0.00,0.84,134.30,0.09
250,2024-01-03 01:45:00,10.95,4.00,4.03,4.49,95.80,3.42,0.00,0.48,15.06,0.09
250,2024-01-03 02:00:00,10.86,3.43,3.97,4.43,96.10,3.41,0.00,1.19,251.20,0.09
250,2024-01-03 02:15:00,10.78,3.33,3.96,4.50,96.40,3.44,0.00,0.65,234.70,0.09
250,2024-01-03 02:30:00,10.69,3.70,3.90,4.36,96.50,3.40,0.00,0.76,104.40,0.08
250,2024-01-03 02:45:00,10.62,3.66,3.55,4.35,96.30,3.02,0.00,0.51,104.60,0.09
250,2024-01-03 03:00:00,10.54,3.45,3.56,4.26,96.90,3.12,0.00,1.14,201.50,0.08
250,2024-01-03 03:15:00,10.46,3.39,3.61,4.33,96.80,3.14,0.00,1.45,270.60,0.09
250,2024-01-03 03:30:00,10.39,3.43,3.63,4.34,97.20,3.23,0.00,0.42,294.50,0.08
250,2024-01-03 03:45:00,10.32,3.35,3.59,4.19,97.20,3.19,0.00,0.63,309.50,0.09
250,2024-01-03 04:00:00,10.25,3.24,3.45,3.98,97.40,3.07,0.00,0.74,319.10,0.09
250,2024-01-03 04:15:00,10.19,3.20,2.87,4.08,96.10,2.31,0.00,1.09,282.70,0.08
250,2024-01-03 04:30:00,10.12,3.16,3.56,4.36,97.40,3.19,0.00,1.08,8.41,0.09
250,2024-01-03 04:45:00,10.06,3.53,3.70,4.60,97.40,3.33,0.00,1.15,140.10,0.09
250,2024-01-03 05:00:00,9.99,3.39,3.65,4.16,97.50,3.29,0.00,1.01,181.30,0.09
250,2024-01-03 05:15:00,9.93,3.32,3.43,4.08,97.50,3.07,0.00,0.75,165.10,0.09
250,2024-01-03 05:30:00,9.87,3.42,3.58,4.17,97.60,3.23,0.00,0.99,200.90,0.09
250,2024-01-03 05:45:00,9.80,3.37,3.45,4.05,97.60,3.10,0.00,0.91,84.40,0.09
250,2024-01-03 06:00:00,9.74,3.30,3.39,4.05,97.60,3.05,0.00,0.87,129.00,0.08
250,2024-01-03 06:15:00,9.69,3.17,3.15,3.69,97.50,2.79,0.00,0.88,254.30,0.09
250,2024-01-03 06:30:00,9.63,2.66,3.23,3.84,97.90,2.93,0.00,0.93,303.00,0.08
250,2024-01-03 06:45:00,9.57,3.27,3.36,3.79,97.90,3.06,0.00,1.22,354.20,0.09
250,2024-01-03 07:00:00,9.53,3.42,3.51,3.97,98.00,3.22,0.00,1.38,352.00,0.09
250,2024-01-03 07:15:00,9.49,3.55,3.49,4.06,97.90,3.19,0.00,1.06,353.30,0.47
250,2024-01-03 07:30:00,9.44,3.57,3.66,4.07,98.10,3.39,0.00,0.62,78.18,1.72
250,2024-01-03 07:45:00,9.41,3.49,3.65,4.03,98.00,3.36,0.00,0.48,325.40,11.79
250,2024-01-03 08:00:00,9.38,3.75,4.04,4.24,98.50,3.82,0.00,0.62,347.40,30.75
250,2024-01-03 08:15:00,9.37,4.63,4.71,4.79,98.60,4.51,0.00,0.51,4.16,55.39
250,2024-01-03 08:30:00,9.39,5.45,5.45,5.52,98.70,5.27,0.00,0.37,154.90,76.45
250,2024-01-03 08:45:00,9.45,6.47,6.49,6.32,98.80,6.31,0.00,0.53,109.10,109.90
250,2024-01-03 09:00:00,9.55,7.95,7.64,7.66,98.70,7.45,0.00,1.21,52.35,162.40
250,2024-01-03 09:15:00,9.69,9.15,8.53,8.55,97.00,8.08,0.00,2.50,44.29,193.60
250,2024-01-03 09:30:00,9.89,9.92,9.41,9.37,94.70,8.60,0.00,3.52,52.30,241.10
250,2024-01-03 09:45:00,10.15,10.65,10.48,10.13,90.90,9.06,0.00,2.64,56.83,216.10
250,2024-01-03 10:00:00,10.45,11.13,10.82,10.49,84.60,8.33,0.00,5.19,65.42,238.40
250,2024-01-03 10:15:00,10.76,11.73,11.49,11.04,81.60,8.45,0.00,4.88,63.39,271.30
250,2024-01-03 10:30:00,11.09,12.89,12.38,11.97,77.95,8.64,0.00,5.15,71.78,359.40
250,2024-01-03 10:45:00,11.47,14.22,14.04,13.19,69.61,8.57,0.00,3.09,68.34,453.70
250,2024-01-03 11:00:00,11.94,15.30,14.36,14.35,64.35,7.72,0.00,2.99,122.50,411.30
250,2024-01-03 11:15:00,12.46,15.51,14.59,14.68,61.39,7.25,0.00,2.76,129.80,341.80
250,2024-01-03 11:30:00,12.92,15.89,15.45,15.14,60.45,7.84,0.00,2.45,128.00,469.50
250,2024-01-03 11:45:00,13.35,16.78,16.00,15.99,59.80,8.19,0.00,2.58,131.90,423.90
250,2024-01-03 12:00:00,13.81,16.98,16.16,16.06,61.41,8.74,0.00,3.23,104.90,424.50
250,2024-01-03 12:15:00,14.20,17.68,17.07,16.44,60.20,9.30,0.00,3.92,103.70,500.80
250,2024-01-03 12:30:00,14.65,17.68,16.60,16.63,63.72,9.70,0.00,4.65,99.00,421.30
250,2024-01-03 12:45:00,15.07,17.62,16.78,16.89,62.93,9.69,0.00,3.61,147.90,341.50
250,2024-01-03 13:00:00,15.37,17.60,16.96,16.86,62.03,9.64,0.00,3.93,145.40,359.30
250,2024-01-03 13:15:00,15.58,17.99,17.50,17.12,63.31,10.46,0.00,4.43,114.50,422.20
250,2024-01-03 13:30:00,15.79,18.83,18.14,17.86,61.72,10.68,0.00,3.52,128.10,436.50
250,2024-01-03 13:45:00,16.03,19.07,18.28,18.13,62.15,10.92,0.00,4.57,145.00,512.00
250,2024-01-03 14:00:00,16.29,19.07,17.76,18.28,62.75,10.57,0.00,5.05,133.90,353.80
250,2024-01-03 14:15:00,16.54,18.70,18.21,17.99,62.62,10.97,0.00,5.57,146.50,398.10
250,2024-01-03 14:30:00,16.74,19.05,18.23,18.37,62.00,10.83,0.00,5.22,134.90,334.80
250,2024-01-03 14:45:00,16.92,18.36,18.07,17.98,62.85,10.89,0.00,8.65,170.40,224.70
250,2024-01-03 15:00:00,17.03,18.81,18.67,18.13,61.46,11.12,0.00,8.20,194.90,260.90
250,2024-01-03 15:15:00,17.11,18.97,18.70,18.29,60.44,10.89,0.00,7.63,192.90,243.70
250,2024-01-03 15:30:00,17.20,18.96,18.48,18.41,60.50,10.70,0.00,7.54,189.30,195.80
250,2024-01-03 15:45:00,17.28,18.65,18.24,18.33,60.11,10.38,0.00,7.71,180.40,134.00
250,2024-01-03 16:00:00,17.28,18.56,18.11,18.27,60.96,10.47,0.00,7.15,190.70,116.30
250,2024-01-03 16:15:00,17.24,18.32,17.89,18.09,62.08,10.53,0.00,6.02,201.30,81.60
250,2024-01-03 16:30:00,17.18,18.03,17.56,17.90,63.79,10.63,0.00,6.46,204.50,42.30
250,2024-01-03 16:45:00,17.09,17.61,17.18,17.70,66.91,10.98,0.00,4.63,203.80,23.74
250,2024-01-03 17:00:00,16.98,17.40,17.09,17.50,66.93,10.90,0.00,1.69,181.70,23.92
250,2024-01-03 17:15:00,16.86,16.88,16.39,17.16,71.31,11.19,0.00,1.06,97.70,6.16
250,2024-01-03 17:30:00,16.73,15.79,15.44,16.23,78.48,11.72,0.00,1.36,62.32,2.45
250,2024-01-03 17:45:00,16.58,14.98,14.66,15.37,85.30,12.22,0.00,0.98,118.60,1.38
250,2024-01-03 18:00:00,16.41,14.44,14.13,14.88,88.80,12.31,0.01,1.04,71.11,0.30
250,2024-01-03 18:15:00,16.25,14.17,13.98,14.47,91.10,12.55,0.00,1.22,117.80,0.09
250,2024-01-03 18:30:00,16.11,13.96,13.67,14.13,92.90,12.54,0.01,1.33,72.19,0.08
250,2024-01-03 18:45:00,15.97,13.76,13.47,13.84,93.80,12.49,0.00,1.80,76.01,0.08
250,2024-01-03 19:00:00,15.83,13.63,13.41,13.68,94.50,12.55,0.00,0.87,104.70,0.08
250,2024-01-03 19:15:00,15.70,13.52,13.33,13.76,95.00,12.55,0.00,1.46,234.80,0.08
250,2024-01-03 19:30:00,15.58,13.71,13.47,13.80,95.30,12.73,0.00,2.22,169.70,0.08
250,2024-01-03 19:45:00,15.48,13.74,13.46,13.74,95.60,12.77,0.00,1.79,340.10,0.08
250,2024-01-03 20:00:00,15.39,13.63,13.37,13.66,95.90,12.73,0.01,3.04,243.90,0.08
250,2024-01-03 20:15:00,15.31,13.59,13.38,13.56,96.30,12.80,0.00,1.92,278.30,0.08
250,2024-01-03 20:30:00,15.24,13.56,13.28,13.53,96.20,12.69,0.00,1.78,280.70,0.08
250,2024-01-03 20:45:00,15.17,13.50,13.28,13.50,96.50,12.74,0.00,2.13,92.10,0.07
250,2024-01-03 21:00:00,15.10,13.53,13.27,13.53,96.60,12.74,0.00,3.46,106.10,0.08
250,2024-01-03 21:15:00,15.04,13.50,13.26,13.50,96.60,12.73,0.00,2.08,74.54,0.07
250,2024-01-03 21:30:00,14.97,13.39,13.09,13.39,96.60,12.56,0.00,2.14,12.46,0.07
250,2024-01-03 21:45:00,14.90,13.31,13.17,13.33,97.00,12.70,0.00,2.57,69.68,0.08
250,2024-01-03 22:00:00,14.84,13.41,13.26,13.45,97.00,12.79,0.00,2.18,70.98,0.08
250,2024-01-03 22:15:00,14.78,13.47,13.23,13.48,97.00,12.76,0.00,2.87,95.70,0.08
250,2024-01-03 22:30:00,14.73,13.54,13.28,13.50,97.00,12.81,0.00,2.81,76.36,0.08
250,2024-01-03 22:45:00,14.68,13.55,13.33,13.51,97.00,12.86,0.01,2.41,30.71,0.08
250,2024-01-03 23:00:00,14.65,13.64,13.46,13.61,97.10,13.01,0.00,4.88,5.93,0.07
250,2024-01-03 23:15:00,14.61,13.71,13.46,13.66,97.10,13.01,0.01,5.09,15.19,0.08
250,2024-01-03 23:30:00,14.59,13.71,13.50,13.65,97.20,13.06,0.00,2.25,10.91,0.08
250,2024-01-03 23:45:00,14.56,13.70,13.38,13.63,97.20,12.95,0.00,3.27,28.19,0.08
250,2024-01-04 00:00:00,14.54,13.61,13.37,13.56,97.30,12.95,0.00,2.78,32.90,0.08
250,2024-01-04 00:15:00,14.51,13.65,13.40,13.58,97.30,12.98,0.01,1.72,302.00,0.07
250,2024-01-04 00:30:00,14.49,13.57,13.31,13.52,97.40,12.91,0.01,2.73,86.50,0.08
250,2024-01-04 00:45:00,14.48,13.47,13.21,13.40,97.50,12.82,0.00,2.97,80.00,0.07
250,2024-01-04 01:00:00,14.45,13.31,13.00,13.29,97.50,12.61,0.00,2.32,54.35,0.08
250,2024-01-04 01:15:00,14.41,13.30,13.09,13.25,97.60,12.72,0.00,2.31,31.55,0.07
250,2024-01-04 01:30:00,14.38,13.37,13.14,13.29,97.60,12.77,0.00,2.88,52.08,0.08
250,2024-01-04 01:45:00,14.36,13.36,13.07,13.26,97.70,12.71,0.00,2.56,47.13,0.08
250,2024-01-04 02:00:00,14.35,13.29,12.99,13.18,97.60,12.62,0.00,2.44,33.15,0.08
250,2024-01-04 02:15:00,14.34,13.20,12.87,13.09,97.60,12.50,0.00,3.96,43.88,0.08
250,2024-01-04 02:30:00,14.32,13.08,12.76,12.96,97.70,12.41,0.02,3.31,37.96,0.08
250,2024-01-04 02:45:00,14.29,12.89,12.57,12.77,97.70,12.22,0.00,4.16,23.96,0.08
250,2024-01-04 03:00:00,14.26,12.72,12.42,12.58,97.80,12.08,0.00,3.70,26.19,0.08
250,2024-01-04 03:15:00,14.23,12.56,12.21,12.42,97.70,11.86,0.01,5.65,9.20,0.08
250,2024-01-04 03:30:00,14.19,12.38,12.01,12.24,97.60,11.64,0.00,6.62,15.82,0.07
250,2024-01-04 03:45:00,14.14,12.15,11.77,12.01,97.60,11.40,0.00,5.81,16.50,0.07
250,2024-01-04 04:00:00,14.08,11.17,10.47,10.99,97.60,10.11,0.00,10.18,356.90,0.07
250,2024-01-04 04:15:00,13.99,10.39,9.93,10.21,97.60,9.57,0.00,9.24,4.95,0.08
250,2024-01-04 04:30:00,13.86,9.88,9.32,9.68,97.60,8.96,0.00,9.56,5.93,0.08
250,2024-01-04 04:45:00,13.71,9.39,8.92,9.21,97.60,8.56,0.00,9.97,9.27,0.07
250,2024-01-04 05:00:00,13.55,9.21,8.78,9.04,97.30,8.38,0.00,7.59,14.36,0.07
250,2024-01-04 05:15:00,13.39,8.97,8.60,8.79,97.20,8.18,0.00,7.99,8.45,0.08
250,2024-01-04 05:30:00,13.23,8.92,8.68,8.74,97.20,8.26,0.00,5.13,17.24,0.07
250,2024-01-04 05:45:00,13.10,8.95,8.67,8.77,97.00,8.22,0.00,4.95,1.22,0.07
250,2024-01-04 06:00:00,12.99,8.93,8.58,8.74,97.00,8.13,0.00,4.31,13.14,0.08
250,2024-01-04 06:15:00,12.90,8.81,8.53,8.62,97.10,8.10,0.00,3.26,34.17,0.08
250,2024-01-04 06:30:00,12.81,8.65,8.39,8.47,97.20,7.97,0.00,3.29,29.80,0.07
250,2024-01-04 06:45:00,12.73,8.70,8.40,8.50,97.10,7.97,0.00,4.98,6.10,0.07
250,2024-01-04 07:00:00,12.66,8.57,8.25,8.39,97.10,7.82,0.00,6.48,15.80,0.08
250,2024-01-04 07:15:00,12.57,8.49,8.17,8.31,97.00,7.72,0.00,6.16,7.09,0.23
250,2024-01-04 07:30:00,12.48,8.38,8.12,8.20,97.30,7.72,0.00,6.67,15.45,0.89
250,2024-01-04 07:45:00,12.40,8.31,7.96,8.12,97.30,7.56,0.00,6.16,8.32,2.97
250,2024-01-04 08:00:00,12.31,8.31,8.00,8.09,97.30,7.60,0.00,5.44,10.20,24.72
250,2024-01-04 08:15:00,12.25,8.39,8.02,8.16,97.00,7.57,0.00,4.65,14.89,52.00
250,2024-01-04 08:30:00,12.19,8.55,8.40,8.59,96.70,7.91,0.00,3.45,18.80,47.06
250,2024-01-04 08:45:00,12.12,9.11,8.92,9.01,94.70,8.12,0.00,5.40,355.60,218.70
250,2024-01-04 09:00:00,12.09,9.25,8.74,8.78,92.50,7.59,0.00,7.10,352.40,166.50
250,2024-01-04 09:15:00,12.14,9.80,9.54,9.12,87.40,7.55,0.00,6.68,1.62,258.00
250,2024-01-04 09:30:00,12.22,10.27,9.82,9.46,83.10,7.09,0.00,6.63,0.34,289.20
250,2024-01-04 09:45:00,12.38,10.44,10.16,9.62,79.00,6.68,0.00,7.62,355.40,321.90
250,2024-01-04 10:00:00,12.58,10.92,10.51,9.96,75.29,6.32,0.00,7.19,356.30,353.80
250,2024-01-04 10:15:00,12.80,11.35,10.85,10.30,72.78,6.16,0.00,6.58,8.29,387.00
250,2024-01-04 10:30:00,13.07,11.82,11.39,10.58,71.21,6.36,0.00,6.63,4.64,419.10
250,2024-01-04 10:45:00,13.36,11.98,11.22,10.78,68.24,5.58,0.00,8.14,355.50,449.00
250,2024-01-04 11:00:00,13.66,12.24,11.85,10.89,67.39,6.01,0.00,8.46,353.10,475.30
250,2024-01-04 11:15:00,13.95,12.57,11.87,11.25,66.93,5.93,0.00,8.82,0.31,498.50
250,2024-01-04 11:30:00,14.25,12.91,12.44,11.64,66.18,6.31,0.00,9.05,0.28,518.30
250,2024-01-04 11:45:00,14.54,13.43,13.03,12.10,65.45,6.71,0.00,7.05,359.40,535.30
250,2024-01-04 12:00:00,14.83,14.13,13.34,12.64,65.48,7.01,0.00,6.39,7.93,548.60
250,2024-01-04 12:15:00,15.13,14.32,13.58,12.84,65.00,7.13,0.00,8.88,358.70,497.60
250,2024-01-04 12:30:00,15.40,14.74,14.15,13.31,60.98,6.74,0.00,8.42,359.00,562.50
250,2024-01-04 12:45:00,15.61,15.22,14.42,13.75,58.77,6.46,0.00,7.03,9.43,564.80
250,2024-01-04 13:00:00,15.82,15.57,14.74,14.17,58.36,6.65,0.00,5.93,17.39,563.30
250,2024-01-04 13:15:00,15.99,15.99,15.41,14.50,56.88,6.91,0.00,5.69,15.21,557.00
250,2024-01-04 13:30:00,16.15,15.89,14.59,14.57,53.32,5.21,0.00,6.74,29.24,547.40
250,2024-01-04 13:45:00,16.29,15.92,14.87,14.57,54.83,5.87,0.00,6.26,20.12,534.00
250,2024-01-04 14:00:00,16.40,16.35,15.27,15.00,52.31,5.56,0.00,7.22,34.50,516.90
250,2024-01-04 14:15:00,16.52,16.50,16.03,15.15,49.58,5.49,0.00,6.78,22.35,496.70
250,2024-01-04 14:30:00,16.64,16.82,15.88,15.57,50.22,5.54,0.00,6.54,2.33,472.80
250,2024-01-04 14:45:00,16.77,16.80,15.93,15.64,52.00,6.09,0.00,5.99,34.30,446.20
250,2024-01-04 15:00:00,16.90,17.03,16.56,15.97,51.07,6.41,0.00,5.86,39.15,416.20
250,2024-01-04 15:15:00,17.02,16.87,16.23,15.82,52.43,6.49,0.00,6.42,39.95,383.40
250,2024-01-04 15:30:00,17.12,16.84,16.31,15.95,49.79,5.81,0.00,5.46,35.98,348.90
250,2024-01-04 15:45:00,17.19,16.69,15.99,15.89,46.88,4.65,0.00,7.72,41.31,311.60
250,2024-01-04 16:00:00,17.23,16.83,16.49,16.10,47.06,5.16,0.00,5.53,42.11,272.00
250,2024-01-04 16:15:00,17.20,16.73,16.37,15.95,48.40,5.46,0.00,6.27,47.07,231.60
250,2024-01-04 16:30:00,17.16,16.64,16.12,16.01,50.45,5.83,0.00,4.71,39.19,190.60
250,2024-01-04 16:45:00,17.07,16.76,15.92,16.14,49.65,5.41,0.00,4.01,33.29,150.60
250,2024-01-04 17:00:00,16.96,16.46,15.68,16.00,49.06,5.02,0.00,3.07,27.29,111.70
250,2024-01-04 17:15:00,16.81,15.98,15.27,15.76,52.59,5.64,0.00,2.96,37.90,76.23
250,2024-01-04 17:30:00,16.62,15.07,14.44,15.22,55.54,5.66,0.00,3.44,51.05,41.39
250,2024-01-04 17:45:00,16.39,13.40,12.90,14.15,62.87,6.00,0.00,2.61,61.07,6.28
250,2024-01-04 18:00:00,16.12,12.18,12.08,13.16,66.87,6.11,0.00,1.23,33.64,1.18
250,2024-01-04 18:15:00,15.84,11.07,11.00,12.29,71.54,6.06,0.00,1.78,5.14,0.13
250,2024-01-04 18:30:00,15.54,9.94,9.94,11.21,74.29,5.58,0.00,1.56,354.90,0.08
250,2024-01-04 18:45:00,15.26,8.89,9.43,10.29,79.82,6.12,0.00,0.52,169.60,0.07
250,2024-01-04 19:00:00,14.98,8.35,8.70,9.53,83.50,6.06,0.00,0.69,342.40,0.08
250,2024-01-04 19:15:00,14.70,7.99,8.50,9.14,84.20,5.99,0.00,0.87,100.70,0.08
250,2024-01-04 19:30:00,14.45,7.49,7.65,8.84,86.80,5.59,0.00,0.57,106.60,0.07
250,2024-01-04 19:45:00,14.19,6.86,7.31,8.16,88.50,5.54,0.00,0.47,226.80,0.08
250,2024-01-04 20:00:00,13.95,6.40,7.05,7.64,90.20,5.56,0.00,0.34,41.80,0.08
250,2024-01-04 20:15:00,13.71,6.07,6.49,7.30,90.50,5.05,0.00,0.58,3.59,0.08
250,2024-01-04 20:30:00,13.49,5.63,6.46,7.09,91.40,5.16,0.00,0.81,10.17,0.08
250,2024-01-04 20:45:00,13.27,5.70,6.15,6.92,92.50,5.03,0.00,1.02,55.11,0.08
250,2024-01-04 21:00:00,13.06,5.78,6.04,6.88,92.50,4.91,0.00,1.35,127.50,0.09
250,2024-01-04 21:15:00,12.85,5.54,5.68,6.84,93.70,4.75,0.00,1.99,196.30,0.08
250,2024-01-04 21:30:00,12.65,5.52,5.72,6.80,93.90,4.82,0.00,0.97,172.90,0.08
250,2024-01-04 21:45:00,12.47,5.06,5.47,6.27,94.20,4.61,0.00,0.50,349.90,0.09
250,2024-01-04 22:00:00,12.29,4.33,4.81,6.06,94.30,3.97,0.00,0.66,313.80,0.09
250,2024-01-04 22:15:00,12.10,4.45,5.15,6.09,94.80,4.38,0.00,1.43,340.00,0.08
250,2024-01-04 22:30:00,11.92,4.33,4.75,5.94,95.10,4.03,0.00,0.92,0.26,0.08
250,2024-01-04 22:45:00,11.76,4.26,4.78,5.39,95.90,4.18,0.00,0.34,355.90,0.09
250,2024-01-04 23:00:00,11.60,4.13,4.55,5.44,95.50,3.90,0.00,0.67,354.50,0.07
250,2024-01-04 23:15:00,11.44,3.86,4.45,5.11,96.20,3.90,0.00,0.37,140.00,0.08
250,2024-01-04 23:30:00,11.29,3.80,4.55,5.02,96.30,4.02,0.00,0.77,241.90,0.08
250,2024-01-04 23:45:00,11.15,3.84,4.34,5.25,96.30,3.80,0.00,0.68,208.70,0.08
250,2024-01-05 00:00:00,11.01,3.66,4.04,5.17,96.20,3.49,0.00,0.54,131.10,0.08
250,2024-01-05 00:15:00,10.88,3.52,3.83,5.20,96.70,3.35,0.00,1.55,200.00,0.08
250,2024-01-05 00:30:00,10.74,3.71,4.11,5.41,97.00,3.68,0.00,0.62,226.50,0.08
250,2024-01-05 00:45:00,10.61,3.52,3.97,5.18,97.20,3.57,0.00,1.08,241.90,0.08
250,2024-01-05 01:00:00,10.48,3.33,3.80,4.79,97.10,3.38,0.00,0.64,168.20,0.08
250,2024-01-05 01:15:00,10.35,3.39,3.43,4.22,96.70,2.96,0.00,1.00,215.70,0.09
250,2024-01-05 01:30:00,10.23,3.11,3.32,4.24,97.30,2.93,0.00,0.77,179.80,0.08
250,2024-01-05 01:45:00,10.10,2.56,3.12,3.80,97.40,2.75,0.00,0.28,212.00,0.08
250,2024-01-05 02:00:00,9.99,2.51,2.94,3.50,97.00,2.51,0.00,0.43,297.90,0.08
250,2024-01-05 02:15:00,9.86,2.34,3.13,4.03,97.90,2.84,0.00,0.85,312.30,0.08
250,2024-01-05 02:30:00,9.75,2.47,2.71,4.07,97.60,2.37,0.00,0.62,343.30,0.09
250,2024-01-05 02:45:00,9.65,2.57,3.28,5.28,98.00,2.99,0.00,1.98,16.23,0.08
250,2024-01-05 03:00:00,9.56,3.29,4.17,6.80,98.50,3.95,0.00,2.05,22.49,0.08
250,2024-01-05 03:15:00,9.48,5.37,7.05,8.02,99.00,6.91,0.00,2.49,28.13,0.08
250,2024-01-05 03:30:00,9.42,7.35,7.95,8.80,97.50,7.58,0.00,3.15,31.83,0.09
250,2024-01-05 03:45:00,9.39,8.38,8.74,9.27,95.20,8.01,0.00,4.42,34.74,0.08
250,2024-01-05 04:00:00,9.38,8.81,8.71,9.46,90.90,7.31,0.00,3.54,36.89,0.08
250,2024-01-05 04:15:00,9.39,8.87,8.85,9.41,86.80,6.77,0.00,4.51,39.49,0.08
250,2024-01-05 04:30:00,9.40,8.72,8.75,9.23,86.90,6.69,0.00,3.84,40.09,0.08
250,2024-01-05 04:45:00,9.41,8.68,8.81,9.15,86.40,6.67,0.00,3.47,34.59,0.08
250,2024-01-05 05:00:00,9.41,8.65,8.78,9.16,86.80,6.70,0.00,3.27,33.23,0.08
250,2024-01-05 05:15:00,9.41,8.74,8.85,9.20,86.60,6.74,0.00,3.65,35.74,0.07
250,2024-01-05 05:30:00,9.41,8.78,8.84,9.19,87.40,6.86,0.00,4.02,37.27,0.07
250,2024-01-05 05:45:00,9.40,8.73,8.68,9.16,87.60,6.74,0.00,3.41,32.62,0.08
250,2024-01-05 06:00:00,9.39,8.77,8.85,9.17,88.30,7.02,0.00,3.29,33.49,0.08
250,2024-01-05 06:15:00,9.38,8.63,8.68,9.13,88.30,6.85,0.00,2.67,32.53,0.08
250,2024-01-05 06:30:00,9.37,8.58,8.72,9.11,89.20,7.04,0.00,3.83,36.59,0.08
250,2024-01-05 06:45:00,9.36,8.69,8.78,9.15,89.50,7.15,0.00,3.30,32.77,0.08
250,2024-01-05 07:00:00,9.34,8.80,8.97,9.22,89.70,7.37,0.00,3.29,31.71,0.09
250,2024-01-05 07:15:00,9.33,8.82,8.80,9.24,89.50,7.17,0.00,2.54,32.16,0.55
250,2024-01-05 07:30:00,9.31,8.86,8.97,9.34,90.10,7.43,0.00,3.55,32.11,4.43
250,2024-01-05 07:45:00,9.31,9.01,9.01,9.39,90.00,7.46,0.00,3.15,33.77,12.52
250,2024-01-05 08:00:00,9.31,9.17,9.29,9.64,90.00,7.73,0.00,3.41,36.56,21.19
250,2024-01-05 08:15:00,9.32,9.56,9.64,10.03,89.60,8.02,0.00,3.23,36.37,27.35
250,2024-01-05 08:30:00,9.36,10.11,10.18,10.41,88.40,8.35,0.00,4.34,38.18,35.66
250,2024-01-05 08:45:00,9.42,10.80,11.00,10.85,86.20,8.78,0.00,5.26,46.39,164.30
250,2024-01-05 09:00:00,9.53,11.84,11.84,11.44,84.80,9.37,0.00,5.17,47.71,207.50
250,2024-01-05 09:15:00,9.75,12.58,12.48,12.09,83.30,9.73,0.00,6.52,53.69,241.20
250,2024-01-05 09:30:00,10.07,13.40,13.20,12.75,81.90,10.18,0.00,5.85,56.17,277.60
250,2024-01-05 09:45:00,10.45,14.23,14.11,13.55,79.21,10.56,0.00,5.03,57.82,316.00
250,2024-01-05 10:00:00,10.88,15.12,14.56,14.30,78.25,10.82,0.00,6.05,63.56,352.60
250,2024-01-05 10:15:00,11.36,15.34,14.93,14.55,74.80,10.50,0.00,8.31,62.09,386.50
250,2024-01-05 10:30:00,11.84,16.29,15.81,15.40,72.31,10.84,0.00,6.37,74.29,418.40
250,2024-01-05 10:45:00,12.34,17.19,16.61,16.22,69.90,11.10,0.00,6.33,78.10,447.70
250,2024-01-05 11:00:00,12.86,17.78,17.12,16.74,67.73,11.11,0.00,6.96,71.84,470.70
250,2024-01-05 11:15:00,13.38,18.66,18.14,17.68,64.93,11.44,0.00,7.13,95.20,495.40
250,2024-01-05 11:30:00,13.90,19.38,18.72,18.38,62.07,11.31,0.00,6.99,99.50,515.10
250,2024-01-05 11:45:00,14.42,19.82,19.26,18.79,62.13,11.84,0.00,7.73,87.90,530.30
250,2024-01-05 12:00:00,14.91,20.61,20.10,19.44,56.04,11.07,0.00,7.06,90.00,541.40
250,2024-01-05 12:15:00,15.40,20.88,20.51,19.94,55.21,11.23,0.00,8.36,95.70,483.20
250,2024-01-05 12:30:00,15.83,21.27,20.54,20.24,53.79,10.86,0.00,8.64,100.50,556.60
250,2024-01-05 12:45:00,16.24,21.33,20.54,20.35,56.55,11.62,0.00,9.16,107.00,570.60
250,2024-01-05 13:00:00,16.59,21.57,21.14,20.54,54.50,11.62,0.00,8.82,101.30,541.10
250,2024-01-05 13:15:00,16.91,21.51,20.75,20.58,55.68,11.58,0.00,8.34,100.70,433.30
250,2024-01-05 13:30:00,17.16,22.03,20.69,20.95,54.51,11.20,0.00,8.57,102.20,497.80
250,2024-01-05 13:45:00,17.39,20.96,20.83,20.44,55.47,11.59,0.00,8.38,105.50,292.30
250,2024-01-05 14:00:00,17.52,21.49,20.99,20.79,52.97,11.05,0.00,9.62,100.30,385.70
250,2024-01-05 14:15:00,17.59,21.58,20.86,20.88,54.64,11.39,0.00,10.73,99.00,407.70
250,2024-01-05 14:30:00,17.72,21.21,21.19,20.76,54.31,11.61,0.00,7.57,106.70,224.20
250,2024-01-05 14:45:00,17.82,21.55,20.86,20.94,54.03,11.22,0.00,8.80,93.40,284.20
250,2024-01-05 15:00:00,17.87,21.18,20.76,20.72,54.11,11.15,0.00,10.98,89.50,254.20
250,2024-01-05 15:15:00,17.92,21.17,20.80,20.77,55.11,11.47,0.00,7.17,89.30,181.70
250,2024-01-05 15:30:00,17.97,21.10,20.47,20.77,56.18,11.45,0.00,7.77,97.00,152.70
250,2024-01-05 15:45:00,17.99,21.20,20.85,20.78,55.18,11.53,0.00,6.09,90.80,220.10
250,2024-01-05 16:00:00,17.99,21.44,20.96,20.97,54.67,11.50,0.00,6.98,91.50,228.80
250,2024-01-05 16:15:00,18.01,21.30,20.95,20.89,55.20,11.63,0.00,8.20,96.40,202.00
250,2024-01-05 16:30:00,18.02,21.06,20.49,20.76,56.35,11.52,0.00,7.06,95.80,145.60
250,2024-01-05 16:45:00,18.01,20.45,20.10,20.34,57.35,11.42,0.00,8.67,100.40,94.50
250,2024-01-05 17:00:00,17.93,20.33,19.76,20.23,59.15,11.57,0.00,7.55,100.30,85.90
250,2024-01-05 17:15:00,17.81,19.67,19.18,19.73,61.74,11.67,0.00,7.64,102.50,43.42
250,2024-01-05 17:30:00,17.66,19.04,18.71,19.21,63.23,11.58,0.00,6.95,101.00,17.41
250,2024-01-05 17:45:00,17.47,18.68,18.46,18.95,63.87,11.50,0.00,7.64,99.00,5.77
250,2024-01-05 18:00:00,17.27,18.39,18.00,18.64,65.84,11.52,0.00,7.16,103.80,1.11
250,2024-01-05 18:15:00,17.06,18.03,17.72,18.32,66.52,11.41,0.00,6.31,105.30,0.13
250,2024-01-05 18:30:00,16.85,17.63,17.38,17.95,68.33,11.49,0.00,5.48,103.50,0.08
250,2024-01-05 18:45:00,16.65,17.18,17.00,17.56,70.15,11.53,0.00,4.05,110.70,0.08
250,2024-01-05 19:00:00,16.46,16.88,16.78,17.28,71.51,11.61,0.00,3.89,110.00,0.08
250,2024-01-05 19:15:00,16.28,16.88,16.66,17.19,71.70,11.53,0.00,4.13,110.50,0.08
250,2024-01-05 19:30:00,16.13,16.74,16.70,17.02,72.70,11.78,0.00,3.90,109.50,0.08
250,2024-01-05 19:45:00,15.99,16.87,16.66,17.10,72.89,11.78,0.00,3.76,119.40,0.08
250,2024-01-05 20:00:00,15.88,16.76,16.67,17.07,73.70,11.96,0.00,5.12,117.60,0.08
250,2024-01-05 20:15:00,15.76,16.84,16.75,17.08,74.19,12.13,0.00,5.00,123.30,0.08
250,2024-01-05 20:30:00,15.65,16.82,16.77,17.04,74.93,12.30,0.00,4.72,123.20,0.08
250,2024-01-05 20:45:00,15.57,16.84,16.58,17.00,76.04,12.34,0.00,4.63,116.10,0.08
250,2024-01-05 21:00:00,15.51,16.55,16.54,16.80,77.06,12.51,0.00,4.80,119.60,0.08
250,2024-01-05 21:15:00,15.44,16.68,16.51,16.87,77.38,12.54,0.00,4.82,123.70,0.08
250,2024-01-05 21:30:00,15.37,16.66,16.50,16.87,77.75,12.61,0.00,4.75,123.20,0.08
250,2024-01-05 21:45:00,15.30,16.64,16.47,16.84,78.51,12.72,0.00,5.36,123.70,0.08
250,2024-01-05 22:00:00,15.23,16.62,16.49,16.79,79.17,12.87,0.00,5.12,127.90,0.08
250,2024-01-05 22:15:00,15.18,16.78,16.57,16.88,79.38,12.99,0.00,6.31,133.70,0.08
250,2024-01-05 22:30:00,15.13,16.80,16.53,16.87,79.85,13.04,0.00,5.21,135.80,0.08
250,2024-01-05 22:45:00,15.11,16.78,16.61,16.87,80.20,13.19,0.00,5.80,135.80,0.08
250,2024-01-05 23:00:00,15.09,16.77,16.53,16.85,80.70,13.20,0.00,5.69,135.30,0.08
250,2024-01-05 23:15:00,15.08,16.74,16.54,16.85,81.40,13.35,0.00,4.57,132.30,0.08
250,2024-01-05 23:30:00,15.06,16.79,16.54,16.87,81.60,13.38,0.00,4.71,131.60,0.08
250,2024-01-05 23:45:00,15.06,16.78,16.53,16.84,82.20,13.49,0.00,5.16,137.10,0.08
250,2024-01-06 00:00:00,15.06,16.77,16.58,16.82,82.30,13.55,0.00,5.51,142.60,0.08
250,2024-01-06 00:15:00,15.07,16.75,16.50,16.79,83.10,13.62,0.00,5.92,138.90,0.08
250,2024-01-06 00:30:00,15.07,16.71,16.47,16.76,83.40,13.65,0.00,5.56,139.70,0.08
250,2024-01-06 00:45:00,15.07,16.67,16.44,16.70,83.90,13.71,0.00,3.91,139.10,0.08
250,2024-01-06 01:00:00,15.07,16.67,16.49,16.74,84.40,13.85,0.00,3.47,124.70,0.08
250,2024-01-06 01:15:00,15.10,16.87,16.68,16.86,84.10,13.98,0.00,3.93,142.80,0.09
250,2024-01-06 01:30:00,15.13,17.03,16.88,17.08,84.50,14.25,0.00,4.04,137.70,0.08
250,2024-01-06 01:45:00,15.17,17.46,17.29,17.47,83.80,14.53,0.00,5.31,143.50,0.08
250,2024-01-06 02:00:00,15.20,17.99,17.89,17.98,82.80,14.93,0.00,7.37,145.60,0.08
250,2024-01-06 02:15:00,15.27,18.42,18.20,18.39,82.30,15.14,0.00,8.08,147.60,0.08
250,2024-01-06 02:30:00,15.33,18.70,18.50,18.66,82.50,15.47,0.00,8.17,153.10,0.08
250,2024-01-06 02:45:00,15.42,18.99,18.85,18.94,82.90,15.88,0.00,9.91,156.80,0.08
250,2024-01-06 03:00:00,15.51,19.28,19.09,19.23,83.30,16.19,0.00,10.18,156.00,0.08
250,2024-01-06 03:15:00,15.61,19.46,19.19,19.42,83.30,16.29,0.00,11.22,167.50,0.08
250,2024-01-06 03:30:00,15.72,19.55,19.29,19.50,84.10,16.54,0.00,10.38,164.40,0.09
250,2024-01-06 03:45:00,15.82,19.64,19.42,19.60,84.40,16.72,0.00,10.08,159.80,0.08
250,2024-01-06 04:00:00,15.92,19.80,19.59,19.75,84.90,16.98,0.00,10.56,160.30,0.08
250,2024-01-06 04:15:00,16.02,19.99,19.74,19.93,85.00,17.15,0.00,11.57,161.10,0.08
250,2024-01-06 04:30:00,16.11,20.08,19.87,20.03,85.50,17.37,0.00,10.15,159.60,0.08
250,2024-01-06 04:45:00,16.21,20.25,19.95,20.20,85.50,17.45,0.00,11.60,167.60,0.08
250,2024-01-06 05:00:00,16.29,20.34,20.04,20.32,86.60,17.74,0.00,12.04,171.00,0.08
250,2024-01-06 05:15:00,16.39,20.29,20.04,20.30,87.90,17.97,0.00,12.75,170.60,0.08
250,2024-01-06 05:30:00,16.48,20.31,20.03,20.32,88.80,18.13,0.01,12.35,175.90,0.08
250,2024-01-06 05:45:00,16.56,20.19,19.81,20.22,90.10,18.14,0.02,12.21,183.10,0.08
250,2024-01-06 06:00:00,16.65,20.01,19.67,20.00,91.50,18.25,0.06,10.83,179.90,0.08
250,2024-01-06 06:15:00,16.74,19.76,19.48,19.71,93.00,18.32,0.07,10.15,183.70,0.08
250,2024-01-06 06:30:00,16.84,19.70,19.49,19.52,93.70,18.45,0.04,8.75,186.70,0.08
250,2024-01-06 06:45:00,16.94,19.68,19.45,19.61,94.40,18.53,0.09,8.86,179.40,0.08
250,2024-01-06 07:00:00,17.04,19.68,19.46,19.50,94.80,18.60,0.07,8.47,177.30,0.08
250,2024-01-06 07:15:00,17.12,19.71,19.50,19.67,95.00,18.68,0.04,8.75,180.30,0.10
250,2024-01-06 07:30:00,17.20,19.67,19.45,19.58,95.40,18.70,0.04,9.26,168.90,0.32
250,2024-01-06 07:45:00,17.27,19.75,19.60,19.68,95.50,18.86,0.05,11.36,183.20,1.26
250,2024-01-06 08:00:00,17.34,19.83,19.62,19.79,95.60,18.90,0.05,11.28,183.10,4.64
250,2024-01-06 08:15:00,17.42,19.88,19.66,19.83,95.50,18.92,0.04,9.08,176.00,5.96
250,2024-01-06 08:30:00,17.49,19.97,19.78,19.91,95.50,19.04,0.00,11.03,175.50,14.88
250,2024-01-06 08:45:00,17.55,20.06,19.88,20.04,95.50,19.14,0.00,12.12,188.70,16.79
250,2024-01-06 09:00:00,17.62,20.18,19.95,20.14,95.20,19.16,0.01,13.07,180.20,18.44
250,2024-01-06 09:15:00,17.70,20.09,19.94,20.16,95.60,19.22,0.08,13.64,206.30,38.22
250,2024-01-06 09:30:00,17.79,20.28,20.04,20.25,95.50,19.30,0.10,16.08,185.40,53.09
250,2024-01-06 09:45:00,17.93,20.25,20.03,20.21,95.70,19.32,0.06,12.35,180.60,55.09
250,2024-01-06 10:00:00,18.06,20.38,20.27,20.27,95.70,19.56,0.01,12.90,175.90,138.50
250,2024-01-06 10:15:00,18.18,20.61,20.44,20.48,95.30,19.66,0.00,9.52,182.10,155.20
250,2024-01-06 10:30:00,18.34,20.96,21.09,20.77,95.20,20.29,0.00,9.80,182.50,254.30
250,2024-01-06 10:45:00,18.54,21.50,21.31,21.24,92.70,20.08,0.00,10.58,186.10,351.40
250,2024-01-06 11:00:00,18.84,21.91,21.77,21.63,90.90,20.22,0.00,11.00,191.50,329.10
250,2024-01-06 11:15:00,19.15,22.13,21.84,21.81,90.20,20.16,0.00,12.79,190.30,313.10
250,2024-01-06 11:30:00,19.42,22.48,22.14,21.99,89.80,20.39,0.00,14.31,204.20,296.20
250,2024-01-06 11:45:00,19.64,22.45,22.02,22.06,89.70,20.25,0.00,12.97,204.50,177.40
250,2024-01-06 12:00:00,19.78,22.58,22.22,22.20,89.30,20.38,0.00,13.04,205.30,214.00
250,2024-01-06 12:15:00,19.88,23.00,22.73,22.42,88.10,20.66,0.00,10.57,207.20,272.90
250,2024-01-06 12:30:00,20.00,23.94,23.65,22.94,85.70,21.11,0.00,11.40,208.80,471.80
250,2024-01-06 12:45:00,20.26,24.07,23.60,23.25,85.50,21.03,0.00,11.82,205.40,349.40
250,2024-01-06 13:00:00,20.50,24.77,24.35,23.74,85.70,21.80,0.00,11.39,219.20,431.90
250,2024-01-06 13:15:00,20.71,24.80,24.22,23.98,82.10,20.97,0.00,15.22,227.70,341.30
250,2024-01-06 13:30:00,20.87,24.43,23.82,23.73,79.83,20.13,0.00,16.01,248.10,291.50
250,2024-01-06 13:45:00,20.93,23.83,23.34,23.16,80.60,19.82,0.00,16.35,250.10,334.40
250,2024-01-06 14:00:00,20.95,24.12,23.24,23.00,78.68,19.33,0.00,14.24,252.10,451.60
250,2024-01-06 14:15:00,21.00,23.67,22.82,22.82,79.37,19.06,0.00,12.28,257.90,297.20
250,2024-01-06 14:30:00,21.04,23.51,23.24,22.84,78.53,19.30,0.00,10.94,244.80,270.70
250,2024-01-06 14:45:00,21.03,24.38,23.40,23.30,77.14,19.17,0.00,14.39,235.30,423.70
250,2024-01-06 15:00:00,21.05,23.79,23.43,23.29,75.55,18.87,0.00,13.95,243.20,243.20
250,2024-01-06 15:15:00,21.03,24.33,23.33,23.66,73.39,18.31,0.00,12.42,241.90,290.70
250,2024-01-06 15:30:00,21.00,24.58,24.04,23.82,69.07,18.02,0.00,13.44,243.50,347.00
250,2024-01-06 15:45:00,20.98,24.29,23.46,23.82,69.99,17.68,0.00,12.78,241.40,182.40
250,2024-01-06 16:00:00,20.92,23.72,23.60,23.49,69.07,17.60,0.00,13.19,238.00,190.00
250,2024-01-06 16:15:00,20.80,23.85,23.14,23.38,70.93,17.58,0.00,14.50,225.70,235.30
250,2024-01-06 16:30:00,20.71,23.33,22.77,23.00,70.49,17.13,0.00,15.14,230.10,189.40
250,2024-01-06 16:45:00,20.61,22.88,22.16,22.66,73.73,17.25,0.00,14.13,235.00,149.60
250,2024-01-06 17:00:00,20.48,22.16,21.57,22.10,76.56,17.28,0.00,12.44,238.10,99.30
250,2024-01-06 17:15:00,20.31,21.25,20.71,21.39,79.89,17.12,0.00,11.91,234.30,54.37
250,2024-01-06 17:30:00,20.12,20.56,20.17,20.89,82.00,17.00,0.00,10.76,241.80,23.13
250,2024-01-06 17:45:00,19.90,19.87,19.46,20.28,85.10,16.89,0.00,9.46,238.20,8.62
250,2024-01-06 18:00:00,19.67,19.20,18.78,19.65,86.60,16.50,0.00,9.50,223.00,1.65
250,2024-01-06 18:15:00,19.43,18.50,18.30,19.06,87.90,16.26,0.00,8.29,223.40,0.17
250,2024-01-06 18:30:00,19.19,18.00,17.83,18.66,88.40,15.89,0.00,6.87,230.10,0.08
250,2024-01-06 18:45:00,18.95,17.54,17.45,18.29,88.90,15.60,0.00,6.95,226.50,0.08
250,2024-01-06 19:00:00,18.72,17.26,16.96,17.96,88.90,15.12,0.00,7.13,226.10,0.08
250,2024-01-06 19:15:00,18.49,16.61,16.64,17.48,90.20,15.03,0.00,7.42,222.00,0.08
250,2024-01-06 19:30:00,18.26,16.62,16.47,17.21,89.80,14.79,0.00,8.30,230.50,0.08
250,2024-01-06 19:45:00,18.03,16.43,16.47,16.94,90.00,14.83,0.00,7.92,239.80,0.08
250,2024-01-06 20:00:00,17.83,16.56,16.43,16.94,89.70,14.73,0.00,7.73,251.60,0.08
250,2024-01-06 20:15:00,17.66,16.62,16.58,16.95,88.70,14.71,0.00,8.34,251.70,0.08
250,2024-01-06 20:30:00,17.54,16.65,16.53,16.93,88.90,14.69,0.00,7.77,242.70,0.08
250,2024-01-06 20:45:00,17.43,16.41,16.27,16.78,90.10,14.65,0.00,7.36,240.10,0.08
250,2024-01-06 21:00:00,17.31,15.96,15.92,16.54,91.40,14.52,0.00,6.98,243.20,0.08
250,2024-01-06 21:15:00,17.17,15.68,15.65,16.29,92.00,14.36,0.00,6.38,253.40,0.08
250,2024-01-06 21:30:00,17.02,15.58,15.57,16.18,92.60,14.38,0.00,6.58,242.40,0.08
250,2024-01-06 21:45:00,16.87,15.36,15.37,16.08,93.50,14.33,0.00,5.83,242.50,0.08
250,2024-01-06 22:00:00,16.73,15.02,15.04,15.87,93.00,13.92,0.00,4.57,255.10,0.08
250,2024-01-06 22:15:00,16.58,14.81,14.88,15.77,93.10,13.78,0.00,4.47,246.60,0.08
250,2024-01-06 22:30:00,16.45,14.75,14.77,15.67,93.20,13.68,0.00,5.48,233.90,0.08
250,2024-01-06 22:45:00,16.31,14.25,14.55,15.50,93.60,13.53,0.00,5.02,252.50,0.08
250,2024-01-06 23:00:00,16.17,13.81,14.18,15.38,94.20,13.26,0.00,4.74,250.70,0.08
250,2024-01-06 23:15:00,16.02,13.41,14.01,15.17,94.50,13.14,0.00,4.25,245.70,0.08
250,2024-01-06 23:30:00,15.86,13.63,13.97,15.09,94.70,13.13,0.00,4.99,239.90,0.08
250,2024-01-06 23:45:00,15.72,13.83,14.23,15.01,95.80,13.57,0.00,5.34,246.60,0.08
250,2024-01-07 00:00:00,15.60,14.11,14.29,14.94,95.30,13.55,0.00,5.57,253.30,0.08
250,2024-01-07 00:15:00,15.51,14.09,14.07,14.87,94.80,13.25,0.00,5.52,262.00,0.08
250,2024-01-07 00:30:00,15.42,13.69,13.95,14.77,95.30,13.21,0.00,5.43,256.80,0.08
250,2024-01-07 00:45:00,15.33,13.55,13.88,14.58,95.50,13.17,0.00,4.56,270.20,0.08
250,2024-01-07 01:00:00,15.22,13.44,13.60,14.43,95.20,12.85,0.00,4.27,274.80,0.08
250,2024-01-07 01:15:00,15.11,12.92,12.90,14.20,94.80,12.09,0.00,5.14,249.70,0.08
250,2024-01-07 01:30:00,15.00,12.28,12.87,14.01,95.90,12.23,0.00,4.56,250.70,0.08
250,2024-01-07 01:45:00,14.88,12.08,13.02,13.83,96.20,12.43,0.00,4.29,273.50,0.08
250,2024-01-07 02:00:00,14.75,12.47,12.57,13.67,96.10,11.97,0.00,4.57,271.20,0.08
250,2024-01-07 02:15:00,14.63,12.20,12.83,13.54,96.80,12.33,0.00,4.51,272.00,0.08
250,2024-01-07 02:30:00,14.51,12.43,12.82,13.53,96.70,12.31,0.00,4.13,279.30,0.08
250,2024-01-07 02:45:00,14.40,12.36,12.52,13.42,96.00,11.90,0.00,3.98,276.80,0.08
250,2024-01-07 03:00:00,14.30,12.37,12.85,13.44,96.50,12.31,0.00,4.61,279.30,0.08
250,2024-01-07 03:15:00,14.21,13.33,13.26,13.74,94.90,12.46,0.00,4.59,291.40,0.08
250,2024-01-07 03:30:00,14.14,13.22,13.14,13.65,94.30,12.24,0.00,3.29,289.50,0.08
250,2024-01-07 03:45:00,14.09,13.35,13.33,13.68,93.40,12.29,0.00,3.44,297.70,0.08
250,2024-01-07 04:00:00,14.06,13.30,13.18,13.61,93.10,12.09,0.00,3.58,287.80,0.08
250,2024-01-07 04:15:00,14.05,13.12,13.11,13.54,92.80,11.97,0.00,5.00,281.30,0.08
250,2024-01-07 04:30:00,14.03,13.33,13.34,13.62,92.30,12.12,0.00,4.90,287.40,0.09
250,2024-01-07 04:45:00,14.01,13.57,13.46,13.69,92.10,12.20,0.00,4.43,290.80,0.08
250,2024-01-07 05:00:00,14.03,13.74,13.55,13.80,91.20,12.14,0.00,5.70,294.60,0.08
250,2024-01-07 05:15:00,14.08,13.67,13.46,13.75,91.40,12.09,0.00,4.89,285.50,0.08
250,2024-01-07 05:30:00,14.13,13.62,13.41,13.67,91.10,11.99,0.00,4.38,299.40,0.08
250,2024-01-07 05:45:00,14.17,13.49,13.24,13.60,90.90,11.79,0.00,3.27,292.10,0.08
250,2024-01-07 06:00:00,14.19,13.15,12.99,13.38,91.60,11.66,0.00,3.75,311.70,0.08
250,2024-01-07 06:15:00,14.15,12.98,12.89,13.20,91.90,11.61,0.00,3.21,309.10,0.08
250,2024-01-07 06:30:00,14.10,13.02,12.85,13.18,91.90,11.57,0.00,3.68,301.90,0.08
250,2024-01-07 06:45:00,14.05,12.90,12.72,13.09,92.20,11.49,0.00,4.14,299.80,0.08
250,2024-01-07 07:00:00,14.01,12.73,12.49,12.93,92.40,11.29,0.00,3.95,307.00,0.10
250,2024-01-07 07:15:00,13.94,12.46,12.34,12.69,93.00,11.24,0.00,4.06,307.40,0.73
250,2024-01-07 07:30:00,13.86,12.33,12.17,12.50,93.20,11.10,0.00,3.95,312.50,9.46
250,2024-01-07 07:45:00,13.78,12.35,12.17,12.44,93.60,11.17,0.00,4.60,312.10,22.01
250,2024-01-07 08:00:00,13.73,12.43,12.22,12.47,93.40,11.19,0.00,4.91,309.80,44.67
250,2024-01-07 08:15:00,13.69,12.55,12.36,12.52,92.90,11.24,0.00,4.10,308.90,80.00
250,2024-01-07 08:30:00,13.70,12.80,12.53,12.72,91.00,11.10,0.00,5.05,313.80,106.30
250,2024-01-07 08:45:00,13.75,12.90,12.51,12.75,88.70,10.70,0.00,6.34,324.40,138.30
250,2024-01-07 09:00:00,13.82,13.08,12.57,12.75,87.20,10.50,0.00,6.22,327.90,165.30
250,2024-01-07 09:15:00,13.93,12.93,12.59,12.62,86.80,10.45,0.00,6.68,326.20,156.10
250,2024-01-07 09:30:00,14.04,13.34,13.11,12.87,77.93,9.35,0.00,6.83,318.50,292.50
250,2024-01-07 09:45:00,14.20,14.03,13.62,13.33,75.50,9.37,0.00,7.96,321.40,374.10
250,2024-01-07 10:00:00,14.47,14.68,14.08,13.85,67.39,8.13,0.00,8.71,331.00,447.70
250,2024-01-07 10:15:00,14.79,14.93,14.37,14.01,66.31,8.17,0.00,9.91,329.80,496.20
250,2024-01-07 10:30:00,15.12,15.21,14.79,14.32,65.06,8.29,0.00,8.53,329.20,467.90
250,2024-01-07 10:45:00,15.46,15.69,15.13,14.63,62.05,7.92,0.00,8.38,321.80,499.10
250,2024-01-07 11:00:00,15.81,15.87,15.10,14.70,60.52,7.52,0.00,7.76,312.10,511.60
250,2024-01-07 11:15:00,16.13,16.19,15.45,15.01,56.87,6.94,0.00,6.99,331.00,523.10
250,2024-01-07 11:30:00,16.45,16.45,16.15,15.21,56.97,7.62,0.00,7.17,319.40,540.30
250,2024-01-07 11:45:00,16.74,16.56,15.54,15.46,54.51,6.41,0.00,6.47,300.40,505.00
250,2024-01-07 12:00:00,17.00,16.79,16.13,15.47,51.64,6.17,0.00,9.51,277.70,567.60
250,2024-01-07 12:15:00,17.21,16.65,15.86,15.63,48.69,5.08,0.00,7.44,308.70,417.00
250,2024-01-07 12:30:00,17.36,17.19,16.75,15.92,49.10,6.01,0.00,7.30,317.60,595.50
250,2024-01-07 12:45:00,17.52,17.36,16.24,16.01,51.45,6.22,0.00,8.95,336.90,524.30
250,2024-01-07 13:00:00,17.68,16.99,15.96,15.90,54.28,6.74,0.00,9.40,337.40,474.20
250,2024-01-07 13:15:00,17.76,16.88,16.26,15.79,55.68,7.39,0.00,9.49,340.50,485.90
250,2024-01-07 13:30:00,17.81,16.94,16.12,15.88,52.54,6.41,0.00,8.33,330.00,437.60
250,2024-01-07 13:45:00,17.82,17.10,16.27,15.98,54.43,7.07,0.00,8.05,343.20,456.70
250,2024-01-07 14:00:00,17.86,16.95,16.58,15.96,54.29,7.32,0.00,7.55,336.40,394.30
250,2024-01-07 14:15:00,17.90,17.38,16.58,16.35,49.27,5.91,0.00,6.88,308.60,447.50
250,2024-01-07 14:30:00,17.96,17.17,16.31,16.27,51.01,6.16,0.00,7.06,324.10,371.40
250,2024-01-07 14:45:00,18.03,17.27,16.00,16.34,50.40,5.70,0.00,6.49,336.70,332.40
250,2024-01-07 15:00:00,18.08,16.45,15.79,15.78,53.04,6.25,0.00,6.88,341.70,244.60
250,2024-01-07 15:15:00,18.06,16.53,16.00,15.95,53.44,6.55,0.00,4.15,316.80,199.60
250,2024-01-07 15:30:00,18.00,16.39,15.64,15.87,53.19,6.15,0.00,4.05,308.30,192.10
250,2024-01-07 15:45:00,17.93,16.09,15.44,15.55,53.93,6.16,0.00,5.45,291.50,204.80
250,2024-01-07 16:00:00,17.84,16.03,15.64,15.53,53.68,6.28,0.00,4.05,297.00,175.70
250,2024-01-07 16:15:00,17.73,15.89,15.34,15.48,54.77,6.29,0.00,3.88,310.30,143.00
250,2024-01-07 16:30:00,17.61,15.84,15.28,15.39,56.79,6.76,0.00,2.89,312.30,124.50
250,2024-01-07 16:45:00,17.47,15.45,14.90,15.17,59.05,6.98,0.00,3.17,323.50,92.30
250,2024-01-07 17:00:00,17.32,15.00,14.55,14.85,58.80,6.59,0.00,4.45,325.80,72.78
250,2024-01-07 17:15:00,17.13,14.76,14.19,14.64,61.28,6.85,0.00,3.13,335.20,57.03
250,2024-01-07 17:30:00,16.92,13.97,13.54,14.12,60.14,5.96,0.00,3.82,334.30,22.34
250,2024-01-07 17:45:00,16.69,13.54,13.33,13.71,59.49,5.61,0.00,4.39,333.80,6.45
250,2024-01-07 18:00:00,16.44,13.24,13.09,13.44,59.95,5.49,0.00,4.94,342.00,0.82
250,2024-01-07 18:15:00,16.19,13.01,12.75,13.19,61.65,5.57,0.00,5.35,336.30,0.12
250,2024-01-07 18:30:00,15.94,12.66,12.44,12.80,61.64,5.28,0.00,5.89,338.10,0.08
250,2024-01-07 18:45:00,15.70,12.28,12.00,12.43,64.73,5.57,0.00,5.74,342.40,0.08
250,2024-01-07 19:00:00,15.47,11.84,11.61,12.03,64.95,5.25,0.00,5.58,338.80,0.08
250,2024-01-07 19:15:00,15.25,11.45,11.26,11.68,66.96,5.35,0.00,4.38,345.80,0.08
250,2024-01-07 19:30:00,15.03,11.22,11.12,11.48,68.51,5.55,0.00,4.87,348.00,0.08
250,2024-01-07 19:45:00,14.82,11.08,10.95,11.33,70.19,5.73,0.00,6.12,349.00,0.08
250,2024-01-07 20:00:00,14.64,11.02,10.92,11.19,71.35,5.94,0.00,5.92,350.50,0.08
250,2024-01-07 20:15:00,14.46,10.93,10.78,11.08,72.44,6.03,0.00,5.05,352.10,0.08
250,2024-01-07 20:30:00,14.30,10.82,10.69,10.97,72.91,6.03,0.00,4.81,347.00,0.08
250,2024-01-07 20:45:00,14.16,10.74,10.59,10.90,74.48,6.24,0.00,5.31,352.90,0.07
250,2024-01-07 21:00:00,14.03,10.58,10.49,10.79,77.33,6.69,0.00,5.06,359.50,0.08
250,2024-01-07 21:15:00,13.91,10.58,10.44,10.73,77.66,6.71,0.00,4.40,1.88,0.08
250,2024-01-07 21:30:00,13.80,10.51,10.37,10.64,76.88,6.49,0.00,4.42,2.89,0.07
250,2024-01-07 21:45:00,13.70,10.46,10.33,10.58,76.41,6.36,0.00,3.86,1.81,0.08
250,2024-01-07 22:00:00,13.60,10.24,10.10,10.46,77.35,6.32,0.00,2.33,340.50,0.08
250,2024-01-07 22:15:00,13.51,10.08,10.11,10.31,79.06,6.65,0.00,1.94,12.33,0.08
250,2024-01-07 22:30:00,13.42,10.31,10.25,10.46,78.52,6.68,0.00,2.90,12.18,0.08
250,2024-01-07 22:45:00,13.35,10.27,10.11,10.42,79.51,6.73,0.00,2.48,27.11,0.08
250,2024-01-07 23:00:00,13.28,10.17,10.01,10.30,79.95,6.71,0.00,2.34,36.83,0.08
250,2024-01-07 23:15:00,13.23,10.00,9.83,10.19,79.97,6.54,0.00,2.14,40.97,0.08
250,2024-01-07 23:30:00,13.18,9.85,9.69,10.06,80.30,6.46,0.00,2.43,20.46,0.08
250,2024-01-07 23:45:00,13.13,9.64,9.56,9.92,81.40,6.53,0.00,1.11,313.50,0.08
250,2024-01-08 00:00:00,13.07,9.51,9.49,9.89,81.30,6.45,0.00,1.81,16.79,0.08
250,2024-01-08 00:15:00,13.00,9.57,9.54,9.87,78.46,5.98,0.00,2.01,27.01,0.08
250,2024-01-08 00:30:00,12.92,9.50,9.49,9.85,78.80,5.99,0.00,2.81,30.12,0.08
250,2024-01-08 00:45:00,12.83,9.48,9.41,9.79,79.48,6.04,0.00,2.82,39.84,0.09
250,2024-01-08 01:00:00,12.73,9.38,9.38,9.66,81.40,6.36,0.00,3.02,14.25,0.08
250,2024-01-08 01:15:00,12.64,9.58,9.53,9.74,80.50,6.34,0.00,2.74,25.28,0.08
250,2024-01-08 01:30:00,12.57,9.55,9.43,9.71,81.40,6.41,0.00,2.08,11.69,0.09
250,2024-01-08 01:45:00,12.51,9.45,9.41,9.65,81.20,6.35,0.00,2.51,19.07,0.08
250,2024-01-08 02:00:00,12.45,9.61,9.52,9.79,80.00,6.24,0.00,3.09,28.22,0.08
250,2024-01-08 02:15:00,12.40,9.75,9.66,9.90,78.80,6.16,0.00,3.82,35.03,0.08
250,2024-01-08 02:30:00,12.35,9.90,9.79,10.02,75.08,5.59,0.00,5.28,40.10,0.09
250,2024-01-08 02:45:00,12.29,9.74,9.50,9.90,75.96,5.47,0.00,4.40,43.94,0.09
250,2024-01-08 03:00:00,12.22,9.66,9.52,9.79,74.32,5.18,0.00,5.24,42.77,0.08
250,2024-01-08 03:15:00,12.16,9.68,9.52,9.77,72.62,4.85,0.00,7.11,46.09,0.08
250,2024-01-08 03:30:00,12.10,9.61,9.41,9.69,72.07,4.63,0.00,7.58,48.71,0.08
250,2024-01-08 03:45:00,12.04,9.51,9.26,9.57,72.04,4.48,0.00,6.74,49.20,0.09
250,2024-01-08 04:00:00,11.98,9.42,9.23,9.53,71.53,4.35,0.00,5.65,48.28,0.08
250,2024-01-08 04:15:00,11.92,9.42,9.26,9.51,72.10,4.49,0.00,4.50,57.13,0.08
250,2024-01-08 04:30:00,11.88,9.43,9.23,9.51,72.66,4.58,0.00,3.71,61.05,0.09
250,2024-01-08 04:45:00,11.84,9.49,9.32,9.56,72.07,4.55,0.00,4.13,58.81,0.08
250,2024-01-08 05:00:00,11.80,9.45,9.33,9.52,72.57,4.65,0.00,4.33,54.39,0.08
250,2024-01-08 05:15:00,11.78,9.47,9.33,9.55,72.78,4.70,0.00,5.15,57.08,0.09
250,2024-01-08 05:30:00,11.75,9.45,9.29,9.50,72.13,4.53,0.00,5.17,62.48,0.09
250,2024-01-08 05:45:00,11.72,9.37,9.18,9.40,73.09,4.61,0.00,6.47,52.36,0.08
250,2024-01-08 06:00:00,11.69,9.32,9.08,9.34,74.07,4.71,0.00,6.66,57.46,0.08
250,2024-01-08 06:15:00,11.65,9.31,9.18,9.30,74.71,4.93,0.00,5.32,49.53,0.09
250,2024-01-08 06:30:00,11.63,9.38,9.19,9.35,74.41,4.88,0.00,5.02,39.09,0.08
250,2024-01-08 06:45:00,11.60,9.40,9.23,9.39,75.06,5.04,0.00,4.41,62.07,0.08
250,2024-01-08 07:00:00,11.58,9.39,9.21,9.38,75.02,5.01,0.00,4.72,63.03,0.08
250,2024-01-08 07:15:00,11.57,9.43,9.23,9.42,75.42,5.11,0.00,3.93,52.67,0.14
250,2024-01-08 07:30:00,11.56,9.42,9.26,9.43,76.21,5.29,0.00,3.67,48.09,0.73
250,2024-01-08 07:45:00,11.55,9.50,9.32,9.49,76.54,5.41,0.00,3.81,56.27,2.91
250,2024-01-08 08:00:00,11.55,9.58,9.41,9.56,76.95,5.57,0.00,3.49,44.72,8.26
250,2024-01-08 08:15:00,11.55,9.75,9.63,9.69,76.90,5.78,0.00,3.77,53.90,11.48
250,2024-01-08 08:30:00,11.57,9.89,9.67,9.80,76.48,5.74,0.00,3.35,74.23,16.03
250,2024-01-08 08:45:00,11.59,10.01,9.83,9.88,77.22,6.03,0.00,4.45,62.22,27.41
250,2024-01-08 09:00:00,11.63,10.25,10.11,10.09,77.95,6.44,0.00,4.72,45.58,43.62
250,2024-01-08 09:15:00,11.68,10.42,10.10,10.23,78.10,6.46,0.00,4.94,53.36,54.35
250,2024-01-08 09:30:00,11.75,10.56,10.35,10.35,78.65,6.80,0.00,3.13,57.70,56.42
250,2024-01-08 09:45:00,11.82,10.77,10.51,10.53,78.34,6.90,0.00,4.17,62.64,61.77
250,2024-01-08 10:00:00,11.91,10.93,10.68,10.70,79.19,7.22,0.00,6.52,62.97,65.38
250,2024-01-08 10:15:00,11.99,11.17,10.96,10.97,78.93,7.45,0.00,4.97,73.28,55.16
250,2024-01-08 10:30:00,12.07,11.44,11.10,11.22,79.49,7.69,0.00,3.83,49.47,56.77
250,2024-01-08 10:45:00,12.15,11.67,11.40,11.43,79.67,8.01,0.00,3.97,58.14,76.53
250,2024-01-08 11:00:00,12.23,11.93,11.76,11.68,80.20,8.46,0.00,5.65,69.85,81.20
250,2024-01-08 11:15:00,12.34,12.33,12.11,12.07,79.81,8.73,0.00,4.36,88.10,76.68
250,2024-01-08 11:30:00,12.44,12.60,12.28,12.40,80.00,8.93,0.00,3.47,107.10,71.08
250,2024-01-08 11:45:00,12.55,12.70,12.36,12.51,80.90,9.18,0.00,3.14,116.00,58.38
250,2024-01-08 12:00:00,12.65,12.59,12.21,12.41,83.70,9.53,0.00,4.39,110.70,61.11
250,2024-01-08 12:15:00,12.72,12.44,12.15,12.25,86.10,9.90,0.00,3.99,134.40,76.65
250,2024-01-08 12:30:00,12.80,12.54,12.27,12.33,87.90,10.32,0.00,3.89,129.20,99.10
250,2024-01-08 12:45:00,12.90,12.79,12.65,12.57,89.20,10.92,0.00,3.53,131.10,74.86
250,2024-01-08 13:00:00,13.01,13.22,13.07,13.03,89.50,11.38,0.01,3.34,102.10,93.20
250,2024-01-08 13:15:00,13.12,13.63,13.44,13.41,90.30,11.88,0.00,3.13,85.40,96.60
250,2024-01-08 13:30:00,13.25,13.97,13.67,13.75,89.90,12.04,0.00,2.37,99.30,83.70
250,2024-01-08 13:45:00,13.39,14.08,13.71,13.87,90.60,12.20,0.00,2.83,45.55,69.38
250,2024-01-08 14:00:00,13.51,13.95,13.55,13.74,91.70,12.23,0.00,2.49,28.36,73.11
250,2024-01-08 14:15:00,13.61,13.83,13.43,13.60,92.60,12.26,0.01,3.15,49.87,69.38
250,2024-01-08 14:30:00,13.70,13.89,13.60,13.66,93.20,12.52,0.00,3.18,55.07,78.56
250,2024-01-08 14:45:00,13.79,14.03,13.68,13.83,93.20,12.60,0.00,1.93,41.70,58.42
250,2024-01-08 15:00:00,13.86,14.18,13.95,14.00,93.80,12.97,0.00,2.27,90.70,71.91
250,2024-01-08 15:15:00,13.94,14.44,14.16,14.27,93.60,13.14,0.00,3.26,86.30,69.81
250,2024-01-08 15:30:00,14.01,14.70,14.44,14.58,93.10,13.34,0.00,3.78,86.40,49.54
250,2024-01-08 15:45:00,14.07,14.90,14.66,14.84,92.40,13.44,0.00,3.84,96.90,32.12
250,2024-01-08 16:00:00,14.11,15.12,14.90,15.06,91.40,13.51,0.00,3.73,102.30,32.42
250,2024-01-08 16:15:00,14.14,15.36,15.15,15.30,90.20,13.56,0.00,3.66,94.80,44.39
250,2024-01-08 16:30:00,14.17,15.51,15.23,15.41,90.00,13.60,0.00,1.65,87.70,43.95
250,2024-01-08 16:45:00,14.23,15.54,15.25,15.49,90.20,13.65,0.00,2.85,74.02,38.07
250,2024-01-08 17:00:00,14.27,15.54,15.34,15.51,90.00,13.71,0.00,5.08,96.60,41.84
250,2024-01-08 17:15:00,14.31,15.54,15.28,15.54,90.00,13.65,0.00,5.92,104.50,22.35
250,2024-01-08 17:30:00,14.32,15.64,15.54,15.65,89.40,13.80,0.00,6.53,117.50,12.94
250,2024-01-08 17:45:00,14.32,15.98,15.85,16.00,87.80,13.83,0.00,7.19,126.50,3.05
250,2024-01-08 18:00:00,14.31,16.38,16.36,16.39,85.40,13.91,0.00,7.91,135.70,0.61
250,2024-01-08 18:15:00,14.32,16.72,16.66,16.78,84.00,13.95,0.00,6.83,127.80,0.11
250,2024-01-08 18:30:00,14.32,16.93,16.75,17.08,83.10,13.87,0.00,5.97,114.50,0.09
250,2024-01-08 18:45:00,14.33,17.12,16.98,17.28,82.40,13.96,0.00,5.84,125.80,0.09
250,2024-01-08 19:00:00,14.33,17.21,16.94,17.32,82.80,14.00,0.00,5.47,126.80,0.09
250,2024-01-08 19:15:00,14.33,17.07,16.83,17.20,83.40,14.00,0.00,5.11,129.70,0.09
250,2024-01-08 19:30:00,14.34,17.08,16.84,17.21,83.50,14.03,0.00,5.10,112.20,0.09
250,2024-01-08 19:45:00,14.35,16.86,16.67,17.11,84.10,13.97,0.00,4.51,99.90,0.09
250,2024-01-08 20:00:00,14.35,16.75,16.47,17.01,84.40,13.83,0.00,5.68,108.00,0.08
250,2024-01-08 20:15:00,14.33,16.65,16.44,16.91,84.60,13.84,0.00,5.79,110.10,0.08
250,2024-01-08 20:30:00,14.30,16.72,16.56,16.96,85.00,14.03,0.00,4.48,109.70,0.09
250,2024-01-08 20:45:00,14.27,16.56,16.33,16.82,86.00,13.98,0.00,4.76,111.10,0.08
250,2024-01-08 21:00:00,14.23,16.38,16.19,16.61,86.80,13.99,0.00,4.58,114.50,0.09
250,2024-01-08 21:15:00,14.21,16.23,16.12,16.43,87.60,14.06,0.00,4.57,116.10,0.08
250,2024-01-08 21:30:00,14.20,16.47,16.33,16.60,86.80,14.13,0.00,4.51,126.60,0.09
250,2024-01-08 21:45:00,14.20,16.47,16.19,16.61,87.00,14.03,0.00,4.05,119.70,0.08
250,2024-01-08 22:00:00,14.20,16.30,16.15,16.52,87.50,14.07,0.00,3.75,123.30,0.09
250,2024-01-08 22:15:00,14.19,16.31,16.09,16.49,87.80,14.07,0.00,4.07,134.90,0.09
250,2024-01-08 22:30:00,14.18,16.38,16.27,16.54,87.50,14.19,0.00,4.63,134.20,0.09
250,2024-01-08 22:45:00,14.17,16.35,16.12,16.59,87.80,14.10,0.00,4.31,119.90,0.08
250,2024-01-08 23:00:00,14.15,16.29,16.09,16.52,88.10,14.12,0.00,3.43,123.30,0.09
250,2024-01-08 23:15:00,14.12,15.95,15.90,16.37,88.50,14.00,0.00,1.80,104.10,0.08
250,2024-01-08 23:30:00,14.09,15.36,15.37,16.18,89.70,13.69,0.00,0.69,32.19,0.09
250,2024-01-08 23:45:00,14.04,14.78,14.86,15.91,91.60,13.51,0.00,2.68,0.17,0.08
250,2024-01-09 00:00:00,14.03,14.78,14.90,15.65,92.60,13.71,0.00,2.81,358.70,0.09
250,2024-01-09 00:15:00,14.03,14.42,14.37,15.37,93.10,13.27,0.00,1.27,359.00,0.09
250,2024-01-09 00:30:00,14.02,14.24,14.37,15.08,94.00,13.42,0.00,1.06,27.87,0.09
250,2024-01-09 00:45:00,14.02,14.40,14.43,15.09,94.60,13.57,0.00,0.78,16.47,0.08
250,2024-01-09 01:00:00,14.04,14.65,14.66,15.33,94.60,13.80,0.00,1.92,41.96,0.08
250,2024-01-09 01:15:00,14.06,14.15,13.95,15.23,94.60,13.10,0.00,0.77,67.89,0.08
250,2024-01-09 01:30:00,14.04,13.70,13.74,14.73,95.10,12.97,0.00,0.66,220.40,0.08
250,2024-01-09 01:45:00,14.02,13.80,13.91,14.57,95.80,13.25,0.00,1.04,130.90,0.08
250,2024-01-09 02:00:00,14.01,14.39,14.36,14.79,96.00,13.73,0.00,1.87,139.40,0.09
250,2024-01-09 02:15:00,14.04,14.83,14.86,15.05,96.20,14.26,0.00,2.53,127.70,0.09
250,2024-01-09 02:30:00,14.09,15.54,15.54,15.75,95.70,14.86,0.00,3.06,114.70,0.08
250,2024-01-09 02:45:00,14.16,16.24,16.12,16.38,94.10,15.17,0.00,3.39,113.10,0.08
250,2024-01-09 03:00:00,14.22,16.56,16.29,16.67,92.40,15.06,0.00,3.22,120.10,0.09
250,2024-01-09 03:15:00,14.30,16.53,16.33,16.68,91.90,15.01,0.00,3.00,117.40,0.09
250,2024-01-09 03:30:00,14.36,16.62,16.46,16.80,91.80,15.12,0.00,2.88,116.40,0.09
250,2024-01-09 03:45:00,14.41,16.69,16.56,16.85,91.80,15.22,0.00,2.91,136.70,0.09
250,2024-01-09 04:00:00,14.45,16.92,16.71,17.01,91.60,15.34,0.00,3.36,146.50,0.08
250,2024-01-09 04:15:00,14.49,16.95,16.71,17.02,91.60,15.34,0.00,2.81,138.50,0.09
250,2024-01-09 04:30:00,14.54,16.93,16.84,17.04,92.20,15.57,0.00,3.46,138.80,0.09
250,2024-01-09 04:45:00,14.59,17.29,17.26,17.40,92.00,15.95,0.00,4.79,135.70,0.08
250,2024-01-09 05:00:00,14.66,17.99,18.00,17.99,91.00,16.51,0.00,7.04,148.80,0.08
250,2024-01-09 05:15:00,14.75,18.75,18.78,18.75,89.50,17.02,0.00,8.57,150.30,0.08
250,2024-01-09 05:30:00,14.89,19.21,19.08,19.19,88.70,17.17,0.00,9.33,149.30,0.09
250,2024-01-09 05:45:00,15.04,19.54,19.39,19.52,88.70,17.48,0.00,8.81,154.10,0.09
250,2024-01-09 06:00:00,15.20,19.77,19.56,19.75,88.80,17.66,0.00,9.28,154.00,0.08
250,2024-01-09 06:15:00,15.36,20.05,19.87,20.04,88.80,17.97,0.00,10.32,155.10,0.08
250,2024-01-09 06:30:00,15.52,20.21,19.91,20.19,89.10,18.06,0.00,10.38,160.30,0.09
250,2024-01-09 06:45:00,15.68,20.27,20.01,20.24,89.30,18.20,0.00,10.79,160.70,0.09
250,2024-01-09 07:00:00,15.83,20.42,20.23,20.41,89.30,18.41,0.00,10.44,159.10,0.09
250,2024-01-09 07:15:00,15.97,20.55,20.32,20.52,89.40,18.52,0.00,10.59,164.30,0.13
250,2024-01-09 07:30:00,16.11,20.79,20.58,20.76,88.90,18.69,0.00,12.48,167.40,0.76
250,2024-01-09 07:45:00,16.24,21.04,20.85,21.01,88.00,18.79,0.00,12.16,166.50,5.02
250,2024-01-09 08:00:00,16.38,21.41,21.23,21.38,86.90,18.96,0.00,12.41,167.80,9.41
250,2024-01-09 08:15:00,16.51,21.75,21.54,21.72,85.70,19.04,0.00,12.14,169.70,18.79
250,2024-01-09 08:30:00,16.65,22.01,21.68,21.97,85.10,19.07,0.00,14.89,174.50,29.41
250,2024-01-09 08:45:00,16.79,22.13,21.85,22.08,84.50,19.12,0.00,16.12,174.80,36.79
250,2024-01-09 09:00:00,16.94,22.21,21.87,22.15,84.60,19.16,0.00,13.09,172.90,63.73
250,2024-01-09 09:15:00,17.09,22.37,22.09,22.29,84.10,19.28,0.00,14.40,170.50,84.10
250,2024-01-09 09:30:00,17.24,22.56,22.28,22.45,83.50,19.35,0.00,13.98,172.00,97.90
250,2024-01-09 09:45:00,17.40,22.76,22.42,22.64,83.10,19.41,0.00,14.49,171.30,115.80
250,2024-01-09 10:00:00,17.58,22.92,22.59,22.80,82.60,19.48,0.00,17.80,173.40,103.10
250,2024-01-09 10:15:00,17.75,22.92,22.59,22.84,82.90,19.54,0.00,16.57,177.20,71.56
250,2024-01-09 10:30:00,17.89,23.12,22.87,22.99,82.00,19.64,0.00,16.50,177.20,129.30
250,2024-01-09 10:45:00,18.03,23.54,23.33,23.37,80.50,19.79,0.00,17.05,178.80,198.60
250,2024-01-09 11:00:00,18.22,24.12,23.97,23.87,78.38,19.98,0.00,18.47,182.80,287.10
250,2024-01-09 11:15:00,18.46,24.46,24.12,24.23,77.34,19.91,0.00,19.06,187.90,233.70
250,2024-01-09 11:30:00,18.71,24.68,24.36,24.44,76.92,20.05,0.00,18.50,185.80,248.20
250,2024-01-09 11:45:00,18.94,24.83,24.39,24.62,76.10,19.91,0.00,20.64,187.50,217.90
250,2024-01-09 12:00:00,19.14,24.75,24.33,24.61,76.66,19.97,0.00,18.00,189.20,121.50
250,2024-01-09 12:15:00,19.28,24.77,24.50,24.63,76.75,20.15,0.00,16.62,195.40,146.20
250,2024-01-09 12:30:00,19.38,25.11,24.74,24.95,75.00,20.01,0.00,16.75,194.40,165.00
250,2024-01-09 12:45:00,19.50,25.17,24.74,25.16,74.50,19.91,0.00,19.00,197.30,76.31
250,2024-01-09 13:00:00,19.57,25.15,24.73,25.20,74.15,19.82,0.00,18.35,195.20,40.71
250,2024-01-09 13:15:00,19.59,25.13,24.82,25.19,73.21,19.70,0.00,17.95,192.60,22.26
250,2024-01-09 13:30:00,19.59,25.31,25.06,25.40,71.75,19.61,0.00,20.88,196.00,11.71
250,2024-01-09 13:45:00,19.58,25.31,24.82,25.35,72.37,19.52,0.00,18.55,193.00,11.56
250,2024-01-09 14:00:00,19.57,25.37,25.09,25.39,71.11,19.49,0.00,19.51,189.60,8.46
250,2024-01-09 14:15:00,19.56,25.38,24.93,25.48,71.51,19.43,0.00,18.83,194.40,6.67
250,2024-01-09 14:30:00,19.56,24.53,23.62,24.95,79.14,19.80,0.00,21.18,200.80,4.72
250,2024-01-09 14:45:00,19.53,23.84,23.47,24.25,80.30,19.88,0.02,20.43,197.00,3.30
250,2024-01-09 15:00:00,19.48,23.16,22.95,23.63,83.60,20.03,0.04,19.34,199.20,2.86
250,2024-01-09 15:15:00,19.43,22.75,22.41,23.19,87.60,20.25,0.05,20.74,201.90,1.71
250,2024-01-09 15:30:00,19.42,21.62,20.15,21.86,94.90,19.31,0.62,21.01,239.90,1.05
250,2024-01-09 15:45:00,19.69,18.34,16.10,18.19,95.90,15.45,0.32,16.75,284.20,2.86
250,2024-01-09 16:00:00,19.60,15.89,15.08,15.68,96.60,14.54,0.02,10.13,299.40,8.53
250,2024-01-09 16:15:00,19.26,15.33,14.76,15.14,95.70,14.08,0.07,9.83,284.60,8.35
250,2024-01-09 16:30:00,18.89,14.89,14.47,14.75,95.20,13.71,0.09,8.09,284.40,8.67
250,2024-01-09 16:45:00,18.51,14.59,14.15,14.42,93.30,13.08,0.03,10.67,280.60,8.57
250,2024-01-09 17:00:00,18.17,14.16,13.80,14.04,92.00,12.52,0.05,10.47,277.80,8.75
250,2024-01-09 17:15:00,17.84,13.86,13.64,13.74,92.10,12.38,0.00,8.94,278.30,11.95
250,2024-01-09 17:30:00,17.57,13.84,13.77,13.77,92.00,12.49,0.00,7.37,260.80,8.50
250,2024-01-09 17:45:00,17.34,13.94,13.92,13.90,92.40,12.71,0.00,6.56,230.40,2.78
250,2024-01-09 18:00:00,17.17,13.98,13.86,13.93,93.20,12.78,0.00,5.97,213.00,0.46
250,2024-01-09 18:15:00,17.02,13.88,13.75,13.88,94.00,12.80,0.01,4.25,182.60,0.10
250,2024-01-09 18:30:00,16.89,13.97,13.91,13.95,94.70,13.07,0.01,4.91,178.50,0.09
250,2024-01-09 18:45:00,16.78,14.20,14.08,14.15,95.10,13.31,0.00,6.24,190.10,0.09
250,2024-01-09 19:00:00,16.69,14.38,14.23,14.33,94.90,13.42,0.00,6.75,200.60,0.09
250,2024-01-09 19:15:00,16.61,14.48,14.31,14.46,94.70,13.47,0.00,7.74,201.10,0.09
250,2024-01-09 19:30:00,16.53,14.51,14.43,14.58,94.10,13.49,0.00,8.59,211.40,0.09
250,2024-01-09 19:45:00,16.44,14.70,14.55,14.76,93.60,13.53,0.00,9.02,215.50,0.09
250,2024-01-09 20:00:00,16.36,14.69,14.52,14.74,94.10,13.58,0.00,9.01,212.60,0.08
250,2024-01-09 20:15:00,16.28,14.59,14.42,14.73,94.30,13.52,0.00,9.11,214.70,0.09
250,2024-01-09 20:30:00,16.19,14.57,14.44,14.78,94.30,13.54,0.00,8.72,211.70,0.08
250,2024-01-09 20:45:00,16.06,14.59,14.46,14.83,94.50,13.59,0.00,9.00,219.00,0.09
250,2024-01-09 21:00:00,15.94,14.59,14.47,14.84,95.00,13.68,0.00,9.56,218.50,0.08
250,2024-01-09 21:15:00,15.82,14.55,14.40,14.79,94.70,13.56,0.00,8.99,222.20,0.08
250,2024-01-09 21:30:00,15.71,14.55,14.40,14.80,94.10,13.46,0.00,9.30,225.80,0.09
250,2024-01-09 21:45:00,15.61,14.55,14.43,14.85,93.30,13.36,0.00,10.03,226.90,0.08
250,2024-01-09 22:00:00,15.51,14.59,14.43,14.94,91.00,12.98,0.00,10.60,235.70,0.09
250,2024-01-09 22:15:00,15.41,14.56,14.49,14.94,90.00,12.87,0.00,9.90,236.00,0.08
250,2024-01-09 22:30:00,15.31,14.57,14.36,14.98,88.80,12.54,0.00,10.45,233.80,0.09
250,2024-01-09 22:45:00,15.21,14.43,14.46,14.90,88.50,12.58,0.00,10.05,236.60,0.09
250,2024-01-09 23:00:00,15.11,14.64,14.60,15.12,86.90,12.44,0.00,10.98,249.10,0.08
250,2024-01-09 23:15:00,15.01,14.78,14.77,15.26,84.80,12.24,0.00,12.05,262.50,0.09
250,2024-01-09 23:30:00,14.91,14.95,14.83,15.41,81.30,11.66,0.00,14.17,268.90,0.09
250,2024-01-09 23:45:00,14.82,14.87,14.86,15.34,78.69,11.19,0.00,13.81,267.40,0.09
250,2024-01-10 00:00:00,14.72,14.79,14.72,15.28,78.03,10.93,0.00,14.66,266.40,0.08
250,2024-01-10 00:15:00,14.63,14.53,14.52,15.05,77.48,10.63,0.00,13.53,272.50,0.09
250,2024-01-10 00:30:00,14.51,14.51,14.37,14.95,77.60,10.51,0.00,13.56,273.90,0.08
250,2024-01-10 00:45:00,14.41,14.27,14.25,14.67,77.48,10.37,0.00,11.97,273.60,0.08
250,2024-01-10 01:00:00,14.30,14.10,13.84,14.47,77.92,10.06,0.00,11.17,277.70,0.08
250,2024-01-10 01:15:00,14.19,13.86,13.70,14.24,75.70,9.49,0.00,11.91,277.20,0.09
250,2024-01-10 01:30:00,14.07,13.59,13.46,14.05,75.33,9.18,0.00,12.69,273.90,0.09
250,2024-01-10 01:45:00,13.95,13.35,13.07,13.77,76.36,9.01,0.00,10.04,280.60,0.08
250,2024-01-10 02:00:00,13.82,13.10,12.90,13.51,76.31,8.83,0.00,9.56,280.30,0.08
250,2024-01-10 02:15:00,13.70,12.97,12.83,13.26,73.98,8.31,0.00,11.10,283.40,0.08
250,2024-01-10 02:30:00,13.56,12.36,12.17,12.81,76.15,8.10,0.00,10.18,279.50,0.08
250,2024-01-10 02:45:00,13.43,12.06,11.93,12.49,75.82,7.80,0.00,8.96,283.60,0.08
250,2024-01-10 03:00:00,13.29,11.78,11.47,12.11,76.64,7.51,0.00,7.40,289.90,0.09
250,2024-01-10 03:15:00,13.13,11.30,11.15,11.75,76.48,7.17,0.00,7.30,286.80,0.08
250,2024-01-10 03:30:00,12.98,10.98,10.88,11.41,76.92,6.99,0.00,7.03,286.80,0.09
250,2024-01-10 03:45:00,12.84,10.91,10.79,11.16,75.11,6.56,0.00,7.48,296.20,0.09
250,2024-01-10 04:00:00,12.68,10.57,10.33,10.88,75.30,6.15,0.00,6.29,291.90,0.08
250,2024-01-10 04:15:00,12.53,10.30,10.06,10.57,74.94,5.82,0.00,5.76,306.20,0.09
250,2024-01-10 04:30:00,12.37,9.86,9.69,10.15,73.20,5.13,0.00,6.03,306.80,0.08
250,2024-01-10 04:45:00,12.22,9.63,9.47,9.85,69.08,4.09,0.00,7.54,302.90,0.08
250,2024-01-10 05:00:00,12.06,9.25,8.98,9.52,70.80,3.97,0.00,6.08,298.40,0.09
250,2024-01-10 05:15:00,11.88,8.80,8.67,9.11,71.43,3.79,0.00,4.91,305.20,0.09
250,2024-01-10 05:30:00,11.72,8.10,7.95,8.79,73.92,3.58,0.00,3.58,288.80,0.10
250,2024-01-10 05:45:00,11.57,6.75,7.20,8.44,76.44,3.33,0.00,2.97,276.50,0.10
250,2024-01-10 06:00:00,11.42,6.15,6.76,8.07,79.84,3.52,0.00,2.35,263.10,0.10
250,2024-01-10 06:15:00,11.26,6.05,6.69,7.87,80.90,3.64,0.00,2.77,278.50,0.10
250,2024-01-10 06:30:00,11.12,5.82,6.09,7.56,82.70,3.37,0.00,2.70,268.10,0.11
250,2024-01-10 06:45:00,10.98,5.37,6.14,7.31,83.00,3.47,0.00,2.62,273.90,0.11
250,2024-01-10 07:00:00,10.83,5.10,5.65,6.95,82.60,2.93,0.00,1.52,278.00,0.12
250,2024-01-10 07:15:00,10.69,4.42,5.02,6.43,86.20,2.90,0.00,1.85,258.90,0.43
250,2024-01-10 07:30:00,10.55,4.14,5.00,6.40,88.20,3.21,0.00,2.24,272.20,3.68
250,2024-01-10 07:45:00,10.42,4.48,4.91,6.25,87.70,3.04,0.00,1.81,264.70,11.14
250,2024-01-10 08:00:00,10.30,4.39,4.79,6.79,88.50,3.05,0.00,2.42,255.70,18.33
250,2024-01-10 08:15:00,10.20,4.96,6.07,7.28,88.10,4.25,0.00,2.74,269.60,23.29
250,2024-01-10 08:30:00,10.13,7.01,7.45,7.87,80.40,4.30,0.00,2.62,275.10,31.45
250,2024-01-10 08:45:00,10.08,8.20,8.60,8.52,70.19,3.48,0.00,3.74,295.20,166.10
250,2024-01-10 09:00:00,10.07,9.27,8.88,8.87,66.82,3.05,0.00,4.38,299.00,212.20
250,2024-01-10 09:15:00,10.19,9.79,9.42,9.18,65.98,3.39,0.00,5.00,305.60,253.90
250,2024-01-10 09:30:00,10.41,10.12,9.66,9.38,63.94,3.17,0.00,6.17,318.10,295.20
250,2024-01-10 09:45:00,10.70,10.53,10.10,9.76,63.83,3.56,0.00,7.24,314.40,335.50
250,2024-01-10 10:00:00,11.01,10.75,10.40,9.98,62.54,3.56,0.00,7.74,324.70,361.40
250,2024-01-10 10:15:00,11.33,11.26,10.94,10.37,59.10,3.27,0.00,6.67,303.90,412.60
250,2024-01-10 10:30:00,11.67,11.90,11.41,10.96,60.78,4.11,0.00,6.97,318.50,455.90
250,2024-01-10 10:45:00,12.05,11.95,11.47,11.05,58.70,3.67,0.00,7.71,314.30,467.70
250,2024-01-10 11:00:00,12.40,12.17,11.50,11.14,58.34,3.61,0.00,8.79,305.30,477.80
250,2024-01-10 11:15:00,12.74,12.49,11.91,11.33,55.83,3.37,0.00,8.56,292.30,517.60
250,2024-01-10 11:30:00,13.07,12.92,12.31,11.76,54.81,3.48,0.00,10.17,286.40,552.40
250,2024-01-10 11:45:00,13.39,13.40,12.60,12.13,53.73,3.47,0.00,10.02,291.80,570.70
250,2024-01-10 12:00:00,13.68,13.61,12.75,12.27,53.80,3.63,0.00,10.70,283.30,575.60
250,2024-01-10 12:15:00,13.95,13.86,13.07,12.64,51.47,3.30,0.00,8.37,304.50,521.30
250,2024-01-10 12:30:00,14.20,14.07,13.26,12.81,51.23,3.41,0.00,7.73,301.00,589.00
250,2024-01-10 12:45:00,14.44,14.47,13.67,13.10,53.27,4.34,0.00,8.76,295.60,588.20
250,2024-01-10 13:00:00,14.65,14.60,13.75,13.28,51.91,4.05,0.00,7.92,286.00,586.70
250,2024-01-10 13:15:00,14.83,15.10,14.52,13.74,49.65,4.12,0.00,6.94,306.80,554.90
250,2024-01-10 13:30:00,14.99,15.25,14.53,13.99,52.32,4.88,0.00,6.34,287.00,529.70
250,2024-01-10 13:45:00,15.13,15.32,14.21,14.11,51.26,4.29,0.00,6.74,311.10,517.00
250,2024-01-10 14:00:00,15.27,15.51,14.74,14.29,51.63,4.88,0.00,7.51,281.10,485.00
250,2024-01-10 14:15:00,15.41,15.66,14.86,14.49,50.23,4.60,0.00,7.30,291.90,526.70
250,2024-01-10 14:30:00,15.54,16.18,15.18,14.97,50.27,4.91,0.00,5.77,288.00,490.30
250,2024-01-10 14:45:00,15.70,16.25,15.49,15.13,51.23,5.47,0.00,6.20,284.70,463.50
250,2024-01-10 15:00:00,15.86,16.44,15.55,15.27,47.69,4.49,0.00,8.01,257.40,438.40
250,2024-01-10 15:15:00,16.00,16.18,15.33,15.15,48.31,4.48,0.00,7.98,267.80,306.70
250,2024-01-10 15:30:00,16.06,15.81,15.28,14.98,49.39,4.75,0.00,9.05,268.50,262.10
250,2024-01-10 15:45:00,16.04,15.75,14.93,14.95,47.55,3.88,0.00,6.38,282.40,239.10
250,2024-01-10 16:00:00,16.00,15.60,15.11,15.01,47.18,3.94,0.00,6.22,284.10,234.70
250,2024-01-10 16:15:00,15.95,15.56,15.00,14.99,48.52,4.24,0.00,7.39,282.30,198.50
250,2024-01-10 16:30:00,15.88,15.34,14.80,14.90,49.19,4.25,0.00,7.35,270.80,160.10
250,2024-01-10 16:45:00,15.78,15.02,14.58,14.78,51.13,4.60,0.00,6.74,269.30,115.20
250,2024-01-10 17:00:00,15.62,14.65,14.22,14.59,53.30,4.86,0.00,6.04,260.60,83.00
250,2024-01-10 17:15:00,15.45,13.94,13.64,14.24,56.56,5.17,0.00,3.74,273.60,56.21
250,2024-01-10 17:30:00,15.27,13.21,13.30,13.99,57.38,5.06,0.00,3.55,278.60,37.46
250,2024-01-10 17:45:00,15.07,12.70,12.59,13.64,59.26,4.86,0.00,3.88,271.30,18.14
250,2024-01-10 18:00:00,14.86,11.32,11.56,13.17,65.86,5.40,0.00,3.62,256.50,2.02
250,2024-01-10 18:15:00,14.63,10.43,10.65,12.25,72.60,5.93,0.00,2.01,228.80,0.22
250,2024-01-10 18:30:00,14.40,9.89,10.13,10.91,77.45,6.37,0.00,0.63,201.30,0.08
250,2024-01-10 18:45:00,14.18,9.29,9.41,10.34,82.60,6.60,0.00,1.62,243.60,0.08
250,2024-01-10 19:00:00,13.97,8.89,9.41,10.91,79.10,5.97,0.00,4.21,235.30,0.08
250,2024-01-10 19:15:00,13.77,8.81,9.98,11.49,73.80,5.52,0.00,4.28,248.60,0.08
250,2024-01-10 19:30:00,13.55,8.91,9.64,11.22,77.77,5.95,0.00,4.07,245.60,0.08
250,2024-01-10 19:45:00,13.34,8.91,9.09,10.85,82.30,6.23,0.00,3.55,230.00,0.07
250,2024-01-10 20:00:00,13.16,8.76,9.12,10.82,83.30,6.44,0.00,4.69,219.70,0.08
250,2024-01-10 20:15:00,12.99,9.28,9.28,10.58,83.00,6.54,0.00,5.19,209.70,0.08
250,2024-01-10 20:30:00,12.84,9.10,9.11,10.20,82.80,6.34,0.00,4.86,223.30,0.07
250,2024-01-10 20:45:00,12.70,8.68,9.02,9.94,83.90,6.44,0.00,3.97,219.90,0.08
250,2024-01-10 21:00:00,12.57,8.83,8.85,9.63,84.70,6.42,0.00,4.21,230.20,0.08
250,2024-01-10 21:15:00,12.46,8.63,8.81,9.54,84.80,6.39,0.00,3.43,238.10,0.07
250,2024-01-10 21:30:00,12.34,8.57,8.51,9.37,86.30,6.35,0.00,3.85,218.10,0.08
250,2024-01-10 21:45:00,12.23,8.49,8.51,9.28,86.60,6.40,0.00,3.33,225.90,0.07
250,2024-01-10 22:00:00,12.13,8.29,8.33,9.13,86.10,6.14,0.00,2.22,244.70,0.07
250,2024-01-10 22:15:00,12.03,8.35,8.61,9.21,84.30,6.11,0.00,2.56,220.00,0.08
250,2024-01-10 22:30:00,11.95,8.53,8.61,9.13,83.20,5.92,0.00,2.12,174.00,0.08
250,2024-01-10 22:45:00,11.86,8.71,8.64,9.02,82.30,5.79,0.00,3.06,171.60,0.08
250,2024-01-10 23:00:00,11.74,8.60,8.51,8.83,83.00,5.79,0.00,2.55,176.90,0.08
250,2024-01-10 23:15:00,11.63,7.78,7.57,8.54,85.90,5.36,0.00,1.62,153.00,0.07
250,2024-01-10 23:30:00,11.52,6.85,7.05,7.99,88.20,5.24,0.00,1.50,162.90,0.08
250,2024-01-10 23:45:00,11.39,6.61,6.93,7.91,89.50,5.32,0.00,1.80,171.40,0.08
250,2024-01-11 00:00:00,11.28,6.10,6.25,7.35,91.00,4.89,0.00,0.78,160.40,0.08
250,2024-01-11 00:15:00,11.16,5.85,6.12,6.86,92.30,4.97,0.00,1.46,190.50,0.08
250,2024-01-11 00:30:00,11.03,5.93,6.09,6.82,93.20,5.08,0.00,1.90,211.00,0.09
250,2024-01-11 00:45:00,10.92,5.76,6.09,6.90,93.80,5.17,0.00,2.03,212.70,0.08
250,2024-01-11 01:00:00,10.80,5.67,5.63,6.34,93.80,4.71,0.00,0.90,253.20,0.09
250,2024-01-11 01:15:00,10.69,5.09,5.24,5.97,94.10,4.37,0.00,0.54,252.00,0.09
250,2024-01-11 01:30:00,10.57,4.73,4.88,5.59,94.40,4.05,0.00,0.67,70.29,0.10
250,2024-01-11 01:45:00,10.46,4.82,5.29,5.51,95.40,4.61,0.00,1.35,144.50,0.09
250,2024-01-11 02:00:00,10.35,4.81,4.91,5.60,95.30,4.22,0.00,1.85,104.40,0.09
250,2024-01-11 02:15:00,10.24,4.71,4.88,5.56,95.70,4.25,0.00,1.42,103.20,0.09
250,2024-01-11 02:30:00,10.13,4.72,4.92,5.42,95.90,4.32,0.00,1.82,96.60,0.09
250,2024-01-11 02:45:00,10.03,4.29,4.44,5.17,95.90,3.84,0.00,1.17,97.30,0.09
250,2024-01-11 03:00:00,9.92,3.98,4.14,4.95,96.10,3.57,0.00,0.60,347.40,0.09
250,2024-01-11 03:15:00,9.82,3.79,4.07,4.61,96.60,3.58,0.00,0.46,98.70,0.09
250,2024-01-11 03:30:00,9.72,3.61,3.75,4.55,96.50,3.24,0.00,0.51,65.45,0.09
250,2024-01-11 03:45:00,9.62,3.67,3.91,4.47,97.00,3.48,0.00,0.90,183.80,0.08
250,2024-01-11 04:00:00,9.53,3.77,3.91,4.57,97.10,3.50,0.00,1.18,252.30,0.10
250,2024-01-11 04:15:00,9.45,3.73,3.88,4.39,97.30,3.50,0.00,1.07,258.70,0.09
250,2024-01-11 04:30:00,9.38,4.08,4.16,4.41,97.40,3.78,0.00,1.64,166.90,0.09
250,2024-01-11 04:45:00,9.30,4.28,4.14,4.70,97.10,3.72,0.00,1.51,143.80,0.09
250,2024-01-11 05:00:00,9.23,3.81,3.87,4.50,97.20,3.47,0.00,0.95,117.80,0.11
250,2024-01-11 05:15:00,9.17,3.92,4.04,4.66,97.50,3.68,0.00,1.16,113.70,0.10
250,2024-01-11 05:30:00,9.11,3.93,3.91,4.42,97.40,3.54,0.00,0.53,0.89,0.09
250,2024-01-11 05:45:00,9.05,3.60,3.72,4.22,97.40,3.34,0.00,0.92,239.20,0.08
250,2024-01-11 06:00:00,9.00,3.64,3.72,4.22,97.70,3.39,0.00,0.73,227.00,0.10
250,2024-01-11 06:15:00,8.95,3.82,3.85,4.26,97.80,3.53,0.00,1.14,191.70,0.09
250,2024-01-11 06:30:00,8.91,4.11,3.97,4.34,97.80,3.65,0.00,1.50,176.40,0.09
250,2024-01-11 06:45:00,8.87,4.12,4.00,4.30,97.80,3.68,0.00,0.64,100.30,0.10
250,2024-01-11 07:00:00,8.84,4.11,4.00,4.24,98.00,3.71,0.00,0.64,123.60,0.10
250,2024-01-11 07:15:00,8.82,4.19,4.10,4.36,98.10,3.83,0.00,0.80,139.40,0.23
250,2024-01-11 07:30:00,8.80,4.36,4.24,4.49,98.10,3.96,0.00,0.97,82.50,2.41
250,2024-01-11 07:45:00,8.80,4.55,4.48,4.52,98.20,4.22,0.00,1.20,202.60,14.24
250,2024-01-11 08:00:00,8.81,4.92,4.85,4.92,98.20,4.59,0.00,0.95,149.20,30.02
250,2024-01-11 08:15:00,8.84,5.45,5.40,5.41,98.30,5.15,0.00,0.63,179.60,43.38
250,2024-01-11 08:30:00,8.89,5.98,5.78,5.86,98.20,5.52,0.00,0.62,56.92,69.28
250,2024-01-11 08:45:00,8.97,6.51,6.36,6.32,98.30,6.11,0.00,0.64,48.71,81.50
250,2024-01-11 09:00:00,9.09,7.22,7.04,6.95,98.40,6.81,0.00,0.69,107.50,116.10
250,2024-01-11 09:15:00,9.24,8.05,7.65,7.67,97.90,7.34,0.00,1.51,142.60,130.80
250,2024-01-11 09:30:00,9.44,8.76,8.50,8.38,97.80,8.17,0.00,1.12,146.70,169.60
250,2024-01-11 09:45:00,9.66,9.95,9.49,9.55,97.40,9.10,0.00,0.82,98.90,186.30
250,2024-01-11 10:00:00,9.94,11.20,10.68,10.80,95.50,9.99,0.00,1.37,142.80,262.70
250,2024-01-11 10:15:00,10.26,12.29,11.98,11.82,92.30,10.77,0.00,1.84,123.40,321.70
250,2024-01-11 10:30:00,10.65,13.44,12.72,12.72,83.90,10.07,0.00,2.31,107.70,324.00
250,2024-01-11 10:45:00,11.13,14.06,13.78,13.22,77.57,9.93,0.00,2.51,108.10,396.10
250,2024-01-11 11:00:00,11.60,15.09,14.49,14.46,72.93,9.70,0.00,1.56,79.33,394.30
250,2024-01-11 11:15:00,12.10,15.93,15.11,15.24,70.41,9.77,0.00,2.28,336.10,489.80
250,2024-01-11 11:30:00,12.65,16.56,15.05,15.68,70.53,9.74,0.00,2.69,60.28,446.00
250,2024-01-11 11:45:00,13.17,16.32,15.54,15.43,69.22,9.93,0.00,8.60,45.53,462.00
250,2024-01-11 12:00:00,13.62,16.54,15.92,15.48,67.08,9.82,0.00,3.88,12.88,549.60
250,2024-01-11 12:15:00,14.07,17.15,15.96,16.01,68.06,10.08,0.00,4.76,336.80,522.70
250,2024-01-11 12:30:00,14.52,17.27,16.53,16.01,65.16,9.97,0.00,4.33,329.00,555.30
250,2024-01-11 12:45:00,14.92,17.54,16.60,16.40,65.91,10.21,0.00,4.16,348.60,512.90
250,2024-01-11 13:00:00,15.26,17.58,16.49,16.52,66.71,10.28,0.00,3.31,333.00,404.10
250,2024-01-11 13:15:00,15.50,17.77,16.85,16.77,65.74,10.41,0.00,3.80,12.77,451.60
250,2024-01-11 13:30:00,15.70,17.99,17.00,17.19,66.14,10.64,0.00,3.39,40.97,462.90
250,2024-01-11 13:45:00,15.90,18.30,17.72,17.26,64.96,11.05,0.00,3.36,11.79,453.30
250,2024-01-11 14:00:00,16.13,18.24,16.77,17.16,65.54,10.28,0.00,4.66,42.52,362.20
250,2024-01-11 14:15:00,16.33,17.63,16.88,16.86,64.84,10.23,0.00,4.44,65.00,311.90
250,2024-01-11 14:30:00,16.45,17.89,17.36,17.12,64.62,10.63,0.00,4.27,65.52,414.20
250,2024-01-11 14:45:00,16.54,18.53,17.56,17.51,61.89,10.17,0.00,4.16,355.60,382.70
250,2024-01-11 15:00:00,16.67,18.07,17.45,17.32,62.70,10.27,0.00,4.00,19.41,263.70
250,2024-01-11 15:15:00,16.76,18.40,17.65,17.61,59.86,9.76,0.00,3.30,60.74,352.60
250,2024-01-11 15:30:00,16.83,18.55,17.69,17.88,60.29,9.91,0.00,3.38,62.99,330.70
250,2024-01-11 15:45:00,16.91,18.47,17.85,17.70,60.10,10.01,0.00,4.14,58.29,304.40
250,2024-01-11 16:00:00,17.01,18.73,17.65,18.11,59.39,9.64,0.00,2.58,30.83,239.60
250,2024-01-11 16:15:00,17.06,18.46,18.20,17.94,59.34,10.15,0.00,2.94,25.37,218.10
250,2024-01-11 16:30:00,17.07,18.69,17.85,18.12,60.23,10.04,0.00,3.60,39.79,207.10
250,2024-01-11 16:45:00,17.05,18.46,17.67,17.89,60.31,9.89,0.00,3.00,41.27,153.60
250,2024-01-11 17:00:00,16.98,18.17,17.38,17.87,61.00,9.79,0.00,3.14,65.50,112.50
250,2024-01-11 17:15:00,16.89,17.50,16.88,17.40,65.17,10.30,0.00,3.70,105.00,66.12
250,2024-01-11 17:30:00,16.74,16.95,16.41,16.96,67.88,10.47,0.00,2.62,96.40,41.21
250,2024-01-11 17:45:00,16.55,16.06,15.78,16.35,69.28,10.17,0.00,3.03,82.70,10.14
250,2024-01-11 18:00:00,16.33,15.41,15.31,15.93,70.47,9.97,0.00,2.51,65.81,2.03
250,2024-01-11 18:15:00,16.10,14.66,14.35,15.34,74.13,9.81,0.00,2.33,57.57,0.36
250,2024-01-11 18:30:00,15.86,14.05,14.19,14.99,74.88,9.80,0.00,2.39,84.20,0.09
250,2024-01-11 18:45:00,15.64,13.82,13.97,14.55,76.21,9.85,0.00,1.55,85.60,0.08
250,2024-01-11 19:00:00,15.42,13.70,13.84,14.42,78.20,10.11,0.00,1.89,123.40,0.08
250,2024-01-11 19:15:00,15.23,13.63,13.51,14.11,79.86,10.10,0.00,1.83,85.20,0.08
250,2024-01-11 19:30:00,15.07,13.38,13.28,13.92,81.20,10.13,0.00,1.96,86.20,0.09
250,2024-01-11 19:45:00,14.92,13.36,13.14,13.76,81.80,10.10,0.00,1.81,73.00,0.08
250,2024-01-11 20:00:00,14.79,13.01,12.95,13.48,83.40,10.21,0.00,1.46,78.12,0.09
250,2024-01-11 20:15:00,14.68,13.01,13.00,13.43,83.00,10.18,0.00,2.33,89.90,0.08
250,2024-01-11 20:30:00,14.58,13.19,13.10,13.48,82.10,10.12,0.00,2.73,96.10,0.08
250,2024-01-11 20:45:00,14.48,13.26,13.11,13.44,81.90,10.09,0.00,3.10,88.20,0.08
250,2024-01-11 21:00:00,14.38,13.20,12.97,13.32,82.50,10.06,0.00,3.54,88.90,0.08
250,2024-01-11 21:15:00,14.29,13.07,12.80,13.13,83.00,9.99,0.00,3.67,96.40,0.09
250,2024-01-11 21:30:00,14.22,12.75,12.51,12.88,84.50,9.97,0.00,3.42,109.60,0.08
250,2024-01-11 21:45:00,14.12,12.50,12.35,12.67,85.10,9.92,0.00,3.09,96.40,0.08
250,2024-01-11 22:00:00,14.02,12.30,12.11,12.50,85.00,9.67,0.00,3.04,66.79,0.08
250,2024-01-11 22:15:00,13.91,12.11,11.97,12.36,85.40,9.60,0.00,2.62,91.10,0.09
250,2024-01-11 22:30:00,13.80,11.98,11.80,12.20,85.80,9.50,0.00,1.87,99.30,0.08
250,2024-01-11 22:45:00,13.71,11.87,11.85,12.08,86.80,9.72,0.00,2.35,129.90,0.08
250,2024-01-11 23:00:00,13.62,11.84,11.57,11.97,87.20,9.52,0.00,2.40,103.00,0.08
250,2024-01-11 23:15:00,13.53,11.61,11.54,11.83,87.80,9.59,0.00,2.56,103.20,0.08
250,2024-01-11 23:30:00,13.46,11.65,11.47,11.80,88.20,9.59,0.00,2.48,99.40,0.08
250,2024-01-11 23:45:00,13.38,11.61,11.49,11.75,88.60,9.67,0.00,1.85,119.70,0.08
250,2024-01-12 00:00:00,13.31,11.60,11.46,11.72,88.90,9.69,0.00,1.11,93.20,0.08
250,2024-01-12 00:15:00,13.26,11.56,11.47,11.69,88.80,9.69,0.00,1.58,65.31,0.08
250,2024-01-12 00:30:00,13.21,11.62,11.60,11.84,88.60,9.78,0.00,2.09,89.60,0.08
250,2024-01-12 00:45:00,13.18,11.80,11.70,11.94,88.10,9.80,0.00,1.70,99.90,0.08
250,2024-01-12 01:00:00,13.14,11.76,11.60,11.95,88.00,9.68,0.00,1.72,89.50,0.08
250,2024-01-12 01:15:00,13.10,11.52,11.43,11.80,88.40,9.58,0.00,1.50,47.31,0.08
250,2024-01-12 01:30:00,13.06,11.35,11.30,11.65,89.10,9.57,0.00,0.63,31.01,0.08
250,2024-01-12 01:45:00,13.02,11.11,10.99,11.49,89.90,9.40,0.00,1.49,24.42,0.08
250,2024-01-12 02:00:00,12.97,11.14,11.16,11.53,91.10,9.76,0.00,1.15,74.70,0.08
250,2024-01-12 02:15:00,12.95,11.47,11.39,11.61,91.20,10.01,0.00,1.06,70.42,0.08
250,2024-01-12 02:30:00,12.96,11.63,11.46,11.69,91.00,10.04,0.00,1.63,81.50,0.08
250,2024-01-12 02:45:00,12.96,11.72,11.56,11.79,90.50,10.06,0.00,1.24,92.50,0.08
250,2024-01-12 03:00:00,12.96,11.81,11.71,11.86,89.60,10.06,0.00,1.16,73.98,0.08
250,2024-01-12 03:15:00,12.95,11.99,11.83,12.04,88.50,9.99,0.00,1.07,56.51,0.08
250,2024-01-12 03:30:00,12.96,11.98,11.78,12.09,88.30,9.91,0.00,2.43,61.30,0.08
250,2024-01-12 03:45:00,12.97,12.13,11.93,12.19,87.20,9.87,0.00,2.78,62.28,0.08
250,2024-01-12 04:00:00,12.97,12.08,11.90,12.14,86.90,9.79,0.00,2.11,72.46,0.08
250,2024-01-12 04:15:00,12.96,12.10,11.91,12.15,86.80,9.78,0.00,3.15,87.90,0.08
250,2024-01-12 04:30:00,12.96,12.14,11.95,12.20,86.40,9.75,0.00,1.75,96.80,0.08
250,2024-01-12 04:45:00,12.95,12.33,12.18,12.33,85.70,9.86,0.00,1.84,111.10,0.08
250,2024-01-12 05:00:00,12.96,12.53,12.38,12.51,85.20,9.97,0.00,2.14,107.70,0.08
250,2024-01-12 05:15:00,12.98,12.70,12.52,12.64,85.60,10.17,0.00,1.52,100.90,0.08
250,2024-01-12 05:30:00,13.01,12.82,12.59,12.75,85.90,10.29,0.00,1.52,118.70,0.08
250,2024-01-12 05:45:00,13.05,12.98,12.80,12.92,85.80,10.48,0.00,2.01,107.30,0.08
250,2024-01-12 06:00:00,13.10,13.15,12.99,13.09,86.10,10.72,0.00,1.72,103.70,0.08
250,2024-01-12 06:15:00,13.14,13.35,13.20,13.29,85.90,10.89,0.00,1.76,125.00,0.08
250,2024-01-12 06:30:00,13.19,13.52,13.31,13.46,86.10,11.04,0.00,2.45,97.60,0.08
250,2024-01-12 06:45:00,13.23,13.59,13.33,13.54,86.80,11.18,0.00,2.69,100.80,0.08
250,2024-01-12 07:00:00,13.28,13.57,13.36,13.52,87.70,11.36,0.00,2.20,110.00,0.09
250,2024-01-12 07:15:00,13.31,13.70,13.48,13.65,88.10,11.55,0.00,2.17,118.20,0.20
250,2024-01-12 07:30:00,13.36,13.82,13.62,13.76,89.00,11.84,0.00,2.06,118.10,1.55
250,2024-01-12 07:45:00,13.40,13.86,13.67,13.80,90.60,12.16,0.00,2.11,102.10,6.23
250,2024-01-12 08:00:00,13.44,14.07,13.92,14.01,91.40,12.54,0.00,1.99,106.60,9.35
250,2024-01-12 08:15:00,13.49,14.37,14.23,14.29,91.80,12.92,0.00,1.42,47.10,12.25
250,2024-01-12 08:30:00,13.56,14.62,14.44,14.57,92.30,13.21,0.00,1.89,178.80,11.78
250,2024-01-12 08:45:00,13.64,14.86,14.79,14.84,93.20,13.70,0.00,1.39,118.90,24.66
250,2024-01-12 09:00:00,13.72,15.15,14.98,15.07,94.10,14.04,0.02,1.97,128.40,41.09
250,2024-01-12 09:15:00,13.83,15.22,14.96,15.15,94.70,14.12,0.02,2.07,191.10,38.74
250,2024-01-12 09:30:00,13.94,15.45,15.27,15.29,95.60,14.57,0.00,2.58,115.00,77.79
250,2024-01-12 09:45:00,14.10,15.69,15.48,15.53,95.90,14.83,0.01,2.16,115.40,46.49
250,2024-01-12 10:00:00,14.25,15.82,15.58,15.70,96.10,14.96,0.01,1.91,121.40,48.43
250,2024-01-12 10:15:00,14.39,15.99,15.85,15.88,96.60,15.31,0.00,1.46,103.30,58.60
250,2024-01-12 10:30:00,14.53,16.52,16.40,16.38,96.70,15.87,0.00,1.23,114.10,83.60
250,2024-01-12 10:45:00,14.68,17.08,16.96,16.93,96.90,16.46,0.00,1.90,138.50,95.30
250,2024-01-12 11:00:00,14.87,17.45,17.12,17.23,96.80,16.61,0.00,3.33,134.50,101.70
250,2024-01-12 11:15:00,15.06,17.74,17.42,17.52,96.70,16.89,0.00,2.18,139.00,100.20
250,2024-01-12 11:30:00,15.26,18.08,17.77,17.80,96.70,17.24,0.00,4.41,142.10,122.70
250,2024-01-12 11:45:00,15.45,18.50,18.27,18.13,96.50,17.70,0.00,5.10,146.90,121.40
250,2024-01-12 12:00:00,15.67,18.57,18.30,18.30,96.30,17.70,0.00,5.02,154.70,132.90
250,2024-01-12 12:15:00,15.87,18.93,18.70,18.64,96.20,18.08,0.00,6.26,170.50,168.20
250,2024-01-12 12:30:00,16.09,19.19,18.92,18.92,96.20,18.30,0.00,7.03,175.70,143.50
250,2024-01-12 12:45:00,16.31,19.48,19.22,19.22,96.00,18.57,0.00,5.10,170.60,128.40
250,2024-01-12 13:00:00,16.51,19.95,19.90,19.64,96.00,19.24,0.00,7.76,176.20,144.80
250,2024-01-12 13:15:00,16.70,20.42,20.23,20.15,95.70,19.52,0.00,8.79,179.30,158.00
250,2024-01-12 13:30:00,16.92,20.81,20.52,20.58,95.30,19.74,0.00,11.15,182.00,159.70
250,2024-01-12 13:45:00,17.13,20.97,20.66,20.73,95.40,19.90,0.00,10.75,185.80,116.50
250,2024-01-12 14:00:00,17.33,21.06,20.79,20.91,95.30,20.01,0.00,11.41,188.80,117.90
250,2024-01-12 14:15:00,17.50,21.24,21.09,21.09,95.30,20.31,0.00,11.24,194.50,122.70
250,2024-01-12 14:30:00,17.65,21.59,21.27,21.38,94.70,20.39,0.00,11.30,194.00,118.30
250,2024-01-12 14:45:00,17.81,21.77,21.44,21.53,94.50,20.52,0.00,10.68,202.30,120.20
250,2024-01-12 15:00:00,17.96,22.28,21.97,21.91,93.20,20.82,0.00,9.23,199.40,179.70
250,2024-01-12 15:15:00,18.15,22.65,22.35,22.37,92.40,21.06,0.00,10.92,203.80,152.30
250,2024-01-12 15:30:00,18.35,23.00,22.76,22.77,91.30,21.27,0.00,10.18,194.40,162.30
250,2024-01-12 15:45:00,18.52,23.56,23.33,23.22,89.80,21.56,0.00,10.47,197.20,208.20
250,2024-01-12 16:00:00,18.70,24.05,23.85,23.70,88.10,21.76,0.00,10.74,199.80,198.50
250,2024-01-12 16:15:00,18.89,24.47,23.95,24.11,87.80,21.80,0.00,8.70,214.90,150.10
250,2024-01-12 16:30:00,19.05,24.23,23.81,24.21,88.30,21.76,0.00,8.28,212.90,58.59
250,2024-01-12 16:45:00,19.15,23.99,23.65,24.13,89.20,21.77,0.00,7.39,207.70,35.84
250,2024-01-12 17:00:00,19.20,24.13,23.79,24.21,88.60,21.80,0.00,8.20,197.10,49.27
250,2024-01-12 17:15:00,19.24,24.14,23.81,24.28,88.50,21.80,0.00,7.34,200.80,23.34
250,2024-01-12 17:30:00,19.26,23.92,23.65,24.33,89.20,21.77,0.00,7.58,209.90,9.74
250,2024-01-12 17:45:00,19.26,23.88,23.71,24.37,88.90,21.77,0.00,6.97,209.80,4.52
250,2024-01-12 18:00:00,19.26,23.90,23.58,24.35,89.00,21.66,0.00,6.87,202.20,1.19
250,2024-01-12 18:15:00,19.26,24.08,24.13,24.61,86.60,21.76,0.00,9.48,216.50,0.17
250,2024-01-12 18:30:00,19.26,24.79,24.69,25.19,84.40,21.88,0.00,13.49,222.90,0.08
250,2024-01-12 18:45:00,19.29,24.99,24.84,25.34,84.30,22.01,0.00,14.68,226.00,0.08
250,2024-01-12 19:00:00,19.36,24.97,24.70,25.26,85.60,22.13,0.00,14.76,226.80,0.09
250,2024-01-12 19:15:00,19.43,24.97,24.74,25.22,85.90,22.22,0.00,15.21,227.90,0.09
250,2024-01-12 19:30:00,19.51,25.05,24.86,25.31,86.40,22.44,0.00,17.00,234.40,0.09
250,2024-01-12 19:45:00,19.59,25.11,24.80,25.36,86.70,22.43,0.00,18.51,232.70,0.09
250,2024-01-12 20:00:00,19.66,25.14,24.86,25.39,85.90,22.34,0.01,19.70,236.00,0.08
250,2024-01-12 20:15:00,19.74,25.12,24.80,25.34,86.30,22.36,0.00,19.24,235.30,0.09
250,2024-01-12 20:30:00,19.80,25.02,24.73,25.23,86.80,22.38,0.00,19.65,238.90,0.08
250,2024-01-12 20:45:00,19.88,24.97,24.72,25.16,86.80,22.37,0.00,20.13,234.80,0.08
250,2024-01-12 21:00:00,19.93,24.90,24.63,25.09,87.00,22.32,0.00,21.75,236.20,0.08
250,2024-01-12 21:15:00,19.98,24.90,24.64,25.10,86.80,22.30,0.00,19.72,234.80,0.08
250,2024-01-12 21:30:00,20.04,24.94,24.72,25.11,86.90,22.39,0.00,18.77,236.90,0.08
250,2024-01-12 21:45:00,20.08,24.97,24.66,25.15,87.00,22.35,0.00,19.45,237.00,0.08
250,2024-01-12 22:00:00,20.13,24.80,24.55,25.00,87.60,22.36,0.00,17.87,236.50,0.08
250,2024-01-12 22:15:00,20.16,24.79,24.50,24.98,87.80,22.35,0.00,18.02,235.00,0.08
250,2024-01-12 22:30:00,20.20,24.83,24.53,25.01,87.80,22.38,0.00,19.20,235.70,0.09
250,2024-01-12 22:45:00,20.24,24.71,24.40,24.91,88.10,22.30,0.00,16.21,236.60,0.08
250,2024-01-12 23:00:00,20.26,24.68,24.38,24.86,88.70,22.39,0.00,19.60,236.50,0.08
250,2024-01-12 23:15:00,20.29,24.69,24.43,24.82,88.60,22.43,0.00,19.75,236.60,0.09
250,2024-01-12 23:30:00,20.33,24.51,24.09,24.76,89.50,22.26,0.00,18.90,236.60,0.08
250,2024-01-12 23:45:00,20.36,24.09,23.85,24.31,91.50,22.38,0.00,15.95,239.90,0.09
250,2024-01-13 00:00:00,20.39,24.05,23.81,24.25,91.90,22.41,0.00,15.97,237.70,0.09
250,2024-01-13 00:15:00,20.41,24.03,23.68,24.23,92.20,22.34,0.00,15.31,241.30,0.09
250,2024-01-13 00:30:00,20.43,23.84,23.53,24.03,92.00,22.16,0.00,14.71,245.90,0.09
250,2024-01-13 00:45:00,20.45,23.62,23.34,23.82,92.20,22.00,0.01,15.91,250.40,0.09
250,2024-01-13 01:00:00,20.46,23.49,23.23,23.69,91.50,21.77,0.00,15.12,248.90,0.08
250,2024-01-13 01:15:00,20.45,23.36,23.06,23.55,91.60,21.62,0.00,14.03,249.90,0.08
250,2024-01-13 01:30:00,20.43,23.25,22.92,23.44,90.10,21.21,0.00,16.11,254.20,0.08
250,2024-01-13 01:45:00,20.40,22.99,22.59,23.19,90.00,20.87,0.00,16.13,254.60,0.09
250,2024-01-13 02:00:00,20.35,22.71,22.41,22.88,90.00,20.69,0.00,14.74,249.50,0.08
250,2024-01-13 02:15:00,20.29,22.45,22.18,22.61,90.50,20.55,0.00,13.79,250.80,0.08
250,2024-01-13 02:30:00,20.22,22.24,21.91,22.40,90.70,20.32,0.00,14.33,252.50,0.08
250,2024-01-13 02:45:00,20.15,21.89,21.50,22.14,87.30,19.30,0.00,13.81,263.80,0.08
250,2024-01-13 03:00:00,20.05,21.37,20.99,21.62,86.40,18.63,0.00,13.83,264.90,0.08
250,2024-01-13 03:15:00,19.91,20.92,20.60,21.16,86.80,18.32,0.00,14.45,258.40,0.08
250,2024-01-13 03:30:00,19.75,20.58,20.31,20.81,87.80,18.22,0.00,11.26,261.10,0.08
250,2024-01-13 03:45:00,19.60,20.04,19.50,20.22,76.31,15.22,0.00,12.60,280.10,0.08
250,2024-01-13 04:00:00,19.44,19.28,18.97,19.60,76.58,14.77,0.00,14.09,268.50,0.08
250,2024-01-13 04:15:00,19.22,18.89,18.67,19.21,77.06,14.57,0.00,10.19,274.40,0.08
250,2024-01-13 04:30:00,18.98,18.51,18.14,18.87,78.21,14.29,0.00,7.59,269.10,0.09
250,2024-01-13 04:45:00,18.77,18.35,18.14,18.69,76.73,13.99,0.00,9.15,271.50,0.09
250,2024-01-13 05:00:00,18.57,18.12,17.86,18.45,76.28,13.63,0.00,8.89,273.50,0.09
250,2024-01-13 05:15:00,18.38,17.90,17.72,18.21,76.88,13.62,0.00,6.56,278.20,0.08
250,2024-01-13 05:30:00,18.20,17.66,17.45,17.99,78.16,13.61,0.00,7.01,270.30,0.09
250,2024-01-13 05:45:00,18.04,17.35,17.15,17.73,79.60,13.60,0.00,6.62,272.00,0.08
250,2024-01-13 06:00:00,17.89,17.11,16.95,17.54,79.81,13.44,0.00,6.94,270.50,0.09
250,2024-01-13 06:15:00,17.74,16.93,16.68,17.32,80.90,13.39,0.00,5.83,276.00,0.08
250,2024-01-13 06:30:00,17.60,16.69,16.61,17.14,81.00,13.34,0.00,6.03,274.00,0.08
250,2024-01-13 06:45:00,17.47,16.57,16.53,16.97,81.30,13.32,0.00,4.91,280.20,0.08
250,2024-01-13 07:00:00,17.34,16.51,16.26,16.81,82.20,13.22,0.00,5.08,282.30,0.09
250,2024-01-13 07:15:00,17.22,16.28,16.19,16.60,83.00,13.30,0.00,4.07,287.90,0.25
250,2024-01-13 07:30:00,17.10,16.23,16.06,16.47,83.60,13.29,0.00,4.66,292.80,1.70
250,2024-01-13 07:45:00,16.98,16.11,15.98,16.28,83.30,13.15,0.00,4.90,311.30,8.33
250,2024-01-13 08:00:00,16.87,16.13,15.82,16.19,69.87,10.33,0.00,9.42,327.00,17.93
250,2024-01-13 08:15:00,16.76,15.85,15.51,15.91,63.55,8.63,0.00,9.79,322.50,34.89
250,2024-01-13 08:30:00,16.63,15.60,15.33,15.65,62.51,8.22,0.00,7.35,325.10,60.18
250,2024-01-13 08:45:00,16.49,15.41,14.96,15.38,59.41,7.12,0.00,7.63,313.10,80.60
250,2024-01-13 09:00:00,16.38,15.10,14.72,14.99,61.59,7.42,0.00,7.10,313.50,97.10
250,2024-01-13 09:15:00,16.30,14.97,14.58,14.76,59.31,6.74,0.00,6.84,315.50,131.00
250,2024-01-13 09:30:00,16.25,14.96,14.64,14.66,51.53,4.76,0.00,6.72,314.20,178.70
250,2024-01-13 09:45:00,16.24,14.87,14.37,14.53,46.58,3.08,0.00,6.87,312.70,184.00
250,2024-01-13 10:00:00,16.24,14.65,14.13,14.33,44.78,2.31,0.00,7.18,321.90,169.00
250,2024-01-13 10:15:00,16.24,14.39,13.74,14.07,42.30,1.16,0.00,5.59,303.20,160.00
250,2024-01-13 10:30:00,16.20,14.07,13.72,13.71,38.59,-0.13,0.00,7.80,318.10,194.00
250,2024-01-13 10:45:00,16.15,14.15,13.74,13.72,40.80,0.65,0.00,6.84,322.70,212.60
250,2024-01-13 11:00:00,16.13,14.15,13.65,13.64,40.70,0.54,0.00,8.30,325.00,280.40
250,2024-01-13 11:15:00,16.14,14.11,13.53,13.61,39.81,0.13,0.00,7.77,322.40,262.50
250,2024-01-13 11:30:00,16.16,13.96,13.54,13.42,39.38,-0.02,0.00,8.14,321.00,297.40
250,2024-01-13 11:45:00,16.20,14.18,13.93,13.50,40.92,0.87,0.00,7.04,319.70,340.70
250,2024-01-13 12:00:00,16.27,14.27,13.68,13.52,38.33,-0.26,0.00,6.45,307.80,340.00
250,2024-01-13 12:15:00,16.38,14.05,13.55,13.35,39.31,-0.03,0.00,6.60,319.00,323.70
250,2024-01-13 12:30:00,16.49,14.30,13.85,13.45,36.88,-0.64,0.00,7.30,316.90,398.00
250,2024-01-13 12:45:00,16.60,14.37,13.89,13.52,35.65,-1.07,0.00,8.31,326.50,391.60
250,2024-01-13 13:00:00,16.72,14.29,13.65,13.46,31.87,-2.80,0.00,8.60,325.60,386.40
250,2024-01-13 13:15:00,16.80,14.08,13.43,13.33,31.16,-3.30,0.00,7.51,323.80,308.60
250,2024-01-13 13:30:00,16.84,13.80,13.36,13.14,28.35,-4.62,0.00,9.61,329.50,311.00
250,2024-01-13 13:45:00,16.82,14.12,13.48,13.43,30.02,-3.75,0.00,9.26,335.10,329.80
250,2024-01-13 14:00:00,16.80,14.55,14.12,13.66,29.60,-3.38,0.00,8.82,339.60,399.30
250,2024-01-13 14:15:00,16.81,14.29,13.54,13.54,30.53,-3.47,0.00,12.62,346.70,342.80
250,2024-01-13 14:30:00,16.82,14.03,13.62,13.46,33.16,-2.29,0.00,9.43,334.70,271.60
250,2024-01-13 14:45:00,16.79,14.14,13.65,13.54,31.02,-3.16,0.00,9.23,337.90,275.50
250,2024-01-13 15:00:00,16.77,14.36,13.84,13.70,32.55,-2.35,0.00,7.51,328.30,286.70
250,2024-01-13 15:15:00,16.76,14.26,13.65,13.59,33.54,-2.11,0.00,7.74,339.60,245.60
250,2024-01-13 15:30:00,16.75,14.11,13.46,13.58,37.09,-0.91,0.00,6.19,338.00,189.90
250,2024-01-13 15:45:00,16.71,13.93,13.43,13.49,36.64,-1.10,0.00,6.14,337.90,170.10
250,2024-01-13 16:00:00,16.64,13.99,13.55,13.57,35.19,-1.55,0.00,5.01,344.00,140.40
250,2024-01-13 16:15:00,16.55,13.77,13.37,13.44,39.91,0.02,0.00,5.83,351.70,118.20
250,2024-01-13 16:30:00,16.44,13.69,13.24,13.39,37.34,-1.01,0.00,5.51,352.40,106.40
250,2024-01-13 16:45:00,16.31,13.56,13.13,13.33,38.06,-0.85,0.00,4.68,347.60,78.78
250,2024-01-13 17:00:00,16.18,13.29,12.96,13.19,41.13,0.06,0.00,4.57,351.70,46.89
250,2024-01-13 17:15:00,16.02,13.07,12.76,13.04,44.41,0.94,0.00,3.48,352.90,30.21
250,2024-01-13 17:30:00,15.86,12.82,12.51,12.86,46.29,1.29,0.00,2.25,11.00,16.86
250,2024-01-13 17:45:00,15.69,12.50,12.41,12.62,45.18,0.86,0.00,2.64,345.50,7.53
250,2024-01-13 18:00:00,15.53,12.36,12.10,12.49,42.40,-0.30,0.00,4.42,331.10,1.23
250,2024-01-13 18:15:00,15.36,12.06,11.84,12.21,44.12,0.02,0.00,4.89,341.20,0.22
250,2024-01-13 18:30:00,15.17,11.89,11.71,12.04,44.16,-0.09,0.00,4.88,347.40,0.08
250,2024-01-13 18:45:00,14.98,11.75,11.53,11.90,42.87,-0.66,0.00,5.41,344.10,0.08
250,2024-01-13 19:00:00,14.80,11.53,11.23,11.71,46.69,0.24,0.00,4.47,351.00,0.09
250,2024-01-13 19:15:00,14.62,11.28,11.10,11.51,46.01,-0.08,0.00,5.16,355.20,0.08
250,2024-01-13 19:30:00,14.45,11.23,11.15,11.42,45.26,-0.26,0.00,4.92,0.19,0.08
250,2024-01-13 19:45:00,14.29,11.05,10.92,11.29,48.46,0.47,0.00,4.38,353.10,0.09
250,2024-01-13 20:00:00,14.14,10.87,10.72,11.11,48.27,0.23,0.00,3.43,348.30,0.08
250,2024-01-13 20:15:00,14.00,10.57,10.48,10.95,50.39,0.60,0.00,2.22,341.20,0.08
250,2024-01-13 20:30:00,13.87,10.14,10.14,10.71,52.60,0.88,0.00,1.93,352.30,0.08
250,2024-01-13 20:45:00,13.77,9.83,9.97,10.42,53.54,0.97,0.00,1.78,4.34,0.08
250,2024-01-13 21:00:00,13.66,9.61,9.63,10.14,56.18,1.32,0.00,1.59,353.50,0.08
250,2024-01-13 21:15:00,13.54,9.31,9.46,10.07,58.42,1.71,0.00,2.31,358.60,0.08
250,2024-01-13 21:30:00,13.43,9.27,9.50,10.01,58.44,1.75,0.00,2.14,353.20,0.09
250,2024-01-13 21:45:00,13.31,9.24,9.41,9.91,59.56,1.93,0.00,1.57,7.72,0.09
250,2024-01-13 22:00:00,13.20,9.17,9.42,9.83,58.93,1.79,0.00,1.58,24.44,0.09
250,2024-01-13 22:15:00,13.10,9.15,9.36,9.87,59.75,1.93,0.00,1.31,352.50,0.09
250,2024-01-13 22:30:00,13.00,9.29,9.53,9.95,57.18,1.48,0.00,2.32,17.56,0.09
250,2024-01-13 22:45:00,12.90,9.41,9.54,9.98,55.53,1.08,0.00,2.52,8.15,0.08
250,2024-01-13 23:00:00,12.80,9.40,9.28,9.91,61.73,2.31,0.00,1.99,13.56,0.08
250,2024-01-13 23:15:00,12.73,9.37,9.54,9.90,58.66,1.84,0.00,2.67,3.27,0.09
250,2024-01-13 23:30:00,12.66,9.48,9.59,9.80,56.72,1.42,0.00,1.12,5.16,0.09
250,2024-01-13 23:45:00,12.59,9.00,8.29,9.11,73.07,3.75,0.00,2.33,215.40,0.08
250,2024-01-14 00:00:00,12.54,8.06,7.76,8.18,76.87,3.96,0.00,1.41,234.90,0.09
250,2024-01-14 00:15:00,12.49,7.83,7.65,7.96,76.67,3.81,0.00,0.89,65.60,0.08
250,2024-01-14 00:30:00,12.45,7.79,7.72,8.05,75.86,3.73,0.00,1.24,42.44,0.09
250,2024-01-14 00:45:00,12.39,7.78,7.65,8.29,79.13,4.26,0.00,0.88,5.53,0.08
250,2024-01-14 01:00:00,12.35,7.80,7.96,8.37,79.95,4.71,0.00,0.61,4.45,0.09
250,2024-01-14 01:15:00,12.31,7.91,7.62,8.26,81.90,4.73,0.00,2.00,206.20,0.09
250,2024-01-14 01:30:00,12.25,7.67,7.48,7.99,82.70,4.73,0.00,2.00,220.60,0.09
250,2024-01-14 01:45:00,12.20,7.70,7.48,7.91,82.90,4.77,0.00,1.47,273.90,0.09
250,2024-01-14 02:00:00,12.15,7.64,7.54,7.96,81.60,4.59,0.00,1.01,357.90,0.08
250,2024-01-14 02:15:00,12.10,7.51,7.52,7.87,83.80,4.96,0.00,0.58,14.20,0.08
250,2024-01-14 02:30:00,12.04,7.59,7.95,8.31,79.95,4.70,0.00,1.18,357.10,0.09
250,2024-01-14 02:45:00,11.99,7.79,7.54,8.46,77.92,3.94,0.00,2.90,273.70,0.08
250,2024-01-14 03:00:00,11.94,7.45,7.44,8.24,79.53,4.13,0.00,2.03,257.90,0.09
250,2024-01-14 03:15:00,11.87,7.18,6.90,7.82,80.40,3.76,0.00,2.44,318.00,0.09
250,2024-01-14 03:30:00,11.80,7.06,7.31,7.89,76.40,3.43,0.00,2.67,352.10,0.08
250,2024-01-14 03:45:00,11.71,8.15,8.36,8.56,62.20,1.55,0.00,4.14,345.00,0.09
250,2024-01-14 04:00:00,11.63,8.41,8.29,8.64,65.00,2.10,0.00,2.86,347.10,0.09
250,2024-01-14 04:15:00,11.58,8.46,8.47,8.69,63.46,1.93,0.00,4.84,357.70,0.09
250,2024-01-14 04:30:00,11.53,8.73,8.54,8.82,62.82,1.86,0.00,5.88,17.66,0.09
250,2024-01-14 04:45:00,11.48,8.56,8.31,8.61,63.43,1.78,0.00,5.49,13.19,0.08
250,2024-01-14 05:00:00,11.43,8.41,8.22,8.44,64.26,1.87,0.00,3.52,17.46,0.09
250,2024-01-14 05:15:00,11.39,8.36,8.27,8.42,63.24,1.70,0.00,3.38,19.82,0.09
250,2024-01-14 05:30:00,11.35,8.44,8.23,8.50,62.50,1.49,0.00,4.72,19.18,0.09
250,2024-01-14 05:45:00,11.30,8.37,8.23,8.41,62.48,1.49,0.00,3.95,22.31,0.09
250,2024-01-14 06:00:00,11.26,8.34,8.06,8.38,66.06,2.11,0.00,3.65,29.40,0.09
250,2024-01-14 06:15:00,11.22,8.24,8.07,8.28,66.65,2.24,0.00,2.00,33.17,0.09
250,2024-01-14 06:30:00,11.19,8.28,8.12,8.37,66.60,2.28,0.00,2.46,12.30,0.09
250,2024-01-14 06:45:00,11.17,8.29,8.16,8.41,66.28,2.25,0.00,3.07,27.70,0.08
250,2024-01-14 07:00:00,11.14,8.40,8.14,8.46,65.02,1.96,0.00,2.97,82.50,0.09
250,2024-01-14 07:15:00,11.11,8.21,8.02,8.28,66.59,2.18,0.00,4.03,68.45,0.14
250,2024-01-14 07:30:00,11.09,8.21,8.02,8.21,63.39,1.49,0.00,3.54,85.50,0.50
250,2024-01-14 07:45:00,11.07,8.14,7.90,8.13,62.57,1.20,0.00,4.67,56.54,2.65
250,2024-01-14 08:00:00,11.04,8.15,7.95,8.11,62.86,1.31,0.00,2.74,63.97,7.85
250,2024-01-14 08:15:00,11.02,8.10,7.79,8.05,66.17,1.87,0.00,2.39,45.17,15.49
250,2024-01-14 08:30:00,11.01,8.12,7.99,8.05,64.16,1.63,0.00,3.39,75.07,25.02
250,2024-01-14 08:45:00,11.00,8.34,8.16,8.23,62.22,1.36,0.00,3.46,40.47,42.87
250,2024-01-14 09:00:00,11.00,8.62,8.43,8.46,60.60,1.25,0.00,1.90,116.70,70.92
250,2024-01-14 09:15:00,11.03,8.89,8.61,8.69,60.70,1.44,0.00,2.54,49.59,96.20
250,2024-01-14 09:30:00,11.09,9.11,8.85,8.80,61.11,1.77,0.00,3.71,24.70,112.20
250,2024-01-14 09:45:00,11.17,9.47,9.25,9.13,60.05,1.90,0.00,3.59,21.23,153.70
250,2024-01-14 10:00:00,11.28,9.91,9.62,9.48,59.78,2.18,0.00,9.74,18.50,167.50
250,2024-01-14 10:15:00,11.41,10.07,9.77,9.73,56.26,1.48,0.00,5.58,34.89,159.10
250,2024-01-14 10:30:00,11.53,10.31,10.14,9.89,56.72,1.94,0.00,5.44,30.70,205.40
250,2024-01-14 10:45:00,11.66,10.86,10.35,10.30,54.95,1.69,0.00,5.24,33.20,241.30
250,2024-01-14 11:00:00,11.83,11.15,10.75,10.65,52.53,1.43,0.00,3.91,65.41,260.20
250,2024-01-14 11:15:00,12.03,11.40,11.12,10.83,52.51,1.77,0.00,3.88,89.40,241.10
250,2024-01-14 11:30:00,12.25,11.79,11.36,11.21,53.45,2.24,0.00,4.29,97.40,254.10
250,2024-01-14 11:45:00,12.45,11.88,11.51,11.34,53.28,2.34,0.00,5.11,102.10,273.30
250,2024-01-14 12:00:00,12.66,12.31,11.77,11.66,52.51,2.37,0.00,4.02,84.00,292.10
250,2024-01-14 12:15:00,12.88,12.35,11.84,11.73,54.24,2.89,0.00,5.87,69.23,243.30
250,2024-01-14 12:30:00,13.07,12.27,11.77,11.73,56.50,3.41,0.00,5.05,56.34,196.60
250,2024-01-14 12:45:00,13.20,12.25,11.83,11.83,56.52,3.47,0.00,3.59,82.80,184.80
250,2024-01-14 13:00:00,13.30,12.20,11.69,11.80,57.11,3.48,0.00,3.71,102.40,169.40
250,2024-01-14 13:15:00,13.37,12.36,11.93,11.92,57.08,3.70,0.00,4.87,63.84,175.20
250,2024-01-14 13:30:00,13.43,12.28,11.88,11.89,57.95,3.87,0.00,4.68,62.77,146.90
250,2024-01-14 13:45:00,13.46,12.47,11.98,12.05,59.28,4.29,0.00,2.57,28.17,145.50
250,2024-01-14 14:00:00,13.49,12.46,12.08,12.04,59.97,4.55,0.00,3.91,37.64,160.90
250,2024-01-14 14:15:00,13.53,12.61,12.17,12.12,60.33,4.72,0.00,3.93,27.30,178.20
250,2024-01-14 14:30:00,13.56,12.75,12.55,12.22,60.09,5.02,0.00,3.95,29.82,241.60
250,2024-01-14 14:45:00,13.64,13.13,12.52,12.50,58.91,4.70,0.00,4.08,57.88,253.60
250,2024-01-14 15:00:00,13.73,13.34,13.03,12.63,59.23,5.26,0.00,4.09,83.50,320.00
250,2024-01-14 15:15:00,13.83,14.21,13.64,13.26,55.38,4.87,0.00,4.25,93.00,431.40
250,2024-01-14 15:30:00,14.01,14.67,13.91,13.69,54.07,4.78,0.00,4.06,89.70,390.30
250,2024-01-14 15:45:00,14.20,14.93,14.09,14.08,53.73,4.85,0.00,3.81,102.20,344.70
250,2024-01-14 16:00:00,14.39,15.07,14.52,14.22,53.04,5.07,0.00,3.93,32.56,301.40
250,2024-01-14 16:15:00,14.54,14.91,14.39,14.10,52.92,4.91,0.00,4.66,54.69,258.00
250,2024-01-14 16:30:00,14.63,14.86,14.26,14.25,54.30,5.16,0.00,4.23,41.53,214.10
250,2024-01-14 16:45:00,14.68,15.02,14.46,14.45,55.50,5.66,0.00,3.26,59.18,171.40
250,2024-01-14 17:00:00,14.68,14.70,14.02,14.27,56.12,5.41,0.00,4.21,64.62,131.60
250,2024-01-14 17:15:00,14.62,14.46,13.95,14.23,58.61,5.97,0.00,3.42,57.21,93.00
250,2024-01-14 17:30:00,14.52,13.96,13.46,14.04,60.23,5.91,0.00,2.63,91.90,57.29
250,2024-01-14 17:45:00,14.39,13.11,12.63,13.50,63.92,5.98,0.00,2.68,98.00,26.24
250,2024-01-14 18:00:00,14.21,11.59,11.40,12.56,70.12,6.15,0.00,1.80,72.28,5.14
250,2024-01-14 18:15:00,14.01,10.35,10.35,11.74,73.42,5.81,0.00,2.17,67.17,0.91
250,2024-01-14 18:30:00,13.79,9.83,10.33,11.34,74.22,5.94,0.00,2.19,49.85,0.12
250,2024-01-14 18:45:00,13.57,9.65,9.80,11.26,75.52,5.68,0.00,2.20,46.43,0.09
250,2024-01-14 19:00:00,13.35,9.09,9.26,10.82,78.93,5.79,0.00,1.77,41.47,0.08
250,2024-01-14 19:15:00,13.14,8.82,9.00,10.50,81.00,5.92,0.00,1.76,28.21,0.08
250,2024-01-14 19:30:00,12.94,8.49,8.71,10.23,83.10,6.00,0.00,1.63,33.27,0.08
250,2024-01-14 19:45:00,12.75,8.07,8.17,9.88,85.10,5.82,0.00,1.08,18.31,0.09
250,2024-01-14 20:00:00,12.56,7.51,7.62,9.20,86.10,5.45,0.00,0.72,15.27,0.08
250,2024-01-14 20:15:00,12.38,6.94,7.42,8.28,88.30,5.62,0.00,0.45,347.80,0.08
250,2024-01-14 20:30:00,12.21,6.74,7.25,8.16,89.50,5.64,0.00,1.04,43.55,0.09
250,2024-01-14 20:45:00,12.06,6.91,7.34,8.97,90.70,5.92,0.00,1.42,18.36,0.09
250,2024-01-14 21:00:00,11.90,7.09,7.45,9.42,90.90,6.06,0.00,1.60,19.38,0.09
250,2024-01-14 21:15:00,11.76,6.62,7.11,9.11,91.10,5.76,0.00,1.13,50.82,0.09
250,2024-01-14 21:30:00,11.65,6.64,7.28,8.40,91.90,6.05,0.00,0.97,33.63,0.12
250,2024-01-14 21:45:00,11.54,6.79,7.08,8.35,92.00,5.87,0.00,1.45,29.62,0.14
250,2024-01-14 22:00:00,11.41,6.90,7.27,9.01,92.30,6.10,0.00,1.78,28.88,0.13
250,2024-01-14 22:15:00,11.29,6.62,7.59,9.42,93.30,6.58,0.00,1.95,21.63,0.14
250,2024-01-14 22:30:00,11.17,7.77,8.48,9.57,91.20,7.13,0.00,1.72,37.83,0.14
250,2024-01-14 22:45:00,11.06,7.61,7.74,9.21,89.40,6.10,0.00,0.82,59.79,0.14
250,2024-01-14 23:00:00,10.96,6.99,7.24,8.42,90.30,5.76,0.00,1.36,102.10,0.14
250,2024-01-14 23:15:00,10.86,6.57,6.94,7.95,91.50,5.65,0.00,1.13,127.00,0.13
250,2024-01-14 23:30:00,10.76,6.01,6.30,7.39,92.40,5.16,0.00,0.65,11.83,0.13
250,2024-01-14 23:45:00,10.66,5.82,6.14,7.29,93.30,5.14,0.00,0.75,325.90,0.14
250,2024-01-15 00:00:00,10.57,5.39,5.90,6.80,93.70,4.96,0.00,0.31,224.10,0.14
250,2024-01-15 00:15:00,10.45,5.21,5.60,6.34,93.70,4.66,0.00,0.20,42.20,0.13
250,2024-01-15 00:30:00,10.33,5.08,5.61,6.25,94.50,4.80,0.00,0.47,69.37,0.12
250,2024-01-15 00:45:00,10.24,4.95,5.26,6.20,94.40,4.43,0.00,0.34,292.90,0.11
250,2024-01-15 01:00:00,10.15,5.06,5.34,6.15,94.50,4.53,0.00,1.35,357.40,0.13
250,2024-01-15 01:15:00,10.06,4.79,5.06,6.03,95.10,4.34,0.00,0.49,13.99,0.14
250,2024-01-15 01:30:00,9.98,4.61,4.95,6.12,94.90,4.20,0.00,0.68,44.31,0.12
250,2024-01-15 01:45:00,9.92,5.08,5.29,6.11,95.60,4.64,0.00,1.31,177.90,0.12
250,2024-01-15 02:00:00,9.83,4.94,5.15,5.98,95.70,4.52,0.00,0.53,249.30,0.12
250,2024-01-15 02:15:00,9.76,4.56,4.82,5.84,95.60,4.18,0.00,0.63,248.30,0.12
250,2024-01-15 02:30:00,9.69,4.61,4.93,5.72,96.20,4.38,0.00,0.67,104.50,0.12
250,2024-01-15 02:45:00,9.62,4.64,4.76,5.52,96.00,4.18,0.00,1.08,12.12,0.12
250,2024-01-15 03:00:00,9.56,4.52,4.61,5.54,96.20,4.06,0.00,0.47,304.80,0.12
250,2024-01-15 03:15:00,9.51,4.43,4.61,5.44,96.20,4.06,0.00,0.61,288.80,0.13
250,2024-01-15 03:30:00,9.45,4.58,4.62,5.68,96.50,4.11,0.00,0.73,253.70,0.12
250,2024-01-15 03:45:00,9.40,4.85,5.03,5.97,96.70,4.55,0.00,1.06,345.30,0.12
250,2024-01-15 04:00:00,9.36,4.98,5.16,6.19,97.00,4.73,0.00,3.05,351.30,0.12
250,2024-01-15 04:15:00,9.32,5.86,6.57,6.99,97.30,6.18,0.00,1.99,6.49,0.12
250,2024-01-15 04:30:00,9.28,6.89,7.22,7.85,97.20,6.81,0.00,1.92,28.36,0.12
250,2024-01-15 04:45:00,9.29,7.87,8.02,8.37,96.60,7.51,0.00,2.20,16.87,0.12
250,2024-01-15 05:00:00,9.36,8.52,8.54,8.85,96.20,7.97,0.00,1.07,15.29,0.11
250,2024-01-15 05:15:00,9.45,8.90,8.74,9.15,95.50,8.06,0.00,1.21,105.20,0.12
250,2024-01-15 05:30:00,9.56,8.77,8.54,9.11,95.00,7.78,0.00,1.47,75.05,0.10
250,2024-01-15 05:45:00,9.63,8.43,8.43,9.03,94.70,7.63,0.00,0.73,70.86,0.11
250,2024-01-15 06:00:00,9.66,8.34,8.35,8.92,94.60,7.53,0.00,0.85,100.70,0.11
250,2024-01-15 06:15:00,9.68,7.87,8.02,8.63,94.60,7.21,0.00,0.45,326.00,0.11
250,2024-01-15 06:30:00,9.70,8.27,8.46,8.68,95.20,7.74,0.00,0.81,353.10,0.11
250,2024-01-15 06:45:00,9.76,8.89,8.92,8.99,95.30,8.21,0.00,0.79,278.60,0.11
250,2024-01-15 07:00:00,9.85,9.18,9.07,9.35,95.20,8.34,0.00,1.38,23.46,0.11
250,2024-01-15 07:15:00,9.95,9.37,9.32,9.64,95.20,8.59,0.00,1.19,32.46,0.48
250,2024-01-15 07:30:00,10.01,9.49,9.47,9.79,95.00,8.71,0.00,0.79,330.90,2.76
250,2024-01-15 07:45:00,10.07,9.69,9.74,10.04,94.80,8.95,0.00,1.55,358.40,13.33
250,2024-01-15 08:00:00,10.13,10.41,10.55,10.55,94.50,9.70,0.00,1.67,20.86,22.32
250,2024-01-15 08:15:00,10.24,11.27,11.06,11.19,92.70,9.92,0.00,2.43,67.63,46.73
250,2024-01-15 08:30:00,10.38,11.71,11.49,11.57,90.50,9.99,0.00,3.59,48.87,68.34
250,2024-01-15 08:45:00,10.56,12.13,12.01,11.92,89.10,10.27,0.00,3.00,47.50,105.10
250,2024-01-15 09:00:00,10.76,12.61,12.29,12.36,87.50,10.28,0.00,2.93,52.94,83.00
250,2024-01-15 09:15:00,10.98,12.73,12.41,12.55,87.20,10.34,0.00,3.26,60.62,74.59
250,2024-01-15 09:30:00,11.16,13.04,12.90,12.81,87.30,10.84,0.00,2.15,45.32,102.10
250,2024-01-15 09:45:00,11.35,13.57,13.31,13.27,86.30,11.07,0.00,3.15,64.42,129.20
250,2024-01-15 10:00:00,11.58,14.52,14.58,14.01,85.50,12.18,0.00,2.82,47.85,255.90
250,2024-01-15 10:15:00,11.89,16.06,15.72,15.22,81.80,12.62,0.00,2.65,19.03,350.50
250,2024-01-15 10:30:00,12.35,16.87,16.57,16.08,79.75,13.06,0.00,2.62,70.11,364.50
250,2024-01-15 10:45:00,12.86,17.82,17.04,16.90,78.23,13.22,0.00,3.34,88.20,367.60
250,2024-01-15 11:00:00,13.41,17.24,16.67,16.79,81.40,13.47,0.00,3.00,113.30,168.80
250,2024-01-15 11:15:00,13.79,17.45,17.21,17.12,81.80,14.07,0.00,2.12,120.20,144.80
250,2024-01-15 11:30:00,14.04,18.53,18.01,17.96,80.10,14.53,0.00,2.46,95.70,267.40
250,2024-01-15 11:45:00,14.30,19.13,18.58,18.52,80.70,15.20,0.00,3.95,103.40,248.80
250,2024-01-15 12:00:00,14.61,19.43,19.13,18.84,79.61,15.52,0.00,3.79,118.20,260.70
250,2024-01-15 12:15:00,14.93,20.20,19.26,19.33,77.92,15.32,0.00,3.91,117.30,358.00
250,2024-01-15 12:30:00,15.31,20.38,19.73,19.39,77.23,15.63,0.00,4.52,107.90,486.60
250,2024-01-15 12:45:00,15.74,21.12,20.28,20.17,76.44,16.01,0.00,3.55,112.70,436.90
250,2024-01-15 13:00:00,16.22,21.36,20.99,20.67,76.75,16.76,0.00,4.85,131.70,328.00
250,2024-01-15 13:15:00,16.59,22.10,21.37,21.35,75.46,16.86,0.00,4.34,125.10,363.50
250,2024-01-15 13:30:00,16.92,22.52,21.71,21.83,74.29,16.94,0.00,4.46,145.00,317.80
250,2024-01-15 13:45:00,17.23,22.11,21.50,21.74,75.27,16.94,0.00,5.26,151.90,154.30
250,2024-01-15 14:00:00,17.45,21.86,21.50,21.57,75.36,16.96,0.00,5.13,184.30,120.20
250,2024-01-15 14:15:00,17.53,22.09,21.80,21.73,75.32,17.24,0.00,4.84,168.90,226.20
250,2024-01-15 14:30:00,17.62,22.31,21.67,21.79,75.98,17.26,0.00,6.00,194.80,174.90
250,2024-01-15 14:45:00,17.73,22.02,21.68,21.61,78.85,17.85,0.00,6.20,201.30,140.60
250,2024-01-15 15:00:00,17.79,21.80,21.29,21.37,78.64,17.43,0.00,5.48,199.30,107.20
250,2024-01-15 15:15:00,17.85,21.93,21.64,21.54,79.16,17.88,0.00,3.89,177.10,232.00
250,2024-01-15 15:30:00,17.92,22.51,21.92,21.92,77.20,17.75,0.00,4.76,188.70,271.40
250,2024-01-15 15:45:00,18.05,21.98,21.53,21.61,79.01,17.74,0.00,3.69,197.50,94.80
250,2024-01-15 16:00:00,18.14,22.00,21.61,21.67,78.92,17.80,0.00,3.33,218.00,101.20
250,2024-01-15 16:15:00,18.18,22.00,21.53,21.71,79.52,17.84,0.00,6.00,219.70,81.50
250,2024-01-15 16:30:00,18.20,21.95,21.50,21.71,79.29,17.77,0.00,5.20,226.20,72.49
250,2024-01-15 16:45:00,18.21,21.92,21.56,21.73,79.43,17.85,0.00,4.66,236.80,68.23
250,2024-01-15 17:00:00,18.20,21.86,21.44,21.72,79.66,17.78,0.00,4.02,246.80,51.90
250,2024-01-15 17:15:00,18.18,21.76,21.41,21.65,80.10,17.84,0.00,3.96,249.60,53.13
250,2024-01-15 17:30:00,18.14,21.45,20.95,21.53,82.30,17.82,0.00,3.10,249.60,24.78
250,2024-01-15 17:45:00,18.08,20.94,20.71,21.29,82.90,17.70,0.00,3.59,253.90,6.97
250,2024-01-15 18:00:00,18.00,20.68,20.49,21.13,83.00,17.51,0.00,3.05,267.30,2.46
250,2024-01-15 18:15:00,17.92,20.17,19.90,20.91,85.60,17.42,0.00,3.70,254.20,0.47
250,2024-01-15 18:30:00,17.82,19.72,19.60,20.51,86.50,17.29,0.00,1.97,254.20,0.10
250,2024-01-15 18:45:00,17.71,18.92,18.87,20.19,89.00,17.02,0.00,2.83,252.50,0.09
250,2024-01-15 19:00:00,17.59,18.87,19.32,20.08,88.80,17.43,0.00,2.79,284.40,0.08
250,2024-01-15 19:15:00,17.49,19.48,19.46,20.01,88.30,17.48,0.00,3.46,266.70,0.09
250,2024-01-15 19:30:00,17.41,19.20,18.99,19.81,89.60,17.24,0.00,4.23,251.90,0.09
250,2024-01-15 19:45:00,17.34,18.48,18.74,19.53,90.50,17.15,0.00,3.71,273.60,0.08
250,2024-01-15 20:00:00,17.23,18.26,18.67,19.28,91.40,17.24,0.00,3.78,278.00,0.09
250,2024-01-15 20:15:00,17.11,18.27,18.34,19.09,91.70,16.97,0.00,3.36,291.90,0.09
250,2024-01-15 20:30:00,16.97,18.02,17.96,18.87,92.20,16.68,0.00,2.24,294.90,0.09
250,2024-01-15 20:45:00,16.84,16.77,17.05,18.58,93.20,15.94,0.00,2.36,242.40,0.09
250,2024-01-15 21:00:00,16.68,16.46,15.98,17.95,93.60,14.95,0.00,3.21,197.10,0.08
250,2024-01-15 21:15:00,16.55,16.18,16.33,17.35,94.40,15.43,0.00,3.42,211.40,0.09
250,2024-01-15 21:30:00,16.45,16.40,16.78,17.79,95.50,16.06,0.00,5.09,209.80,0.09
250,2024-01-15 21:45:00,16.37,17.18,17.07,17.89,95.50,16.35,0.00,3.52,197.70,0.08
250,2024-01-15 22:00:00,16.31,17.05,17.00,17.45,95.90,16.34,0.00,2.84,197.00,0.08
250,2024-01-15 22:15:00,16.26,17.43,17.15,17.67,95.70,16.46,0.00,4.91,196.70,0.08
250,2024-01-15 22:30:00,16.24,17.34,17.32,17.75,96.10,16.69,0.00,3.15,259.30,0.09
250,2024-01-15 22:45:00,16.22,17.51,17.39,17.80,96.20,16.78,0.00,4.05,215.90,0.08
250,2024-01-15 23:00:00,16.23,17.71,17.48,17.76,96.30,16.88,0.00,5.48,184.80,0.08
250,2024-01-15 23:15:00,16.25,17.72,17.52,17.74,96.70,16.99,0.00,6.09,186.80,0.08
250,2024-01-15 23:30:00,16.28,17.75,17.50,17.76,96.90,17.00,0.00,6.37,184.20,0.08
250,2024-01-15 23:45:00,16.32,17.83,17.55,17.80,97.00,17.07,0.00,5.97,172.80,0.08
250,2024-01-16 00:00:00,16.34,17.78,17.45,17.78,97.10,16.99,0.00,7.08,188.40,0.08
250,2024-01-16 00:15:00,16.35,17.61,17.29,17.69,97.20,16.84,0.00,4.48,224.90,0.09
250,2024-01-16 00:30:00,16.36,17.49,17.35,17.64,97.40,16.93,0.00,1.87,174.10,0.08
250,2024-01-16 00:45:00,16.34,17.52,17.21,17.57,97.30,16.78,0.00,2.70,181.00,0.08
250,2024-01-16 01:00:00,16.33,17.46,17.18,17.49,97.50,16.78,0.00,2.54,172.20,0.08
250,2024-01-16 01:15:00,16.32,17.31,16.96,17.38,97.40,16.55,0.00,1.75,184.50,0.09
250,2024-01-16 01:30:00,16.30,17.08,17.00,17.25,97.90,16.67,0.00,4.48,199.40,0.08
250,2024-01-16 01:45:00,16.30,17.28,17.00,17.31,97.80,16.65,0.00,2.81,189.80,0.08
250,2024-01-16 02:00:00,16.30,17.16,17.04,17.34,98.00,16.72,0.00,1.82,235.30,0.09
250,2024-01-16 02:15:00,16.29,17.15,16.94,17.29,98.00,16.62,0.00,1.71,344.30,0.09
250,2024-01-16 02:30:00,16.29,17.03,16.91,17.32,98.10,16.61,0.00,1.33,277.80,0.09
250,2024-01-16 02:45:00,16.28,17.12,17.02,17.30,98.20,16.73,0.00,1.86,330.70,0.08
250,2024-01-16 03:00:00,16.27,17.16,16.85,17.30,98.00,16.53,0.00,1.49,346.60,0.09
250,2024-01-16 03:15:00,16.27,17.12,16.90,17.27,98.20,16.61,0.00,2.50,0.88,0.08
250,2024-01-16 03:30:00,16.27,17.23,16.98,17.29,98.20,16.69,0.00,1.18,25.24,0.08
250,2024-01-16 03:45:00,16.27,17.17,16.77,17.25,98.10,16.47,0.00,2.38,159.90,0.08
250,2024-01-16 04:00:00,16.29,17.16,16.95,17.20,98.40,16.70,0.00,2.05,137.60,0.09
250,2024-01-16 04:15:00,16.30,17.25,16.98,17.29,98.40,16.73,0.00,1.66,129.00,0.08
250,2024-01-16 04:30:00,16.31,17.31,17.02,17.32,98.30,16.75,0.00,3.07,135.80,0.08
250,2024-01-16 04:45:00,16.33,17.31,17.05,17.32,98.40,16.80,0.00,1.93,131.00,0.09
250,2024-01-16 05:00:00,16.34,17.32,17.04,17.32,98.40,16.79,0.05,1.91,103.70,0.08
250,2024-01-16 05:15:00,16.36,17.28,17.04,17.29,98.50,16.80,0.10,1.31,100.60,0.08
250,2024-01-16 05:30:00,16.41,17.66,17.72,17.73,98.80,17.53,0.83,1.38,356.90,0.08
250,2024-01-16 05:45:00,16.70,18.29,18.47,18.38,98.90,18.29,0.07,4.07,180.60,0.09
250,2024-01-16 06:00:00,16.84,18.78,18.50,18.78,98.60,18.28,0.00,4.31,186.30,0.09
250,2024-01-16 06:15:00,16.90,18.74,18.54,18.81,98.60,18.32,0.01,2.78,251.70,0.09
250,2024-01-16 06:30:00,16.95,18.80,18.60,18.84,98.60,18.38,0.01,3.60,186.40,0.09
250,2024-01-16 06:45:00,16.99,18.87,18.61,18.86,98.60,18.39,0.01,4.84,173.10,0.09
250,2024-01-16 07:00:00,17.02,18.86,18.61,18.84,98.60,18.39,0.00,4.73,168.50,0.09
250,2024-01-16 07:15:00,17.06,18.77,18.44,18.80,98.50,18.20,0.00,5.20,193.50,0.22
250,2024-01-16 07:30:00,17.09,18.55,17.93,18.55,98.20,17.64,0.00,3.30,282.10,1.99
250,2024-01-16 07:45:00,17.11,18.27,18.16,18.29,98.80,17.97,0.00,1.76,127.40,7.08
250,2024-01-16 08:00:00,17.12,18.58,18.33,18.56,98.70,18.12,0.00,3.35,165.30,7.37
250,2024-01-16 08:15:00,17.14,18.57,18.27,18.54,98.80,18.08,0.00,3.62,164.00,11.62
250,2024-01-16 08:30:00,17.16,18.52,18.24,18.49,98.80,18.05,0.00,4.21,155.80,18.60
250,2024-01-16 08:45:00,17.19,18.49,18.23,18.46,98.90,18.05,0.00,4.42,153.40,21.81
250,2024-01-16 09:00:00,17.22,18.57,18.30,18.53,98.90,18.12,0.00,5.29,184.80,29.59
250,2024-01-16 09:15:00,17.27,18.76,18.61,18.67,99.00,18.45,0.00,5.35,188.40,70.23
250,2024-01-16 09:30:00,17.33,19.10,18.95,18.98,99.00,18.79,0.00,5.26,184.30,101.90
250,2024-01-16 09:45:00,17.45,19.52,19.34,19.33,99.00,19.18,0.00,6.19,208.30,103.50
250,2024-01-16 10:00:00,17.59,20.02,20.07,19.81,99.10,19.92,0.00,6.49,207.10,138.30
250,2024-01-16 10:15:00,17.76,20.64,20.51,20.40,99.00,20.35,0.01,8.38,207.50,154.40
250,2024-01-16 10:30:00,17.96,20.99,20.56,20.75,98.80,20.36,0.00,9.91,213.10,95.50
250,2024-01-16 10:45:00,18.16,21.04,20.69,20.91,98.60,20.46,0.00,7.78,225.00,53.71
250,2024-01-16 11:00:00,18.30,21.31,21.05,21.14,98.60,20.82,0.00,8.45,240.10,99.40
250,2024-01-16 11:15:00,18.43,21.80,21.50,21.66,98.30,21.22,0.00,9.79,240.10,67.35
250,2024-01-16 11:30:00,18.57,22.13,21.67,22.10,97.70,21.29,0.01,12.91,239.40,65.28
250,2024-01-16 11:45:00,18.71,22.06,21.64,22.09,97.40,21.21,0.10,14.53,239.00,45.19
250,2024-01-16 12:00:00,18.94,21.90,21.49,22.02,97.10,21.01,0.20,12.68,238.70,22.91
250,2024-01-16 12:15:00,19.22,21.95,21.70,21.98,96.30,21.09,0.05,14.34,231.20,125.70
250,2024-01-16 12:30:00,19.35,22.13,21.71,22.08,95.20,20.91,0.00,13.08,250.40,134.70
250,2024-01-16 12:45:00,19.49,22.17,21.94,22.03,93.40,20.83,0.00,12.84,247.20,211.00
250,2024-01-16 13:00:00,19.64,22.27,21.85,22.09,92.40,20.56,0.00,13.74,239.20,186.00
250,2024-01-16 13:15:00,19.79,22.15,21.73,21.93,92.30,20.43,0.00,11.92,244.00,149.90
250,2024-01-16 13:30:00,19.89,22.26,21.91,21.92,91.20,20.41,0.00,13.43,248.20,231.20
250,2024-01-16 13:45:00,19.98,22.06,21.47,21.86,91.80,20.08,0.00,12.06,252.90,93.90
250,2024-01-16 14:00:00,20.04,21.72,21.33,21.62,92.30,20.03,0.00,11.85,254.70,76.08
250,2024-01-16 14:15:00,20.03,21.79,21.36,21.60,91.40,19.90,0.00,12.98,266.30,130.80
250,2024-01-16 14:30:00,20.02,21.86,21.44,21.61,90.70,19.86,0.00,10.50,281.70,131.00
250,2024-01-16 14:45:00,20.02,19.46,18.50,19.20,92.60,17.28,0.00,10.26,332.70,86.00
250,2024-01-16 15:00:00,19.96,19.20,18.75,18.81,92.50,17.51,0.00,6.45,324.90,166.30
250,2024-01-16 15:15:00,19.90,18.68,17.90,18.38,92.90,16.74,0.00,8.43,339.40,57.37
250,2024-01-16 15:30:00,19.81,18.15,17.57,17.87,92.80,16.39,0.00,6.49,324.90,58.97
250,2024-01-16 15:45:00,19.66,17.50,16.74,17.23,92.70,15.55,0.00,9.26,348.40,38.65
250,2024-01-16 16:00:00,19.47,16.91,16.39,16.67,93.50,15.34,0.00,8.12,346.70,34.35
250,2024-01-16 16:15:00,19.26,16.60,16.10,16.38,93.40,15.03,0.00,7.91,340.50,28.56
250,2024-01-16 16:30:00,19.05,16.39,15.98,16.17,93.60,14.95,0.00,7.58,349.50,25.92
250,2024-01-16 16:45:00,18.85,16.23,15.76,15.99,93.80,14.76,0.00,6.49,350.40,32.61
250,2024-01-16 17:00:00,18.68,16.18,15.85,15.97,94.00,14.89,0.00,3.47,336.00,16.04
250,2024-01-16 17:15:00,18.53,16.16,15.75,15.95,93.60,14.72,0.00,3.37,320.90,11.76
250,2024-01-16 17:30:00,18.40,16.06,15.65,15.87,93.90,14.67,0.00,3.19,333.40,7.02
250,2024-01-16 17:45:00,18.28,15.95,15.55,15.75,94.10,14.60,0.00,3.30,335.70,3.73
250,2024-01-16 18:00:00,18.17,15.88,15.51,15.70,94.40,14.61,0.00,4.00,322.00,1.02
250,2024-01-16 18:15:00,18.05,15.76,15.37,15.60,94.70,14.52,0.00,4.09,328.20,0.49
250,2024-01-16 18:30:00,17.94,15.65,15.34,15.51,95.20,14.58,0.00,3.80,319.40,0.10
250,2024-01-16 18:45:00,17.83,15.58,15.07,15.40,94.70,14.23,0.00,3.86,312.40,0.09
250,2024-01-16 19:00:00,17.72,15.32,14.88,15.19,93.60,13.86,0.00,5.43,313.00,0.09
250,2024-01-16 19:15:00,17.59,15.21,14.80,15.10,92.60,13.61,0.00,4.12,295.30,0.09
250,2024-01-16 19:30:00,17.46,14.97,14.56,14.88,92.20,13.31,0.00,4.40,315.50,0.08
250,2024-01-16 19:45:00,17.32,14.65,14.31,14.52,91.60,12.96,0.00,5.09,320.10,0.08
250,2024-01-16 20:00:00,17.18,14.49,14.11,14.36,91.40,12.73,0.00,6.82,323.90,0.08
250,2024-01-16 20:15:00,17.06,14.27,13.75,14.13,89.80,12.11,0.00,8.04,323.50,0.08
250,2024-01-16 20:30:00,16.92,13.92,13.50,13.80,88.40,11.62,0.00,8.30,326.10,0.08
250,2024-01-16 20:45:00,16.77,13.67,13.28,13.54,87.70,11.28,0.00,7.01,322.90,0.08
250,2024-01-16 21:00:00,16.62,13.36,12.93,13.24,87.40,10.89,0.00,6.25,333.10,0.08
250,2024-01-16 21:15:00,16.47,13.16,12.80,13.04,87.80,10.83,0.00,5.32,332.70,0.09
250,2024-01-16 21:30:00,16.33,12.89,12.49,12.76,87.50,10.47,0.00,8.16,334.60,0.08
250,2024-01-16 21:45:00,16.19,12.63,12.21,12.49,88.30,10.33,0.00,7.43,332.50,0.08
250,2024-01-16 22:00:00,16.05,12.34,11.85,12.18,89.00,10.10,0.00,6.75,322.20,0.08
250,2024-01-16 22:15:00,15.91,11.76,11.39,11.59,89.20,9.68,0.00,6.16,306.80,0.08
250,2024-01-16 22:30:00,15.77,11.53,11.06,11.36,89.10,9.33,0.00,6.61,314.50,0.08
250,2024-01-16 22:45:00,15.63,11.23,10.64,11.06,88.40,8.80,0.00,7.20,319.80,0.08
250,2024-01-16 23:00:00,15.49,10.65,10.20,10.47,86.60,8.07,0.00,8.01,331.90,0.09
250,2024-01-16 23:15:00,15.32,10.24,9.79,10.08,86.60,7.66,0.00,6.84,313.40,0.08
250,2024-01-16 23:30:00,15.15,9.87,9.35,9.68,86.10,7.15,0.00,5.99,327.60,0.08
250,2024-01-16 23:45:00,14.98,9.27,8.58,9.07,85.60,6.30,0.00,9.56,338.70,0.08
250,2024-01-17 00:00:00,14.79,8.54,8.03,8.34,85.80,5.80,0.00,8.67,333.00,0.08
250,2024-01-17 00:15:00,14.59,8.17,7.76,7.97,86.30,5.62,0.00,8.06,342.30,0.08
250,2024-01-17 00:30:00,14.37,7.76,7.18,7.54,85.10,4.85,0.00,7.24,336.10,0.08
250,2024-01-17 00:45:00,14.17,7.20,6.78,7.00,84.90,4.41,0.00,8.18,325.30,0.09
250,2024-01-17 01:00:00,13.95,6.71,6.14,6.53,83.20,3.50,0.00,7.98,324.40,0.08
250,2024-01-17 01:15:00,13.72,6.06,5.61,5.99,76.43,1.80,0.00,10.00,339.40,0.09
250,2024-01-17 01:30:00,13.43,5.73,5.43,5.71,76.88,1.70,0.00,9.11,354.10,0.09
250,2024-01-17 01:45:00,13.11,5.53,5.26,5.53,76.43,1.45,0.00,9.13,355.00,0.10
250,2024-01-17 02:00:00,12.83,5.41,5.09,5.40,79.12,1.77,0.00,9.47,349.60,0.11
250,2024-01-17 02:15:00,12.58,5.30,4.95,5.30,80.60,1.89,0.00,8.87,348.00,0.14
250,2024-01-17 02:30:00,12.31,5.08,4.76,5.09,82.70,2.07,0.00,5.29,339.40,0.14
250,2024-01-17 02:45:00,12.05,4.89,4.59,4.89,84.00,2.12,0.00,5.51,335.90,0.13
250,2024-01-17 03:00:00,11.85,4.76,4.47,4.74,84.70,2.12,0.00,6.63,336.30,0.12
250,2024-01-17 03:15:00,11.65,4.63,4.28,4.59,82.10,1.50,0.00,8.58,349.70,0.12
250,2024-01-17 03:30:00,11.46,4.44,4.11,4.41,81.40,1.21,0.00,9.39,346.40,0.12
250,2024-01-17 03:45:00,11.26,4.27,3.93,4.25,83.00,1.30,0.00,8.42,352.70,0.12
250,2024-01-17 04:00:00,11.06,4.05,3.70,4.02,80.40,0.64,0.00,8.58,342.30,0.12
250,2024-01-17 04:15:00,10.87,3.85,3.53,3.85,79.33,0.29,0.00,7.05,339.70,0.13
250,2024-01-17 04:30:00,10.70,3.72,3.36,3.73,79.38,0.13,0.00,6.89,344.70,0.14
250,2024-01-17 04:45:00,10.52,3.53,3.18,3.53,77.40,-0.39,0.00,5.60,337.00,0.14
250,2024-01-17 05:00:00,10.36,3.38,3.07,3.38,77.18,-0.54,0.00,6.01,341.40,0.14
250,2024-01-17 05:15:00,10.20,3.30,2.97,3.32,75.89,-0.87,0.00,6.84,352.50,0.14
250,2024-01-17 05:30:00,10.04,3.20,2.87,3.20,71.68,-1.74,0.00,7.30,3.14,0.14
250,2024-01-17 05:45:00,9.87,2.98,2.60,2.97,71.54,-2.03,0.00,8.77,353.20,0.15
250,2024-01-17 06:00:00,9.70,2.69,2.36,2.68,71.28,-2.31,0.00,9.30,346.50,0.14
250,2024-01-17 06:15:00,9.52,2.48,2.19,2.51,74.20,-1.93,0.00,8.09,350.60,0.14
250,2024-01-17 06:30:00,9.34,2.37,2.10,2.36,75.51,-1.77,0.00,6.81,357.90,0.15
250,2024-01-17 06:45:00,9.17,2.23,1.95,2.20,76.40,-1.76,0.00,6.81,0.23,0.14
250,2024-01-17 07:00:00,9.03,2.11,1.80,2.09,77.70,-1.67,0.00,5.70,3.47,0.16
250,2024-01-17 07:15:00,8.89,1.97,1.68,1.93,79.73,-1.44,0.00,6.68,354.70,0.92
250,2024-01-17 07:30:00,8.76,1.95,1.58,1.89,75.84,-2.22,0.00,6.99,6.31,6.53
250,2024-01-17 07:45:00,8.65,1.81,1.47,1.73,75.89,-2.32,0.00,7.50,7.08,15.34
250,2024-01-17 08:00:00,8.53,1.78,1.45,1.64,75.88,-2.34,0.00,8.40,2.19,39.79
250,2024-01-17 08:15:00,8.43,2.01,1.74,1.81,74.16,-2.37,0.00,7.33,4.93,73.31
250,2024-01-17 08:30:00,8.37,2.20,1.92,1.90,72.55,-2.49,0.00,8.47,2.13,127.30
250,2024-01-17 08:45:00,8.35,2.51,2.30,2.04,71.11,-2.39,0.00,7.45,2.65,203.70
250,2024-01-17 09:00:00,8.37,3.06,2.40,2.16,70.23,-2.47,0.00,9.51,355.20,268.40
250,2024-01-17 09:15:00,8.50,3.39,2.76,2.47,67.28,-2.71,0.00,6.06,7.44,265.40
250,2024-01-17 09:30:00,8.69,3.66,2.87,2.71,64.63,-3.14,0.00,5.14,16.33,286.40
250,2024-01-17 09:45:00,8.93,3.61,3.25,2.71,66.96,-2.30,0.00,6.09,14.34,299.90
250,2024-01-17 10:00:00,9.16,4.24,3.31,3.18,64.48,-2.75,0.00,5.99,352.00,337.90
250,2024-01-17 10:15:00,9.41,4.37,3.66,3.29,65.08,-2.29,0.00,5.40,347.80,370.50
250,2024-01-17 10:30:00,9.70,4.83,3.91,3.63,65.63,-1.93,0.00,5.74,358.30,414.10
250,2024-01-17 10:45:00,9.99,5.07,4.28,3.79,61.94,-2.37,0.00,4.89,357.40,423.40
250,2024-01-17 11:00:00,10.30,5.17,4.22,3.97,61.64,-2.49,0.00,5.92,0.93,413.40
250,2024-01-17 11:15:00,10.60,5.76,5.10,4.49,57.31,-2.64,0.00,4.27,11.75,441.30
250,2024-01-17 11:30:00,10.88,6.16,5.64,4.82,57.23,-2.16,0.00,6.62,350.20,472.20
250,2024-01-17 11:45:00,11.16,6.67,5.94,5.29,55.84,-2.21,0.00,6.18,357.60,522.90
250,2024-01-17 12:00:00,11.46,7.16,6.30,5.65,54.75,-2.14,0.00,7.18,356.80,534.10
250,2024-01-17 12:15:00,11.75,7.56,7.17,6.16,52.02,-2.03,0.00,6.32,358.50,572.40
250,2024-01-17 12:30:00,12.05,8.19,7.35,6.69,50.05,-2.38,0.00,7.53,353.70,624.60
250,2024-01-17 12:45:00,12.37,8.50,7.69,7.01,51.09,-1.78,0.00,7.09,344.90,633.70
250,2024-01-17 13:00:00,12.64,9.13,8.22,7.61,47.71,-2.23,0.00,6.32,7.62,640.10
250,2024-01-17 13:15:00,12.88,9.57,8.81,7.99,48.73,-1.40,0.00,5.73,3.83,596.10
250,2024-01-17 13:30:00,13.10,9.93,9.21,8.21,46.86,-1.56,0.00,7.02,359.20,573.20
250,2024-01-17 13:45:00,13.25,10.22,9.26,8.70,43.20,-2.62,0.00,6.22,1.18,563.80
250,2024-01-17 14:00:00,13.38,10.56,9.63,9.06,44.74,-1.81,0.00,5.96,9.32,553.50
250,2024-01-17 14:15:00,13.49,11.15,10.49,9.65,41.57,-2.02,0.00,6.21,355.40,563.80
250,2024-01-17 14:30:00,13.61,11.50,10.82,10.04,39.40,-2.45,0.00,5.41,13.11,525.20
250,2024-01-17 14:45:00,13.77,11.37,10.85,10.10,42.20,-1.49,0.00,6.03,347.50,502.50
250,2024-01-17 15:00:00,13.92,12.10,11.73,10.91,40.13,-1.38,0.00,4.32,12.31,460.20
250,2024-01-17 15:15:00,14.09,12.17,11.25,10.93,38.40,-2.41,0.00,6.17,4.06,422.60
250,2024-01-17 15:30:00,14.23,12.05,11.25,10.88,39.90,-1.89,0.00,6.76,356.30,352.70
250,2024-01-17 15:45:00,14.30,12.31,11.76,11.20,38.93,-1.77,0.00,5.58,12.76,344.50
250,2024-01-17 16:00:00,14.33,12.33,11.60,11.35,35.58,-3.13,0.00,5.58,9.33,292.10
250,2024-01-17 16:15:00,14.33,12.13,11.49,11.36,36.37,-2.93,0.00,4.48,37.96,265.30
250,2024-01-17 16:30:00,14.28,11.92,11.23,11.28,37.64,-2.70,0.00,4.61,33.60,217.60
250,2024-01-17 16:45:00,14.20,11.47,10.91,10.96,36.11,-3.54,0.00,5.93,44.18,176.20
250,2024-01-17 17:00:00,14.06,11.76,11.10,11.11,36.61,-3.19,0.00,4.72,22.70,146.70
250,2024-01-17 17:15:00,13.89,11.20,10.54,10.80,36.46,-3.74,0.00,5.17,32.35,115.30
250,2024-01-17 17:30:00,13.69,10.58,10.07,10.42,41.19,-2.53,0.00,4.82,33.49,70.23
250,2024-01-17 17:45:00,13.46,9.98,9.62,10.00,43.50,-2.20,0.00,4.03,37.08,35.76
250,2024-01-17 18:00:00,13.19,9.15,8.82,9.46,47.94,-1.61,0.00,3.37,47.72,6.38
250,2024-01-17 18:15:00,12.93,8.09,7.96,8.90,52.79,-1.09,0.00,3.43,50.48,1.78
250,2024-01-17 18:30:00,12.65,7.15,7.15,8.31,58.31,-0.48,0.00,2.74,49.57,0.12
250,2024-01-17 18:45:00,12.38,6.68,6.68,7.86,62.20,-0.05,0.00,2.42,59.85,0.08
250,2024-01-17 19:00:00,12.13,6.52,7.15,7.97,57.65,-0.64,0.00,3.21,47.10,0.08
250,2024-01-17 19:15:00,11.88,7.10,7.58,8.17,54.63,-0.98,0.00,4.83,53.32,0.08
250,2024-01-17 19:30:00,11.65,7.19,7.38,7.98,55.62,-0.92,0.00,4.16,52.32,0.08
250,2024-01-17 19:45:00,11.43,6.82,6.78,7.65,60.42,-0.35,0.00,3.24,64.36,0.08
250,2024-01-17 20:00:00,11.23,6.16,6.38,7.09,62.82,-0.19,0.00,3.56,61.03,0.07
250,2024-01-17 20:15:00,11.05,6.11,6.15,6.84,63.62,-0.23,0.00,3.62,62.65,0.08
250,2024-01-17 20:30:00,10.87,5.64,5.60,6.32,66.53,-0.14,0.00,2.42,58.32,0.09
250,2024-01-17 20:45:00,10.72,5.41,5.70,6.18,65.56,-0.25,0.00,3.41,54.23,0.11
250,2024-01-17 21:00:00,10.56,5.46,5.51,6.12,67.25,-0.08,0.00,2.92,74.74,0.11
250,2024-01-17 21:15:00,10.41,5.19,5.23,5.95,67.92,-0.21,0.00,3.53,62.34,0.12
250,2024-01-17 21:30:00,10.25,5.10,5.05,5.75,68.14,-0.34,0.00,3.27,70.26,0.12
250,2024-01-17 21:45:00,10.10,5.04,5.10,5.57,67.67,-0.38,0.00,4.39,47.95,0.12
250,2024-01-17 22:00:00,9.95,4.90,4.57,5.39,69.54,-0.52,0.00,3.46,64.24,0.12
250,2024-01-17 22:15:00,9.82,4.25,4.18,4.92,71.83,-0.45,0.00,2.14,63.87,0.11
250,2024-01-17 22:30:00,9.67,3.80,3.77,4.47,74.02,-0.43,0.00,1.84,56.90,0.11
250,2024-01-17 22:45:00,9.54,3.17,3.42,4.19,77.57,-0.13,0.00,1.47,49.22,0.11
250,2024-01-17 23:00:00,9.41,2.94,3.05,3.91,79.82,-0.09,0.00,0.87,46.86,0.12
250,2024-01-17 23:15:00,9.28,2.52,2.71,3.46,82.80,0.08,0.00,0.62,182.70,0.11
250,2024-01-17 23:30:00,9.16,2.42,2.43,3.31,84.30,0.05,0.00,1.05,23.49,0.11
250,2024-01-17 23:45:00,9.04,2.17,2.29,2.98,86.00,0.19,0.00,1.29,14.78,0.11
250,2024-01-18 00:00:00,8.92,1.98,2.15,3.13,87.30,0.26,0.00,0.79,50.49,0.12
250,2024-01-18 00:15:00,8.81,1.79,2.02,3.23,88.20,0.27,0.00,1.48,16.12,0.12
250,2024-01-18 00:30:00,8.70,2.07,2.87,3.77,88.90,1.22,0.00,1.94,27.58,0.12
250,2024-01-18 00:45:00,8.60,3.61,4.00,4.43,78.26,0.56,0.00,2.30,30.29,0.12
250,2024-01-18 01:00:00,8.52,4.24,4.34,4.72,74.65,0.23,0.00,2.29,27.75,0.12
250,2024-01-18 01:15:00,8.45,4.34,4.36,4.82,74.13,0.15,0.00,2.30,36.74,0.11
250,2024-01-18 01:30:00,8.39,4.29,4.45,4.81,73.93,0.21,0.00,1.85,30.06,0.12
250,2024-01-18 01:45:00,8.34,4.44,4.47,4.90,73.67,0.18,0.00,2.26,35.11,0.11
250,2024-01-18 02:00:00,8.28,4.56,4.61,5.00,73.54,0.29,0.00,2.26,31.89,0.12
250,2024-01-18 02:15:00,8.24,4.82,4.92,5.16,72.82,0.45,0.00,3.03,31.31,0.12
250,2024-01-18 02:30:00,8.20,5.12,5.09,5.36,72.36,0.53,0.00,2.93,29.63,0.12
250,2024-01-18 02:45:00,8.17,5.23,5.12,5.43,73.19,0.71,0.00,3.29,27.74,0.12
250,2024-01-18 03:00:00,8.14,5.26,5.12,5.40,73.75,0.82,0.00,2.90,29.69,0.12
250,2024-01-18 03:15:00,8.13,5.23,5.02,5.36,74.63,0.89,0.00,2.46,25.52,0.15
250,2024-01-18 03:30:00,8.11,5.16,5.05,5.37,75.16,1.01,0.00,2.63,23.99,0.12
250,2024-01-18 03:45:00,8.09,5.13,5.06,5.36,75.71,1.13,0.00,2.87,21.71,0.11
250,2024-01-18 04:00:00,8.07,5.15,5.05,5.38,76.12,1.19,0.00,2.82,25.09,0.12
250,2024-01-18 04:15:00,8.05,5.20,5.06,5.40,76.06,1.19,0.00,2.68,22.49,0.11
250,2024-01-18 04:30:00,8.02,5.13,5.06,5.35,76.07,1.20,0.00,3.07,18.60,0.11
250,2024-01-18 04:45:00,7.99,5.10,5.03,5.37,76.70,1.28,0.00,2.86,22.30,0.11
250,2024-01-18 05:00:00,7.95,5.26,5.20,5.49,76.41,1.39,0.00,3.09,24.06,0.12
250,2024-01-18 05:15:00,7.92,5.22,5.09,5.47,77.46,1.48,0.00,2.06,31.90,0.11
250,2024-01-18 05:30:00,7.89,4.98,5.00,5.39,77.96,1.48,0.00,1.52,38.76,0.12
250,2024-01-18 05:45:00,7.86,4.92,4.97,5.45,78.85,1.61,0.00,2.04,43.52,0.11
250,2024-01-18 06:00:00,7.84,4.93,4.93,5.47,79.15,1.62,0.00,1.79,53.97,0.11
250,2024-01-18 06:15:00,7.81,4.93,4.92,5.34,78.82,1.55,0.00,1.73,36.83,0.11
250,2024-01-18 06:30:00,7.79,4.97,4.92,5.25,79.30,1.64,0.00,2.17,29.69,0.12
250,2024-01-18 06:45:00,7.78,5.21,5.15,5.41,79.30,1.86,0.00,2.87,44.64,0.12
250,2024-01-18 07:00:00,7.77,5.31,5.33,5.61,80.40,2.23,0.00,1.99,27.06,0.13
250,2024-01-18 07:15:00,7.76,5.49,5.41,5.71,80.80,2.38,0.00,2.80,27.50,0.72
250,2024-01-18 07:30:00,7.75,5.68,5.60,5.86,80.40,2.49,0.00,2.86,34.71,
250,2024-01-18 07:45:00,7.75,5.88,5.82,6.03,80.70,2.76,0.00,2.24,43.33,17.40
250,2024-01-18 08:00:00,7.76,6.20,6.01,6.26,80.40,2.89,0.00,2.46,69.07,37.65
250,2024-01-18 08:15:00,7.80,6.40,6.26,6.32,80.70,3.19,0.00,3.20,63.68,56.41
250,2024-01-18 08:30:00,7.86,6.90,6.73,6.73,79.98,3.52,0.00,3.19,46.56,71.66
250,2024-01-18 08:45:00,7.97,7.29,7.20,7.00,79.99,3.98,0.00,4.72,56.54,88.00
250,2024-01-18 09:00:00,8.15,7.96,7.72,7.56,78.97,4.30,0.00,3.04,54.43,121.70
250,2024-01-18 09:15:00,8.39,8.63,8.48,8.11,78.42,4.94,0.00,5.23,63.39,205.10
250,2024-01-18 09:30:00,8.68,9.50,9.29,8.96,78.42,5.73,0.00,,75.37,197.60
250,2024-01-18 09:45:00,9.00,10.35,10.00,9.71,76.46,6.05,0.00,10.04,62.86,264.00
250,2024-01-18 10:00:00,9.37,11.14,10.68,10.40,76.37,6.70,0.00,5.09,59.03,276.20
250,2024-01-18 10:15:00,9.77,11.85,11.73,11.16,75.42,7.53,0.00,3.70,60.01,293.00
250,2024-01-18 10:30:00,10.18,13.24,12.76,12.40,73.14,8.07,0.00,2.63,59.34,349.30
250,2024-01-18 10:45:00,10.65,13.57,12.92,12.96,74.07,8.41,0.00,3.28,79.92,214.90
250,2024-01-18 11:00:00,11.08,13.70,13.38,13.17,74.47,8.94,0.00,2.93,54.79,178.30
250,2024-01-18 11:15:00,11.40,14.00,13.38,13.58,75.14,9.07,0.00,2.33,11.29,142.00
250,2024-01-18 11:30:00,11.65,14.60,14.07,13.96,73.20,9.35,0.00,2.79,19.05,248.90
250,2024-01-18 11:45:00,11.92,14.99,13.98,14.39,73.02,9.22,0.00,2.62,357.90,185.10
250,2024-01-18 12:00:00,12.21,14.69,14.28,14.07,74.08,9.73,0.00,3.16,355.70,203.70
250,2024-01-18 12:15:00,12.44,15.18,14.55,14.54,72.93,9.76,0.00,2.91,341.30,220.50
250,2024-01-18 12:30:00,12.70,15.15,14.63,14.59,74.19,10.09,0.00,2.80,355.10,151.70
250,2024-01-18 12:45:00,12.91,15.18,14.56,14.69,73.80,9.94,0.00,3.04,353.70,158.50
250,2024-01-18 13:00:00,13.08,15.48,14.59,14.91,73.15,9.84,0.00,3.07,356.20,174.20
250,2024-01-18 13:15:00,13.25,15.24,14.76,14.82,74.14,10.20,0.00,1.86,358.40,111.90
250,2024-01-18 13:30:00,13.39,15.32,14.84,15.05,75.18,10.49,0.00,1.63,7.93,80.80
250,2024-01-18 13:45:00,13.46,15.61,15.20,15.27,75.36,10.87,0.00,2.06,38.42,115.40
250,2024-01-18 14:00:00,13.55,15.80,15.48,15.51,75.59,11.19,0.00,1.30,114.00,91.90
250,2024-01-18 14:15:00,13.62,15.81,15.44,15.58,75.56,11.15,0.00,0.75,133.70,66.94
250,2024-01-18 14:30:00,13.68,15.65,15.25,15.43,77.00,11.25,0.00,3.50,240.20,52.60
250,2024-01-18 14:45:00,13.71,15.26,14.83,15.10,80.10,11.43,0.00,4.17,266.60,44.89
250,2024-01-18 15:00:00,13.71,15.06,14.67,14.95,82.20,11.67,0.00,2.03,287.50,40.30
250,2024-01-18 15:15:00,13.70,14.74,14.23,14.62,86.00,11.92,0.00,2.02,323.20,35.92
250,2024-01-18 15:30:00,13.69,14.43,14.01,14.29,88.00,12.05,0.00,1.62,316.80,44.48
250,2024-01-18 15:45:00,13.68,14.08,13.72,13.97,90.60,12.21,0.00,2.76,288.00,33.71
250,2024-01-18 16:00:00,13.67,13.97,13.67,13.87,91.90,12.38,0.00,3.87,287.80,27.49
250,2024-01-18 16:15:00,13.65,13.77,13.40,13.66,90.00,11.79,0.00,6.49,284.50,25.37
250,2024-01-18 16:30:00,13.61,13.91,13.65,13.81,88.00,11.70,0.00,4.12,278.70,33.13
250,2024-01-18 16:45:00,13.57,14.01,13.58,13.91,85.60,11.21,0.00,3.98,286.90,26.11
250,2024-01-18 17:00:00,13.54,13.93,13.62,13.86,84.70,11.09,0.00,2.92,283.30,21.42
250,2024-01-18 17:15:00,13.50,13.83,13.51,13.79,84.70,10.99,0.00,3.51,293.30,10.85
250,2024-01-18 17:30:00,13.46,13.69,13.48,13.65,86.10,11.20,0.00,2.50,281.70,11.70
250,2024-01-18 17:45:00,13.42,13.62,13.31,13.57,86.70,11.14,0.00,2.29,258.30,8.55
250,2024-01-18 18:00:00,13.39,13.42,13.21,13.45,88.50,11.35,0.00,1.52,283.00,1.23
250,2024-01-18 18:15:00,13.35,13.30,13.00,13.34,89.50,11.31,0.00,1.57,258.50,0.20
250,2024-01-18 18:30:00,13.33,13.09,12.83,13.11,90.80,11.36,0.00,1.77,319.50,0.09
250,2024-01-18 18:45:00,13.30,12.96,12.67,12.95,91.50,11.32,0.00,1.65,306.50,0.09
250,2024-01-18 19:00:00,13.26,12.91,12.62,12.90,91.70,11.31,0.00,1.86,287.40,0.08
250,2024-01-18 19:15:00,13.23,12.87,12.66,12.85,91.90,11.38,0.00,1.75,297.30,0.09
250,2024-01-18 19:30:00,13.20,12.77,12.44,12.73,92.10,11.19,0.00,2.15,315.10,0.08
250,2024-01-18 19:45:00,13.18,12.60,12.17,12.51,91.40,10.81,0.00,3.47,326.80,0.09
250,2024-01-18 20:00:00,13.14,12.36,11.97,12.28,90.50,10.46,0.00,2.95,309.40,0.09
250,2024-01-18 20:15:00,13.10,12.14,11.71,12.05,90.70,10.24,0.00,3.32,343.40,0.09
250,2024-01-18 20:30:00,13.05,11.85,11.40,11.73,89.30,9.70,0.00,2.89,328.00,0.09
250,2024-01-18 20:45:00,13.00,11.68,11.40,11.58,88.80,9.62,0.00,2.71,323.80,0.09
250,2024-01-18 21:00:00,12.96,11.59,11.29,11.51,89.60,9.64,0.00,2.94,333.60,0.08
250,2024-01-18 21:15:00,12.90,11.56,11.25,11.46,89.20,9.54,0.00,1.94,317.90,0.09
250,2024-01-18 21:30:00,12.85,11.50,11.15,11.38,88.10,9.25,0.00,1.34,312.10,0.09
250,2024-01-18 21:45:00,12.81,11.44,11.20,11.33,87.80,9.25,0.00,2.07,337.50,0.09
250,2024-01-18 22:00:00,12.77,11.42,11.23,11.31,88.10,9.33,0.00,1.17,289.50,0.09
250,2024-01-18 22:15:00,12.73,11.47,11.18,11.36,89.30,9.49,0.00,2.31,226.90,0.09
250,2024-01-18 22:30:00,12.70,11.40,11.12,11.29,90.60,9.64,0.00,2.93,210.10,0.09
250,2024-01-18 22:45:00,12.67,11.35,11.08,11.26,91.70,9.78,0.00,3.17,212.70,0.09
250,2024-01-18 23:00:00,12.63,11.29,10.96,11.17,92.00,9.71,0.00,2.29,260.60,0.09
250,2024-01-18 23:15:00,12.60,11.25,11.00,11.15,91.30,9.64,0.00,2.05,257.50,0.09
250,2024-01-18 23:30:00,12.58,11.30,11.00,11.20,91.20,9.62,0.00,2.28,233.10,0.09
250,2024-01-18 23:45:00,12.56,11.27,11.00,11.16,90.70,9.54,0.00,2.01,232.90,0.09
250,2024-01-19 00:00:00,12.53,11.30,11.02,11.22,90.20,9.48,0.00,1.20,267.40,0.09
250,2024-01-19 00:15:00,12.52,11.33,11.09,11.23,90.30,9.56,0.00,1.14,257.60,0.08
250,2024-01-19 00:30:00,12.51,11.38,11.20,11.29,91.20,9.82,0.00,2.42,224.20,0.09
250,2024-01-19 00:45:00,12.49,11.37,11.13,11.27,92.20,9.91,0.00,2.92,205.20,0.09
250,2024-01-19 01:00:00,12.47,11.35,11.05,11.31,92.30,9.85,0.00,2.71,179.10,0.09
250,2024-01-19 01:15:00,12.45,11.29,11.08,11.29,92.70,9.94,0.00,2.79,202.80,0.09
250,2024-01-19 01:30:00,12.41,11.23,10.98,11.27,93.00,9.89,0.00,2.15,206.00,0.09
250,2024-01-19 01:45:00,12.38,10.98,10.78,11.18,93.20,9.73,0.00,1.11,235.70,0.09
250,2024-01-19 02:00:00,12.32,10.69,10.51,11.03,93.60,9.52,0.00,1.25,3.39,0.09
250,2024-01-19 02:15:00,12.25,10.47,10.38,10.83,94.20,9.49,0.00,1.34,59.25,0.09
250,2024-01-19 02:30:00,12.19,10.47,10.23,10.84,94.10,9.32,0.00,1.05,153.10,0.09
250,2024-01-19 02:45:00,12.12,10.31,10.24,10.73,94.90,9.46,0.00,1.26,164.00,0.08
250,2024-01-19 03:00:00,12.06,10.23,9.97,10.49,95.00,9.21,0.00,1.57,192.90,0.08
250,2024-01-19 03:15:00,12.00,10.03,9.90,10.34,95.50,9.21,0.00,0.81,225.40,0.09
250,2024-01-19 03:30:00,11.94,9.88,9.83,10.26,95.80,9.19,0.00,0.70,178.20,0.09
250,2024-01-19 03:45:00,11.87,9.72,9.59,10.17,95.90,8.97,0.00,1.01,109.20,0.09
250,2024-01-19 04:00:00,11.79,9.30,9.41,9.85,96.50,8.88,0.00,1.74,36.25,0.09
250,2024-01-19 04:15:00,11.71,8.97,8.74,9.67,96.40,8.20,0.00,1.22,280.60,0.09
250,2024-01-19 04:30:00,11.61,8.56,8.48,9.46,96.50,7.96,0.00,1.40,242.70,0.08
250,2024-01-19 04:45:00,11.51,8.47,8.54,9.54,97.00,8.09,0.00,2.13,222.10,0.08
250,2024-01-19 05:00:00,11.41,8.56,8.68,9.22,97.40,8.29,0.00,1.48,196.70,0.09
250,2024-01-19 05:15:00,11.32,8.46,8.36,9.16,96.90,7.90,0.00,0.78,270.10,0.08
250,2024-01-19 05:30:00,11.25,8.25,8.20,8.89,97.10,7.77,0.00,0.56,294.40,0.09
250,2024-01-19 05:45:00,11.16,8.00,8.27,8.69,97.50,7.90,0.00,0.42,342.90,0.09
250,2024-01-19 06:00:00,11.08,8.14,8.29,8.64,97.60,7.93,0.00,0.96,161.60,0.09
250,2024-01-19 06:15:00,11.01,8.39,8.43,8.78,97.70,8.09,0.00,1.50,146.20,0.08
250,2024-01-19 06:30:00,10.95,8.37,8.10,8.86,97.30,7.70,0.00,1.03,147.90,0.08
250,2024-01-19 06:45:00,10.89,8.76,9.19,9.13,98.20,8.92,0.00,3.42,159.80,0.09
250,2024-01-19 07:00:00,10.84,9.28,9.26,9.84,97.60,8.90,0.00,2.57,165.70,0.09
250,2024-01-19 07:15:00,10.82,9.21,9.09,10.02,97.30,8.68,0.00,1.59,221.50,0.43
250,2024-01-19 07:30:00,10.80,9.11,9.21,10.10,97.70,8.87,0.00,2.31,239.90,3.79
250,2024-01-19 07:45:00,10.79,9.89,9.79,10.65,97.30,9.38,0.00,3.55,206.20,19.85
250,2024-01-19 08:00:00,10.81,10.35,10.37,10.94,97.30,9.96,0.00,2.91,201.90,41.87
250,2024-01-19 08:15:00,10.85,11.14,11.19,11.23,97.20,10.76,0.00,3.09,222.40,76.75
250,2024-01-19 08:30:00,10.97,12.10,11.88,12.08,95.80,11.23,0.00,4.29,227.50,54.87
250,2024-01-19 08:45:00,11.14,12.66,12.48,12.63,93.90,11.53,0.00,3.83,225.40,70.45
250,2024-01-19 09:00:00,11.32,13.52,13.77,13.36,90.00,12.16,0.00,5.43,226.70,165.30
250,2024-01-19 09:15:00,11.55,15.18,15.01,14.81,82.30,12.02,0.00,8.35,231.00,207.00
250,2024-01-19 09:30:00,11.88,15.44,15.61,15.46,82.30,12.61,0.00,7.47,227.20,123.10
250,2024-01-19 09:45:00,12.17,16.87,16.78,16.45,76.84,12.70,0.00,8.03,224.90,293.00
250,2024-01-19 10:00:00,12.52,18.29,18.16,17.45,73.33,13.32,0.00,8.85,231.20,458.20
250,2024-01-19 10:15:00,13.03,19.42,18.78,18.49,70.57,13.32,0.00,10.42,230.70,449.40
250,2024-01-19 10:30:00,13.64,19.69,19.03,19.08,70.06,13.45,0.00,8.56,236.10,249.80
250,2024-01-19 10:45:00,14.13,19.20,18.81,19.04,71.73,13.60,0.00,13.27,257.40,96.20
250,2024-01-19 11:00:00,14.38,19.27,18.71,18.76,75.14,14.22,0.00,8.73,258.20,222.40
250,2024-01-19 11:15:00,14.59,18.54,17.65,18.04,80.40,14.24,0.00,10.83,265.90,155.40
250,2024-01-19 11:30:00,14.78,17.95,17.45,17.33,82.70,14.48,0.00,12.37,254.30,229.40
250,2024-01-19 11:45:00,14.95,18.36,17.93,17.49,78.29,14.10,0.00,11.51,256.90,321.40
250,2024-01-19 12:00:00,15.18,18.82,17.93,17.83,79.63,14.36,0.00,12.64,258.40,330.60
250,2024-01-19 12:15:00,15.47,18.71,18.11,17.87,82.00,14.99,0.00,11.96,257.80,299.40
250,2024-01-19 12:30:00,15.72,19.59,19.48,18.39,79.58,15.86,0.00,11.45,250.90,504.30
250,2024-01-19 12:45:00,16.03,20.76,19.95,19.32,76.04,15.60,0.00,11.03,260.40,523.00
250,2024-01-19 13:00:00,16.46,21.50,20.79,19.94,73.97,15.98,0.00,10.41,264.40,636.30
250,2024-01-19 13:15:00,16.86,21.94,21.11,20.41,69.75,15.37,0.00,8.67,268.40,631.70
250,2024-01-19 13:30:00,17.25,22.81,22.00,21.43,63.57,14.78,0.00,6.58,303.10,623.20
250,2024-01-19 13:45:00,17.62,22.95,22.11,21.68,60.47,14.11,0.00,8.88,338.60,610.60
250,2024-01-19 14:00:00,17.92,22.38,21.11,21.07,64.44,14.15,0.00,9.59,341.90,515.40
250,2024-01-19 14:15:00,18.16,21.70,20.85,20.73,65.95,14.26,0.00,9.41,335.40,400.00
250,2024-01-19 14:30:00,18.33,21.75,21.03,20.96,63.67,13.89,0.00,7.13,334.30,333.10
250,2024-01-19 14:45:00,18.47,22.06,21.43,21.22,61.77,13.80,0.00,5.97,338.70,386.60
250,2024-01-19 15:00:00,18.58,21.67,20.90,20.95,61.30,13.18,0.00,5.48,322.70,282.60
250,2024-01-19 15:15:00,18.65,21.50,20.95,20.85,61.34,13.24,0.00,5.86,338.50,244.90
250,2024-01-19 15:30:00,18.68,21.48,20.79,20.91,57.89,12.20,0.00,5.96,339.40,231.70
250,2024-01-19 15:45:00,18.66,21.18,20.58,20.72,52.21,10.45,0.00,5.72,336.70,206.00
250,2024-01-19 16:00:00,18.60,20.93,20.42,20.47,50.01,9.66,0.00,6.38,338.10,207.70
250,2024-01-19 16:15:00,18.52,21.29,20.80,20.59,48.41,9.52,0.00,5.25,334.30,266.50
250,2024-01-19 16:30:00,18.46,21.13,20.69,20.54,47.43,9.12,0.00,4.89,334.10,212.10
250,2024-01-19 16:45:00,18.41,21.16,20.00,20.45,44.39,7.52,0.00,7.18,340.80,207.80
250,2024-01-19 17:00:00,18.34,19.90,19.26,19.74,47.58,7.86,0.00,6.14,344.60,95.20
250,2024-01-19 17:15:00,18.18,19.24,18.79,19.26,50.83,8.40,0.00,4.57,337.80,61.28
250,2024-01-19 17:30:00,17.96,18.73,18.37,18.89,53.63,8.80,0.00,2.99,334.40,52.57
250,2024-01-19 17:45:00,17.72,18.23,17.85,18.65,55.67,8.87,0.00,2.39,326.50,25.80
250,2024-01-19 18:00:00,17.47,16.75,16.37,17.74,63.50,9.43,0.00,0.95,311.10,5.76
250,2024-01-19 18:15:00,17.21,15.24,15.28,16.77,68.08,9.43,0.00,0.66,319.70,1.28
250,2024-01-19 18:30:00,16.93,14.53,14.67,15.72,70.70,9.41,0.00,0.88,344.00,0.11
250,2024-01-19 18:45:00,16.67,13.80,14.07,15.59,73.00,9.31,0.00,1.22,323.80,0.09
250,2024-01-19 19:00:00,16.41,13.09,13.89,16.04,74.44,9.42,0.00,1.79,307.70,0.08
250,2024-01-19 19:15:00,16.15,12.81,13.57,16.30,75.85,9.39,0.00,1.06,283.00,0.09
250,2024-01-19 19:30:00,15.90,12.46,13.07,14.85,78.57,9.43,0.00,0.99,196.50,0.09
250,2024-01-19 19:45:00,15.65,11.89,12.27,13.91,78.70,8.68,0.00,1.57,216.60,0.09
250,2024-01-19 20:00:00,15.40,11.54,11.94,13.06,77.44,8.12,0.00,0.58,225.90,0.08
250,2024-01-19 20:15:00,15.15,10.21,11.00,12.16,81.30,7.92,0.00,0.76,288.00,0.09
250,2024-01-19 20:30:00,14.91,9.97,10.58,12.09,82.30,7.69,0.00,1.33,322.40,0.09
250,2024-01-19 20:45:00,14.67,10.01,10.43,12.48,82.70,7.61,0.00,1.55,326.60,0.09
250,2024-01-19 21:00:00,14.44,9.78,11.12,13.29,79.18,7.65,0.00,2.08,311.10,0.09
250,2024-01-19 21:15:00,14.22,12.59,14.01,14.50,58.39,5.98,0.00,5.25,322.60,0.09
250,2024-01-19 21:30:00,14.03,14.30,14.29,14.92,56.97,5.88,0.00,6.58,330.30,0.09
250,2024-01-19 21:45:00,13.88,14.04,13.86,14.51,59.50,6.11,0.00,6.18,330.90,0.09
250,2024-01-19 22:00:00,13.73,13.63,13.58,14.10,57.69,5.40,0.00,6.52,334.90,0.09
250,2024-01-19 22:15:00,13.61,13.46,13.34,13.88,55.86,4.71,0.00,7.32,342.50,0.09
250,2024-01-19 22:30:00,13.50,13.15,13.13,13.59,53.85,3.99,0.00,7.29,348.30,0.09
250,2024-01-19 22:45:00,13.39,12.91,12.72,13.34,56.35,4.26,0.00,7.25,353.40,0.09
250,2024-01-19 23:00:00,13.27,12.72,12.66,13.07,54.46,3.72,0.00,8.97,356.60,0.09
250,2024-01-19 23:15:00,13.16,12.41,12.17,12.71,57.13,3.94,0.00,7.61,358.90,0.09
250,2024-01-19 23:30:00,13.04,11.94,11.80,12.35,58.20,3.86,0.00,6.16,350.90,0.09
250,2024-01-19 23:45:00,12.93,11.73,11.54,12.07,55.74,3.00,0.00,7.63,351.10,0.09
250,2024-01-20 00:00:00,12.82,11.60,11.43,11.89,54.52,2.59,0.00,8.19,355.60,0.09
250,2024-01-20 00:15:00,12.70,11.34,11.23,11.65,52.35,1.83,0.00,7.41,357.60,0.09
250,2024-01-20 00:30:00,12.59,11.19,10.99,11.45,51.35,1.34,0.00,7.16,2.47,0.09
250,2024-01-20 00:45:00,12.48,10.98,10.79,11.21,52.22,1.39,0.00,8.38,0.99,0.09
250,2024-01-20 01:00:00,12.35,10.64,10.51,10.92,52.67,1.25,0.00,7.30,4.36,0.09
250,2024-01-20 01:15:00,12.23,10.45,10.30,10.71,54.24,1.46,0.00,8.21,6.56,0.09
250,2024-01-20 01:30:00,12.11,10.11,9.89,10.34,49.66,-0.14,0.00,7.49,11.40,0.09
250,2024-01-20 01:45:00,12.00,9.85,9.62,10.04,50.07,-0.28,0.00,7.62,14.98,0.09
250,2024-01-20 02:00:00,11.88,9.56,9.39,9.78,52.10,0.06,0.00,6.90,14.63,0.10
250,2024-01-20 02:15:00,11.74,9.30,9.08,9.54,54.36,0.35,0.00,7.21,9.69,0.09
250,2024-01-20 02:30:00,11.61,9.08,8.94,9.29,53.74,0.07,0.00,8.36,5.80,0.09
250,2024-01-20 02:45:00,11.48,8.75,8.43,8.95,53.41,-0.49,0.00,6.99,8.59,0.09
250,2024-01-20 03:00:00,11.36,8.30,8.03,8.55,51.74,-1.30,0.00,5.42,12.75,0.10
250,2024-01-20 03:15:00,11.23,8.01,7.71,8.18,52.91,-1.30,0.00,6.05,20.53,0.10
250,2024-01-20 03:30:00,11.09,7.65,7.41,7.86,52.80,-1.60,0.00,4.70,24.58,0.10
250,2024-01-20 03:45:00,10.96,7.47,7.25,7.66,54.94,-1.21,0.00,5.94,15.67,0.10
250,2024-01-20 04:00:00,10.81,7.28,7.07,7.46,53.23,-1.81,0.00,6.81,12.48,0.10
250,2024-01-20 04:15:00,10.69,7.06,6.84,7.24,54.39,-1.72,0.00,7.55,17.13,0.10
250,2024-01-20 04:30:00,10.55,6.77,6.56,6.94,55.86,-1.63,0.00,7.22,11.71,0.10
250,2024-01-20 04:45:00,10.42,6.51,6.26,6.66,57.74,-1.45,0.00,8.41,9.68,0.10
250,2024-01-20 05:00:00,10.28,6.21,5.95,6.36,56.26,-2.10,0.00,9.16,10.96,0.11
250,2024-01-20 05:15:00,10.15,5.96,5.70,6.09,58.52,-1.80,0.00,9.18,13.77,0.11
250,2024-01-20 05:30:00,10.01,5.74,5.41,5.87,59.53,-1.84,0.00,9.29,11.25,0.13
250,2024-01-20 05:45:00,9.86,5.41,5.18,5.55,60.72,-1.79,0.00,8.63,8.15,0.12
250,2024-01-20 06:00:00,9.71,5.11,4.89,5.29,63.74,-1.41,0.00,6.76,8.95,0.12
250,2024-01-20 06:15:00,9.56,4.88,4.66,5.04,64.05,-1.55,0.00,7.45,8.33,0.12
250,2024-01-20 06:30:00,9.42,4.66,4.48,4.81,64.28,-1.68,0.00,6.52,11.44,0.12
250,2024-01-20 06:45:00,9.28,4.47,4.31,4.66,65.32,-1.62,0.00,7.38,8.51,0.12
250,2024-01-20 07:00:00,9.15,4.34,4.11,4.51,65.64,-1.75,0.00,6.51,12.31,0.13
250,2024-01-20 07:15:00,9.00,4.16,3.90,4.30,66.45,-1.78,0.00,6.49,12.68,0.54
250,2024-01-20 07:30:00,8.87,4.04,3.83,4.17,65.90,-1.96,0.00,7.46,9.72,2.83
250,2024-01-20 07:45:00,8.75,3.95,3.73,4.07,64.84,-2.28,0.00,7.84,11.37,6.70
250,2024-01-20 08:00:00,8.63,3.85,3.59,3.95,66.60,-2.05,0.00,6.76,10.87,11.75
250,2024-01-20 08:15:00,8.52,3.78,3.73,3.88,67.41,-1.75,0.00,10.84,15.33,26.70
250,2024-01-20 08:30:00,8.43,4.16,4.06,4.19,62.91,-2.37,0.00,7.13,14.26,94.80
250,2024-01-20 08:45:00,8.35,4.64,4.41,4.28,63.57,-1.90,0.00,7.14,12.63,174.00
250,2024-01-20 09:00:00,8.33,5.24,4.72,4.53,60.10,-2.36,0.00,5.89,15.50,216.50
250,2024-01-20 09:15:00,8.43,5.43,4.85,4.70,57.71,-2.79,0.00,6.81,23.23,258.90
250,2024-01-20 09:30:00,8.61,5.74,5.24,4.80,59.49,-2.01,0.00,6.56,16.97,300.80
250,2024-01-20 09:45:00,8.84,6.23,5.50,5.14,57.90,-2.13,0.00,7.78,5.45,340.90
250,2024-01-20 10:00:00,9.12,6.58,5.99,5.38,55.43,-2.26,0.00,6.65,7.94,378.40
250,2024-01-20 10:15:00,9.45,6.92,6.49,5.78,56.10,-1.63,0.00,4.46,25.02,414.80
250,2024-01-20 10:30:00,9.82,7.25,6.15,5.79,54.70,-2.29,0.00,6.36,349.50,448.20
250,2024-01-20 10:45:00,10.23,7.47,6.79,6.16,52.98,-2.13,0.00,5.54,3.71,479.70
250,2024-01-20 11:00:00,10.64,8.20,7.82,6.81,48.93,-2.25,0.00,6.41,359.30,508.80
250,2024-01-20 11:15:00,11.06,8.72,7.92,7.30,49.45,-2.02,0.00,5.50,17.31,534.60
250,2024-01-20 11:30:00,11.49,8.81,7.78,7.49,47.79,-2.61,0.00,6.24,353.60,556.20
250,2024-01-20 11:45:00,11.91,9.48,9.02,8.04,42.91,-2.93,0.00,6.30,356.10,574.30
250,2024-01-20 12:00:00,12.31,9.66,9.05,8.24,40.70,-3.61,0.00,8.64,350.60,589.50
250,2024-01-20 12:15:00,12.66,10.03,9.01,8.48,40.39,-3.75,0.00,8.96,354.30,571.30
250,2024-01-20 12:30:00,12.97,10.39,9.43,8.87,38.84,-3.89,0.00,6.70,3.01,611.30
250,2024-01-20 12:45:00,13.26,11.03,10.21,9.50,37.60,-3.63,0.00,6.07,2.90,615.30
250,2024-01-20 13:00:00,13.51,11.46,10.14,9.87,36.78,-3.98,0.00,5.91,7.50,615.00
250,2024-01-20 13:15:00,13.74,11.57,10.83,10.13,36.51,-3.47,0.00,6.22,12.58,610.90
250,2024-01-20 13:30:00,13.91,11.94,11.19,10.36,36.40,-3.19,0.00,6.22,10.60,602.00
250,2024-01-20 13:45:00,14.07,12.31,11.19,10.67,33.45,-4.31,0.00,5.65,6.79,589.60
250,2024-01-20 14:00:00,14.20,12.45,11.71,10.92,32.95,-4.06,0.00,6.76,26.93,573.20
250,2024-01-20 14:15:00,14.34,12.76,12.18,11.27,34.10,-3.18,0.00,5.41,4.93,553.30
250,2024-01-20 14:30:00,14.50,12.86,11.70,11.50,34.04,-3.63,0.00,6.14,9.37,530.00
250,2024-01-20 14:45:00,14.66,13.08,12.14,11.40,33.41,-3.49,0.00,6.28,3.43,502.80
250,2024-01-20 15:00:00,14.84,13.34,12.38,11.88,30.77,-4.38,0.00,5.91,8.79,472.20
250,2024-01-20 15:15:00,15.00,13.07,12.22,11.82,30.45,-4.66,0.00,7.88,6.67,439.10
250,2024-01-20 15:30:00,15.15,13.23,12.45,11.97,30.77,-4.32,0.00,6.30,357.50,403.30
250,2024-01-20 15:45:00,15.26,13.37,12.24,12.04,30.08,-4.80,0.00,6.50,3.45,365.60
250,2024-01-20 16:00:00,15.34,13.21,12.36,12.07,29.99,-4.74,0.00,6.14,11.60,324.10
250,2024-01-20 16:15:00,15.38,13.24,12.46,12.16,31.89,-3.83,0.00,5.76,7.09,281.30
250,2024-01-20 16:30:00,15.37,13.21,12.31,12.19,30.14,-4.72,0.00,5.33,15.59,238.40
250,2024-01-20 16:45:00,15.32,12.86,12.12,12.02,31.65,-4.23,0.00,6.08,2.18,195.10
250,2024-01-20 17:00:00,15.22,12.62,12.01,11.97,32.09,-4.15,0.00,5.56,5.82,152.50
250,2024-01-20 17:15:00,15.06,12.55,11.73,11.96,33.35,-3.88,0.00,4.24,9.69,111.90
250,2024-01-20 17:30:00,14.88,12.07,11.19,11.61,33.73,-4.20,0.00,4.26,343.80,74.49
250,2024-01-20 17:45:00,14.65,11.17,10.54,11.01,34.17,-4.61,0.00,5.05,332.00,42.26
250,2024-01-20 18:00:00,14.39,10.25,9.89,10.42,36.30,-4.38,0.00,5.58,331.10,10.10
250,2024-01-20 18:15:00,14.11,9.59,9.35,9.94,37.63,-4.38,0.00,5.35,327.70,1.78
250,2024-01-20 18:30:00,13.79,9.41,9.23,9.71,39.69,-3.78,0.00,5.66,331.70,0.19
250,2024-01-20 18:45:00,13.49,9.08,8.80,9.39,42.77,-3.17,0.00,5.56,341.20,0.09
250,2024-01-20 19:00:00,13.20,8.69,8.64,9.07,42.32,-3.46,0.00,5.98,344.00,0.09
250,2024-01-20 19:15:00,12.92,8.55,8.43,8.84,39.87,-4.44,0.00,8.36,347.00,0.10
250,2024-01-20 19:30:00,12.66,8.39,8.33,8.67,40.83,-4.22,0.00,8.71,348.70,0.10
250,2024-01-20 19:45:00,12.41,8.20,7.97,8.45,43.54,-3.68,0.00,8.56,355.20,0.10
250,2024-01-20 20:00:00,12.18,7.91,7.71,8.12,45.47,-3.34,0.00,8.06,360.00,0.10
250,2024-01-20 20:15:00,11.96,7.57,7.42,7.82,47.11,-3.13,0.00,7.45,359.80,0.10
250,2024-01-20 20:30:00,11.75,7.34,7.10,7.56,46.82,-3.51,0.00,8.29,6.90,0.09
250,2024-01-20 20:45:00,11.55,6.96,6.65,7.12,43.88,-4.79,0.00,9.02,14.92,0.10
250,2024-01-20 21:00:00,11.35,6.57,6.32,6.73,44.44,-4.91,0.00,7.95,15.34,0.10
250,2024-01-20 21:15:00,11.16,6.24,5.95,6.41,47.20,-4.45,0.00,7.70,10.23,0.10
250,2024-01-20 21:30:00,10.98,5.93,5.79,6.10,45.84,-4.99,0.00,7.50,8.16,0.10
250,2024-01-20 21:45:00,10.80,5.72,5.40,5.85,46.46,-5.17,0.00,8.75,9.37,0.11
250,2024-01-20 22:00:00,10.64,5.40,5.19,5.56,47.49,-5.07,0.00,8.03,7.45,0.12
250,2024-01-20 22:15:00,10.47,5.15,4.88,5.31,47.48,-5.36,0.00,8.54,6.19,0.13
250,2024-01-20 22:30:00,10.30,4.93,4.62,5.06,45.40,-6.18,0.00,7.74,12.72,0.13
250,2024-01-20 22:45:00,10.13,4.68,4.43,4.79,44.20,-6.71,0.00,8.90,13.86,0.13
250,2024-01-20 23:00:00,9.95,4.49,4.20,4.60,45.50,-6.54,0.00,9.56,11.64,0.13
250,2024-01-20 23:15:00,9.79,4.24,3.96,4.37,48.13,-6.03,0.00,7.84,10.37,0.12
250,2024-01-20 23:30:00,9.62,4.01,3.70,4.13,49.68,-5.85,0.00,5.80,19.09,0.13
250,2024-01-20 23:45:00,9.46,3.75,3.53,3.92,47.91,-6.48,0.00,6.04,19.15,0.12
250,2024-01-21 00:00:00,9.31,3.56,3.26,3.71,50.27,-6.10,0.00,5.49,15.62,0.12
250,2024-01-21 00:15:00,9.15,3.33,3.23,3.50,48.36,-6.63,0.00,5.57,19.05,0.12
250,2024-01-21 00:30:00,9.01,3.33,3.11,3.42,46.37,-7.30,0.00,6.06,25.90,0.12
250,2024-01-21 00:45:00,8.86,3.23,2.97,3.34,45.89,-7.56,0.00,7.19,17.75,0.12
250,2024-01-21 01:00:00,8.73,3.00,2.84,3.14,45.48,-7.79,0.00,6.01,22.65,0.12
250,2024-01-21 01:15:00,8.58,2.83,2.62,2.96,48.24,-7.23,0.00,5.66,22.29,0.12
250,2024-01-21 01:30:00,8.44,2.59,2.50,2.78,49.83,-6.92,0.00,3.51,29.82,0.11
250,2024-01-21 01:45:00,8.30,2.49,2.46,2.70,47.81,-7.50,0.00,4.29,27.06,0.11
250,2024-01-21 02:00:00,8.19,2.59,2.44,2.78,46.82,-7.78,0.00,5.68,32.00,0.12
250,2024-01-21 02:15:00,8.05,2.56,2.50,2.71,44.48,-8.39,0.00,5.34,26.07,0.11
250,2024-01-21 02:30:00,7.93,2.47,2.27,2.60,47.60,-7.73,0.00,5.06,29.81,0.11
250,2024-01-21 02:45:00,7.82,2.33,2.12,2.48,48.56,-7.61,0.00,5.22,25.36,0.11
250,2024-01-21 03:00:00,7.71,2.19,2.05,2.34,49.38,-7.46,0.00,5.72,23.38,0.11
250,2024-01-21 03:15:00,7.60,2.05,1.80,2.15,51.19,-7.22,0.00,6.17,16.95,0.12
250,2024-01-21 03:30:00,7.51,1.85,1.68,1.97,48.51,-8.03,0.00,6.33,16.52,0.12
250,2024-01-21 03:45:00,7.41,1.68,1.48,1.81,48.40,-8.24,0.00,6.62,16.19,0.12
250,2024-01-21 04:00:00,7.31,1.54,1.40,1.68,48.88,-8.19,0.00,5.49,17.48,0.13
250,2024-01-21 04:15:00,7.20,1.41,1.23,1.56,51.05,-7.79,0.00,5.63,15.36,0.13
250,2024-01-21 04:30:00,7.10,1.25,1.04,1.38,50.64,-8.06,0.00,6.20,14.74,0.12
250,2024-01-21 04:45:00,6.99,1.10,0.94,1.22,51.92,-7.83,0.00,6.39,10.04,0.12
250,2024-01-21 05:00:00,6.89,0.95,0.76,1.04,52.50,-7.86,0.00,6.19,11.32,0.12
250,2024-01-21 05:15:00,6.78,0.85,0.68,0.93,53.47,-7.70,0.00,6.75,14.97,0.12
250,2024-01-21 05:30:00,6.70,0.81,0.65,0.90,53.74,-7.66,0.00,5.96,15.62,0.12
250,2024-01-21 05:45:00,6.60,0.71,0.52,0.81,55.09,-7.46,0.00,5.50,15.26,0.12
250,2024-01-21 06:00:00,6.51,0.63,0.48,0.77,56.20,-7.24,0.00,5.88,14.14,0.13
250,2024-01-21 06:15:00,6.43,0.54,0.35,0.67,56.99,-7.18,0.00,5.97,9.42,0.13
250,2024-01-21 06:30:00,6.35,0.45,0.28,0.60,56.64,-7.33,0.00,5.96,9.50,0.13
250,2024-01-21 06:45:00,6.25,0.47,0.35,0.58,56.11,-7.38,0.00,7.35,9.90,0.13
250,2024-01-21 07:00:00,6.16,0.45,0.33,0.56,56.49,-7.31,0.00,6.98,9.18,0.16
250,2024-01-21 07:15:00,6.07,0.43,0.23,0.54,57.72,-7.12,0.00,5.79,13.05,0.93
250,2024-01-21 07:30:00,6.00,0.40,0.35,0.54,58.73,-6.79,0.00,5.77,11.54,4.66
250,2024-01-21 07:45:00,5.92,0.44,0.28,0.54,59.50,-6.69,0.00,5.61,15.69,11.02
250,2024-01-21 08:00:00,5.85,0.57,0.42,0.62,60.34,-6.37,0.00,5.88,16.03,17.23
250,2024-01-21 08:15:00,5.79,0.80,0.77,0.84,60.05,-6.10,0.00,5.62,22.73,27.24
250,2024-01-21 08:30:00,5.75,1.11,1.00,1.08,58.95,-6.13,0.00,5.50,25.41,41.02
250,2024-01-21 08:45:00,5.73,1.53,1.59,1.39,58.58,-5.65,0.00,5.76,31.60,84.90
250,2024-01-21 09:00:00,5.73,2.94,2.85,2.34,54.91,-5.32,0.00,5.62,30.53,229.40
250,2024-01-21 09:15:00,5.82,3.88,3.62,3.10,55.35,-4.50,0.00,6.94,33.76,258.90
250,2024-01-21 09:30:00,6.06,4.34,4.03,3.62,55.47,-4.09,0.00,8.16,43.64,267.50
250,2024-01-21 09:45:00,6.34,5.12,4.69,4.22,54.30,-3.75,0.00,8.58,38.10,356.70
250,2024-01-21 10:00:00,6.69,5.75,5.36,4.72,54.22,-3.15,0.00,7.94,38.10,389.80
250,2024-01-21 10:15:00,7.09,6.35,5.91,5.32,55.35,-2.36,0.00,8.37,41.28,422.20
250,2024-01-21 10:30:00,7.53,6.98,6.69,5.81,54.26,-1.90,0.00,8.07,44.13,455.70
250,2024-01-21 10:45:00,7.99,7.04,6.29,5.95,54.24,-2.28,0.00,10.73,52.10,487.10
250,2024-01-21 11:00:00,8.45,7.75,6.89,6.55,52.95,-2.05,0.00,9.05,53.60,516.30
250,2024-01-21 11:15:00,8.91,7.97,7.38,6.77,55.05,-1.06,0.00,10.31,52.20,541.10
250,2024-01-21 11:30:00,9.38,8.26,7.85,7.11,53.96,-0.90,0.00,8.68,51.33,562.70
250,2024-01-21 11:45:00,9.82,8.94,8.41,7.67,52.70,-0.70,0.00,8.80,55.42,580.40
250,2024-01-21 12:00:00,10.27,9.39,9.21,8.08,49.76,-0.74,0.00,8.39,45.43,594.90
250,2024-01-21 12:15:00,10.69,9.92,9.07,8.63,50.94,-0.55,0.00,8.73,63.00,572.30
250,2024-01-21 12:30:00,11.10,10.04,9.33,8.79,50.30,-0.48,0.00,8.74,53.15,613.60
250,2024-01-21 12:45:00,11.47,10.24,9.69,8.96,50.18,-0.18,0.00,10.05,67.55,618.20
250,2024-01-21 13:00:00,11.79,10.66,10.04,9.36,48.45,-0.34,0.00,9.82,63.47,636.00
250,2024-01-21 13:15:00,12.06,11.22,10.45,9.80,48.07,-0.07,0.00,9.27,46.98,626.30
250,2024-01-21 13:30:00,12.31,11.38,10.78,10.10,45.41,-0.55,0.00,10.68,57.32,598.50
250,2024-01-21 13:45:00,12.51,11.35,10.49,10.06,47.04,-0.34,0.00,9.30,48.11,543.70
250,2024-01-21 14:00:00,12.66,11.58,10.89,10.37,46.87,-0.02,0.00,9.96,55.19,563.10
250,2024-01-21 14:15:00,12.84,11.88,11.00,10.63,47.23,0.19,0.00,9.79,49.10,581.20
250,2024-01-21 14:30:00,13.02,11.99,10.92,10.74,49.11,0.65,0.00,10.02,49.73,570.50
250,2024-01-21 14:45:00,13.23,11.55,10.72,10.47,48.60,0.33,0.00,9.93,48.97,419.70
250,2024-01-21 15:00:00,13.43,11.65,11.08,10.62,49.00,0.77,0.00,9.63,58.67,407.20
250,2024-01-21 15:15:00,13.56,11.98,11.44,10.79,50.53,1.53,0.00,8.32,56.64,445.90
250,2024-01-21 15:30:00,13.69,11.89,11.10,10.82,52.79,1.83,0.00,9.65,62.38,402.50
250,2024-01-21 15:45:00,13.79,11.50,10.64,10.61,54.57,1.86,0.00,10.56,53.56,369.50
250,2024-01-21 16:00:00,13.86,11.38,10.75,10.55,54.65,1.99,0.00,10.15,56.61,320.70
250,2024-01-21 16:15:00,13.88,11.22,10.47,10.47,56.44,2.18,0.00,9.86,60.61,281.00
250,2024-01-21 16:30:00,13.86,10.80,9.86,10.15,57.35,1.83,0.00,9.96,54.73,207.00
250,2024-01-21 16:45:00,13.79,9.68,9.28,9.35,60.38,2.00,0.00,9.77,52.08,106.50
250,2024-01-21 17:00:00,13.62,9.45,8.90,9.12,61.68,1.94,0.00,8.33,53.76,95.70
250,2024-01-21 17:15:00,13.42,9.07,8.61,8.81,63.59,2.10,0.00,8.40,55.78,80.30
250,2024-01-21 17:30:00,13.19,8.50,8.07,8.40,64.90,1.87,0.00,7.61,55.06,39.53
250,2024-01-21 17:45:00,12.96,8.16,7.86,8.09,66.46,2.00,0.00,7.32,59.61,32.40
250,2024-01-21 18:00:00,12.70,7.82,7.52,7.82,66.99,1.79,0.00,7.79,59.85,9.10
250,2024-01-21 18:15:00,12.46,7.67,7.40,7.62,67.45,1.77,0.00,8.67,59.27,0.93
250,2024-01-21 18:30:00,12.22,7.34,7.08,7.39,68.97,1.78,0.00,8.53,58.04,0.12
250,2024-01-21 18:45:00,11.99,7.01,6.79,7.09,70.01,1.70,0.00,6.65,50.82,0.09
250,2024-01-21 19:00:00,11.76,6.79,6.51,6.85,71.02,1.64,0.00,5.73,48.16,0.08
250,2024-01-21 19:15:00,11.54,6.75,6.51,6.74,71.05,1.65,0.00,6.44,46.67,0.09
250,2024-01-21 19:30:00,11.35,6.50,6.21,6.52,71.44,1.43,0.00,5.87,40.37,0.08
250,2024-01-21 19:45:00,11.17,6.23,6.08,6.30,72.70,1.55,0.00,6.00,43.58,0.09
250,2024-01-21 20:00:00,10.98,6.16,5.91,6.16,73.60,1.55,0.00,4.70,35.45,0.08
250,2024-01-21 20:15:00,10.81,6.14,5.95,6.07,74.28,1.72,0.00,5.42,38.07,0.08
250,2024-01-21 20:30:00,10.68,6.18,5.95,6.06,75.68,1.99,0.00,5.80,44.64,0.08
250,2024-01-21 20:45:00,10.58,6.22,5.94,6.08,76.73,2.17,0.00,5.76,41.39,0.08
250,2024-01-21 21:00:00,10.51,6.16,5.82,6.01,77.03,2.11,0.00,5.92,38.39,0.08
250,2024-01-21 21:15:00,10.44,5.96,5.60,5.80,77.32,1.94,0.00,6.70,37.91,0.08
250,2024-01-21 21:30:00,10.38,5.88,5.60,5.72,78.49,2.15,0.00,4.53,31.12,0.08
250,2024-01-21 21:45:00,10.33,5.86,5.57,5.70,79.33,2.28,0.00,4.94,34.22,0.08
250,2024-01-21 22:00:00,10.27,5.88,5.61,5.73,80.00,2.44,0.00,5.15,36.24,0.08
250,2024-01-21 22:15:00,10.21,5.89,5.61,5.76,80.70,2.56,0.00,4.11,40.08,0.09
250,2024-01-21 22:30:00,10.15,5.77,5.50,5.71,81.40,2.57,0.00,5.72,40.67,0.09
250,2024-01-21 22:45:00,10.08,5.45,5.16,5.51,82.40,2.41,0.00,4.28,38.68,0.09
250,2024-01-21 23:00:00,9.98,5.23,5.03,5.31,83.20,2.42,0.00,4.11,36.39,0.09
250,2024-01-21 23:15:00,9.85,5.18,5.05,5.24,83.80,2.54,0.00,4.26,36.05,0.09
250,2024-01-21 23:30:00,9.72,5.13,4.88,5.17,84.10,2.42,0.00,3.81,31.50,0.09
250,2024-01-21 23:45:00,9.60,4.93,4.78,4.97,84.70,2.42,0.00,4.86,39.00,0.09
250,2024-01-22 00:00:00,9.49,4.87,4.69,4.91,85.40,2.45,0.00,4.09,37.24,0.09
250,2024-01-22 00:15:00,9.39,4.82,4.66,4.86,86.20,2.56,0.00,3.18,27.75,0.09
250,2024-01-22 00:30:00,9.28,4.73,4.61,4.80,86.90,2.62,0.00,2.96,34.00,0.09
250,2024-01-22 00:45:00,9.19,4.75,4.62,4.82,87.50,2.73,0.00,2.91,31.24,0.08
250,2024-01-22 01:00:00,9.10,4.87,4.76,4.94,88.10,2.96,0.00,3.22,31.51,0.11
250,2024-01-22 01:15:00,9.02,4.90,4.79,5.00,88.50,3.05,0.00,3.07,26.47,0.10
250,2024-01-22 01:30:00,8.93,4.97,4.83,5.06,88.80,3.14,0.00,2.89,32.68,0.09
250,2024-01-22 01:45:00,8.87,5.00,4.85,5.06,89.10,3.20,0.00,2.78,26.20,0.10
250,2024-01-22 02:00:00,8.81,4.99,4.86,5.07,89.60,3.30,0.00,2.67,35.22,0.09
250,2024-01-22 02:15:00,8.76,5.15,4.99,5.20,89.60,3.42,0.00,3.05,28.30,0.10
250,2024-01-22 02:30:00,8.71,5.13,5.08,5.23,90.20,3.60,0.00,2.33,33.84,0.09
250,2024-01-22 02:45:00,8.66,5.32,5.26,5.40,90.60,3.85,0.00,3.54,34.09,0.09
250,2024-01-22 03:00:00,8.62,5.45,5.37,5.55,90.80,3.99,0.00,3.17,34.52,0.09
250,2024-01-22 03:15:00,8.57,5.59,5.44,5.68,90.80,4.06,0.00,3.70,38.88,0.09
250,2024-01-22 03:30:00,8.53,5.61,5.50,5.70,91.00,4.15,0.00,3.18,38.28,0.09
250,2024-01-22 03:45:00,8.50,5.69,5.65,5.80,91.30,4.35,0.00,3.15,34.96,0.09
250,2024-01-22 04:00:00,8.46,5.75,5.67,5.86,91.40,4.38,0.00,2.32,31.53,0.09
250,2024-01-22 04:15:00,8.43,5.66,5.57,5.87,91.70,4.33,0.00,1.85,31.67,0.09
250,2024-01-22 04:30:00,8.39,5.44,5.55,5.81,92.20,4.39,0.00,2.28,11.29,0.09
250,2024-01-22 04:45:00,8.34,5.42,5.53,5.83,92.70,4.44,0.00,2.12,16.06,0.09
250,2024-01-22 05:00:00,8.28,5.47,5.64,5.88,93.00,4.60,0.00,1.86,10.01,0.09
250,2024-01-22 05:15:00,8.25,5.57,5.67,5.96,93.40,4.69,0.00,1.66,14.59,0.09
250,2024-01-22 05:30:00,8.22,5.68,5.74,6.05,93.50,4.77,0.00,1.61,23.50,0.09
250,2024-01-22 05:45:00,8.19,5.66,5.79,6.11,93.90,4.89,0.00,1.73,24.52,0.09
250,2024-01-22 06:00:00,8.17,5.85,5.95,6.17,94.10,5.08,0.00,1.72,25.36,0.10
250,2024-01-22 06:15:00,8.15,5.95,5.95,6.25,94.40,5.12,0.00,2.12,23.02,0.09
250,2024-01-22 06:30:00,8.13,6.01,6.05,6.32,94.60,5.25,0.00,2.17,20.02,0.09
250,2024-01-22 06:45:00,8.13,6.16,6.15,6.43,94.60,5.35,0.00,1.91,30.41,0.10
250,2024-01-22 07:00:00,8.12,6.34,6.30,6.55,94.80,5.53,0.00,2.12,30.25,0.12
250,2024-01-22 07:15:00,8.13,6.49,6.39,6.65,94.90,5.63,0.00,2.05,37.56,1.01
250,2024-01-22 07:30:00,8.14,6.43,6.29,6.64,94.90,5.53,0.00,1.62,47.05,5.01
250,2024-01-22 07:45:00,8.16,6.40,6.42,6.63,95.20,5.71,0.00,1.25,30.38,18.19
250,2024-01-22 08:00:00,8.17,6.50,6.47,6.76,95.20,5.76,0.00,1.08,51.82,34.14
250,2024-01-22 08:15:00,8.19,6.89,6.90,6.98,95.40,6.22,0.00,0.66,36.64,54.98
250,2024-01-22 08:30:00,8.24,7.62,7.52,7.48,95.00,6.77,0.00,2.36,46.51,98.00
250,2024-01-22 08:45:00,8.33,8.07,7.79,7.86,94.30,6.93,0.00,2.74,35.49,92.20
250,2024-01-22 09:00:00,8.46,8.44,8.07,8.17,93.40,7.07,0.00,2.57,49.36,99.90
250,2024-01-22 09:15:00,8.60,8.80,8.64,8.54,92.50,7.49,0.00,2.28,38.88,122.30
250,2024-01-22 09:30:00,8.76,9.44,9.22,9.08,90.70,7.78,0.00,2.10,33.97,155.50
250,2024-01-22 09:45:00,8.96,10.23,9.98,9.74,88.50,8.17,0.00,2.64,33.22,200.10
250,2024-01-22 10:00:00,9.21,11.25,10.96,10.63,84.90,8.52,0.00,3.15,54.59,244.60
250,2024-01-22 10:15:00,9.52,11.80,11.37,11.29,82.80,8.55,0.00,4.28,54.82,241.30
250,2024-01-22 10:30:00,9.85,12.59,12.59,11.96,80.70,9.36,0.00,4.32,53.09,291.90
250,2024-01-22 10:45:00,10.20,13.96,13.38,13.21,77.28,9.49,0.00,4.65,59.81,283.90
250,2024-01-22 11:00:00,10.60,15.06,14.94,14.19,73.51,10.25,0.00,4.55,66.93,424.10
250,2024-01-22 11:15:00,11.04,16.04,15.52,15.16,71.12,10.31,0.00,5.70,64.12,384.30
250,2024-01-22 11:30:00,11.53,16.67,16.39,15.94,69.41,10.78,0.00,4.60,66.21,356.10
250,2024-01-22 11:45:00,11.98,17.82,17.32,17.05,64.79,10.63,0.00,5.02,89.80,363.10
250,2024-01-22 12:00:00,12.41,18.02,17.24,17.41,63.82,10.33,0.00,5.44,105.60,295.10
250,2024-01-22 12:15:00,12.79,18.20,17.67,17.56,62.67,10.47,0.00,6.92,101.30,349.60
250,2024-01-22 12:30:00,13.12,18.64,18.16,17.97,59.76,10.22,0.00,6.01,99.90,325.70
250,2024-01-22 12:45:00,13.45,19.13,18.79,18.34,57.87,10.33,0.00,6.99,101.00,424.50
250,2024-01-22 13:00:00,13.78,19.90,19.13,18.94,54.02,9.62,0.00,6.41,107.10,485.50
250,2024-01-22 13:15:00,14.16,19.48,18.76,18.76,56.74,10.00,0.00,10.21,98.00,396.00
250,2024-01-22 13:30:00,14.49,19.51,19.23,18.86,57.62,10.67,0.00,10.67,96.00,394.30
250,2024-01-22 13:45:00,14.74,20.27,19.84,19.46,56.77,11.02,0.00,7.37,104.20,423.60
250,2024-01-22 14:00:00,15.01,19.97,19.26,19.36,58.54,10.94,0.00,9.42,109.10,334.00
250,2024-01-22 14:15:00,15.27,19.96,19.25,19.42,60.09,11.32,0.00,8.12,99.50,260.40
250,2024-01-22 14:30:00,15.47,20.04,19.67,19.51,59.14,11.48,0.00,8.84,92.90,292.30
250,2024-01-22 14:45:00,15.64,20.80,20.27,20.11,57.84,11.70,0.00,7.08,104.20,387.50
250,2024-01-22 15:00:00,15.86,20.63,19.59,20.01,59.23,11.43,0.00,9.24,98.40,280.00
250,2024-01-22 15:15:00,16.08,19.82,19.29,19.53,60.96,11.58,0.00,8.96,100.70,150.00
250,2024-01-22 15:30:00,16.20,19.59,19.16,19.29,62.57,11.85,0.00,7.54,106.00,133.40
250,2024-01-22 15:45:00,16.24,19.63,19.22,19.33,62.45,11.88,0.00,6.74,101.20,127.20
250,2024-01-22 16:00:00,16.25,19.61,19.12,19.36,62.38,11.77,0.00,6.75,97.00,97.20
250,2024-01-22 16:15:00,16.25,19.27,18.89,19.17,62.04,11.47,0.00,7.81,101.20,59.20
250,2024-01-22 16:30:00,16.20,19.16,18.75,19.05,63.22,11.62,0.00,5.61,101.30,62.82
250,2024-01-22 16:45:00,16.14,19.04,18.65,18.96,63.91,11.69,0.00,5.56,94.50,59.34
250,2024-01-22 17:00:00,16.07,18.82,18.38,18.76,65.71,11.85,0.00,6.64,89.00,42.92
250,2024-01-22 17:15:00,16.00,18.56,18.16,18.52,67.57,12.07,0.00,6.27,95.50,23.32
250,2024-01-22 17:30:00,15.91,18.39,17.97,18.38,69.15,12.24,0.00,6.41,99.60,21.14
250,2024-01-22 17:45:00,15.83,18.13,17.72,18.18,70.34,12.26,0.00,5.72,100.20,12.47
250,2024-01-22 18:00:00,15.73,17.95,17.62,18.02,70.53,12.20,0.00,6.67,93.20,3.84
250,2024-01-22 18:15:00,15.62,17.78,17.48,17.88,70.91,12.15,0.00,6.55,102.00,0.51
250,2024-01-22 18:30:00,15.51,17.47,17.21,17.59,72.17,12.16,0.00,4.76,104.30,0.11
250,2024-01-22 18:45:00,15.40,17.21,16.91,17.37,73.22,12.09,0.00,3.64,106.10,0.10
250,2024-01-22 19:00:00,15.28,16.83,16.58,17.08,74.39,12.01,0.00,2.52,91.10,0.10
250,2024-01-22 19:15:00,15.17,16.25,16.12,16.79,76.95,12.08,0.00,2.70,56.10,0.10
250,2024-01-22 19:30:00,15.06,16.27,16.08,16.61,77.31,12.11,0.00,3.71,58.26,0.09
250,2024-01-22 19:45:00,14.95,16.22,16.21,16.55,78.01,12.37,0.00,4.20,83.30,0.09
250,2024-01-22 20:00:00,14.87,16.15,15.86,16.38,80.60,12.53,0.00,3.41,95.50,0.09
250,2024-01-22 20:15:00,14.78,15.78,15.61,16.06,82.40,12.62,0.00,3.07,67.65,0.09
250,2024-01-22 20:30:00,14.71,15.43,15.28,15.82,83.40,12.49,0.00,1.08,96.60,0.09
250,2024-01-22 20:45:00,14.61,14.82,14.84,15.61,86.20,12.56,0.00,2.39,66.21,0.09
250,2024-01-22 21:00:00,14.51,14.80,14.70,15.41,86.10,12.40,0.00,3.44,59.99,0.09
250,2024-01-22 21:15:00,14.41,14.47,14.46,15.20,87.20,12.36,0.00,1.78,358.60,0.09
250,2024-01-22 21:30:00,14.29,13.88,13.98,14.95,88.20,12.06,0.00,1.62,55.53,0.09
250,2024-01-22 21:45:00,14.15,13.12,13.44,14.67,89.00,11.66,0.00,1.34,37.57,0.09
250,2024-01-22 22:00:00,14.02,12.61,12.92,14.14,91.10,11.50,0.00,1.27,65.26,0.09
250,2024-01-22 22:15:00,13.87,11.89,12.35,13.92,92.50,11.17,0.00,1.15,321.10,0.10
250,2024-01-22 22:30:00,13.75,12.28,12.48,13.88,93.10,11.40,0.00,2.00,342.00,0.10
250,2024-01-22 22:45:00,13.65,12.50,12.69,13.63,93.80,11.72,0.00,2.36,354.20,0.10
250,2024-01-22 23:00:00,13.57,12.47,12.34,13.48,94.10,11.42,0.00,1.00,349.40,0.09
250,2024-01-22 23:15:00,13.51,12.59,12.66,13.54,94.50,11.80,0.00,1.28,9.12,0.09
250,2024-01-22 23:30:00,13.49,13.16,13.23,13.85,94.40,12.35,0.00,1.94,354.60,0.09
250,2024-01-22 23:45:00,13.48,13.52,13.47,14.02,94.40,12.59,0.00,1.22,19.16,0.09
250,2024-01-23 00:00:00,13.48,13.72,13.58,14.11,93.80,12.60,0.00,1.27,358.30,0.09
250,2024-01-23 00:15:00,13.48,13.78,13.58,14.04,93.40,12.54,0.00,2.55,1.71,0.10
250,2024-01-23 00:30:00,13.49,13.85,13.67,13.99,93.20,12.59,0.00,1.09,16.12,0.10
250,2024-01-23 00:45:00,13.49,13.77,13.57,14.01,93.00,12.46,0.00,0.87,43.50,0.09
250,2024-01-23 01:00:00,13.50,13.80,13.71,14.16,93.30,12.65,0.00,1.11,43.18,0.09
250,2024-01-23 01:15:00,13.50,14.07,14.19,14.50,93.20,13.11,0.00,2.34,79.53,0.09
250,2024-01-23 01:30:00,13.51,14.80,14.73,14.99,91.30,13.33,0.00,2.46,75.66,0.10
250,2024-01-23 01:45:00,13.51,14.83,14.60,15.18,90.50,13.06,0.00,0.75,357.70,0.09
250,2024-01-23 02:00:00,13.53,14.62,14.52,15.15,90.70,13.02,0.00,1.20,18.81,0.09
250,2024-01-23 02:15:00,13.54,14.64,14.73,15.19,91.00,13.28,0.00,1.42,26.36,0.09
250,2024-01-23 02:30:00,13.55,14.62,14.44,15.24,91.00,12.99,0.00,1.72,12.44,0.10
250,2024-01-23 02:45:00,13.56,14.38,14.21,15.03,91.70,12.88,0.00,1.68,7.53,0.10
250,2024-01-23 03:00:00,13.57,14.30,14.22,14.94,92.40,13.01,0.00,1.23,44.69,0.10
250,2024-01-23 03:15:00,13.58,14.44,14.59,15.17,92.40,13.37,0.00,1.41,114.20,0.09
250,2024-01-23 03:30:00,13.59,14.62,14.50,15.31,92.10,13.23,0.00,1.14,26.25,0.10
250,2024-01-23 03:45:00,13.60,14.39,14.31,15.17,92.00,13.03,0.00,0.96,22.57,0.09
250,2024-01-23 04:00:00,13.60,14.06,13.92,15.09,92.80,12.77,0.00,0.85,307.40,0.10
250,2024-01-23 04:15:00,13.58,13.94,13.89,14.81,93.40,12.84,0.00,1.15,330.20,0.09
250,2024-01-23 04:30:00,13.57,14.44,14.80,15.30,93.00,13.68,0.00,2.54,75.69,0.09
250,2024-01-23 04:45:00,13.57,15.17,15.28,15.78,91.00,13.82,0.00,3.72,82.30,0.09
250,2024-01-23 05:00:00,13.57,15.65,15.65,16.07,89.10,13.86,0.00,2.47,101.50,0.10
250,2024-01-23 05:15:00,13.59,15.90,15.81,16.12,88.20,13.86,0.00,4.12,104.50,0.09
250,2024-01-23 05:30:00,13.62,15.96,15.76,16.13,88.40,13.85,0.00,2.61,115.60,0.09
250,2024-01-23 05:45:00,13.65,15.90,15.66,16.10,89.10,13.87,0.00,3.13,174.40,0.10
250,2024-01-23 06:00:00,13.67,15.98,15.81,16.15,88.90,13.98,0.00,3.41,163.30,0.09
250,2024-01-23 06:15:00,13.70,16.31,16.00,16.34,88.70,14.14,0.00,4.55,163.50,0.09
250,2024-01-23 06:30:00,13.74,16.11,15.82,16.20,89.70,14.13,0.00,3.16,163.60,0.09
250,2024-01-23 06:45:00,13.78,15.98,15.84,16.12,90.30,14.25,0.00,1.19,93.80,0.09
250,2024-01-23 07:00:00,13.81,15.90,15.62,16.12,90.70,14.11,0.00,1.23,14.97,0.11
250,2024-01-23 07:15:00,13.83,15.65,15.57,16.03,91.80,14.24,0.00,1.65,32.33,0.45
250,2024-01-23 07:30:00,13.86,15.66,15.42,16.01,92.10,14.14,0.00,3.03,356.60,1.77
250,2024-01-23 07:45:00,13.88,15.65,15.39,15.79,92.20,14.13,0.00,2.25,35.47,8.60
250,2024-01-23 08:00:00,13.91,15.65,15.31,15.65,91.90,14.00,0.00,3.70,12.07,22.39
250,2024-01-23 08:15:00,13.94,15.94,15.79,15.86,91.20,14.36,0.00,4.77,39.10,48.29
250,2024-01-23 08:30:00,13.99,16.48,16.26,16.32,89.30,14.50,0.00,6.22,41.76,94.50
250,2024-01-23 08:45:00,14.09,16.89,16.63,16.64,87.80,14.60,0.00,4.12,26.80,133.90
250,2024-01-23 09:00:00,14.21,17.36,17.04,17.02,86.60,14.79,0.00,3.33,37.25,131.10
250,2024-01-23 09:15:00,14.37,17.52,17.18,17.22,86.40,14.89,0.00,5.65,50.03,135.00
250,2024-01-23 09:30:00,14.52,17.79,17.46,17.48,85.90,15.08,0.00,5.47,51.78,142.80
250,2024-01-23 09:45:00,14.67,18.16,17.94,17.75,85.40,15.46,0.00,3.99,49.55,195.00
250,2024-01-23 10:00:00,14.85,19.15,18.87,18.43,81.50,15.64,0.00,5.03,66.24,317.00
250,2024-01-23 10:15:00,15.12,19.65,19.21,18.96,79.50,15.58,0.00,6.90,65.10,300.20
250,2024-01-23 10:30:00,15.47,20.19,19.88,19.50,77.72,15.88,0.00,5.75,77.12,317.70
250,2024-01-23 10:45:00,15.80,20.64,20.15,20.04,75.12,15.61,0.00,6.06,88.50,270.20
250,2024-01-23 11:00:00,16.12,20.90,20.44,20.34,74.18,15.69,0.00,5.05,108.00,274.90
250,2024-01-23 11:15:00,16.40,21.25,20.83,20.63,71.52,15.50,0.00,7.00,108.50,334.50
250,2024-01-23 11:30:00,16.71,21.71,20.96,21.01,71.19,15.55,0.00,8.12,102.00,359.30
250,2024-01-23 11:45:00,17.04,21.89,21.29,21.20,70.02,15.61,0.00,8.28,106.00,381.40
250,2024-01-23 12:00:00,17.36,22.67,22.27,21.68,68.10,16.11,0.00,7.42,102.60,579.60
250,2024-01-23 12:15:00,17.74,23.56,22.70,22.37,64.84,15.75,0.00,8.34,98.40,586.70
250,2024-01-23 12:30:00,18.25,23.37,22.75,22.48,64.21,15.65,0.00,7.49,103.70,477.40
250,2024-01-23 12:45:00,18.68,23.22,22.55,22.47,64.03,15.41,0.00,7.42,118.00,396.10
250,2024-01-23 13:00:00,18.99,23.13,22.45,22.41,64.68,15.48,0.00,6.48,125.60,424.00
250,2024-01-23 13:15:00,19.24,23.44,22.73,22.75,63.45,15.44,0.00,6.52,131.70,413.20
250,2024-01-23 13:30:00,19.47,23.27,22.46,22.62,64.31,15.40,0.00,6.64,111.20,291.50
250,2024-01-23 13:45:00,19.66,23.36,22.62,22.70,64.15,15.51,0.00,7.64,118.40,356.10
250,2024-01-23 14:00:00,19.81,23.24,22.59,22.71,63.96,15.43,0.00,6.56,112.70,242.10
250,2024-01-23 14:15:00,19.92,23.12,22.59,22.69,63.92,15.42,0.00,6.95,112.80,232.20
250,2024-01-23 14:30:00,19.97,23.12,22.55,22.69,64.42,15.51,0.00,6.22,117.30,195.30
250,2024-01-23 14:45:00,19.98,22.97,22.53,22.60,65.92,15.85,0.00,6.68,111.30,205.20
250,2024-01-23 15:00:00,19.98,23.07,22.44,22.66,65.45,15.65,0.00,7.14,120.40,231.10
250,2024-01-23 15:15:00,20.00,22.74,22.18,22.44,66.70,15.70,0.00,7.45,120.30,145.10
250,2024-01-23 15:30:00,19.99,22.61,22.09,22.34,67.10,15.71,0.00,6.69,114.40,140.00
250,2024-01-23 15:45:00,19.94,22.46,21.98,22.24,68.00,15.81,0.00,5.24,115.90,101.00
250,2024-01-23 16:00:00,19.88,22.34,21.97,22.18,68.86,16.00,0.00,4.37,111.40,94.00
250,2024-01-23 16:15:00,19.78,22.44,22.01,22.22,68.83,16.03,0.00,5.71,107.40,118.80
250,2024-01-23 16:30:00,19.70,22.24,21.76,22.08,70.27,16.11,0.00,7.04,97.20,92.60
250,2024-01-23 16:45:00,19.63,21.91,21.47,21.84,71.10,16.02,0.00,5.96,91.10,49.67
250,2024-01-23 17:00:00,19.55,21.67,21.33,21.67,71.35,15.94,0.00,4.22,82.80,41.56
250,2024-01-23 17:15:00,19.43,21.43,21.13,21.48,72.17,15.93,0.00,4.18,76.81,26.94
250,2024-01-23 17:30:00,19.30,21.16,20.82,21.28,73.56,15.93,0.00,3.79,79.02,20.61
250,2024-01-23 17:45:00,19.16,20.93,20.68,21.08,74.74,16.04,0.00,4.77,82.70,10.79
250,2024-01-23 18:00:00,19.03,20.72,20.42,20.89,75.67,15.98,0.00,4.36,80.80,3.82
250,2024-01-23 18:15:00,18.88,20.34,20.17,20.61,77.07,16.03,0.00,4.15,72.80,0.61
250,2024-01-23 18:30:00,18.74,20.02,19.73,20.32,79.02,15.99,0.00,3.59,62.82,0.11
250,2024-01-23 18:45:00,18.60,19.68,19.53,19.95,80.70,16.13,0.00,3.68,68.61,0.09
250,2024-01-23 19:00:00,18.45,19.49,19.26,19.76,82.20,16.15,0.00,3.54,65.49,0.09
250,2024-01-23 19:15:00,18.32,19.32,19.15,19.56,83.40,16.27,0.00,4.47,78.87,0.09
250,2024-01-23 19:30:00,18.20,19.24,18.99,19.40,84.10,16.25,0.00,4.61,74.94,0.08
250,2024-01-23 19:45:00,18.08,19.22,19.06,19.35,84.80,16.44,0.00,5.12,79.35,0.08
250,2024-01-23 20:00:00,17.98,19.19,19.02,19.35,85.40,16.52,0.00,4.96,86.80,0.09
250,2024-01-23 20:15:00,17.88,19.27,19.08,19.37,85.10,16.52,0.00,5.21,91.00,0.09
250,2024-01-23 20:30:00,17.80,19.17,19.01,19.30,85.80,16.58,0.00,5.55,91.20,0.09
250,2024-01-23 20:45:00,17.72,19.21,18.97,19.31,85.90,16.56,0.00,6.16,93.80,0.08
250,2024-01-23 21:00:00,17.66,19.15,18.92,19.25,86.30,16.58,0.00,5.24,90.20,0.09
250,2024-01-23 21:15:00,17.59,19.16,18.92,19.25,86.40,16.60,0.00,5.17,91.50,0.08
250,2024-01-23 21:30:00,17.55,19.08,18.85,19.18,87.00,16.64,0.00,3.98,96.50,0.08
250,2024-01-23 21:45:00,17.50,19.10,18.97,19.18,87.10,16.78,0.00,5.45,91.50,0.09
250,2024-01-23 22:00:00,17.45,19.13,18.85,19.21,87.50,16.73,0.00,5.35,96.40,0.09
250,2024-01-23 22:15:00,17.41,18.97,18.74,19.04,88.40,16.78,0.00,5.05,92.90,0.09
250,2024-01-23 22:30:00,17.37,18.91,18.62,18.97,88.80,16.74,0.00,3.43,103.40,0.09
250,2024-01-23 22:45:00,17.34,18.79,18.57,18.88,89.30,16.78,0.00,3.12,98.00,0.09
250,2024-01-23 23:00:00,17.30,18.69,18.54,18.86,89.80,16.83,0.00,3.09,91.60,0.09
250,2024-01-23 23:15:00,17.27,18.77,18.54,18.88,89.90,16.85,0.00,2.93,85.20,0.08
250,2024-01-23 23:30:00,17.24,18.69,18.54,18.87,90.30,16.92,0.00,2.10,75.43,0.09
250,2024-01-23 23:45:00,17.20,18.61,18.46,18.81,90.50,16.88,0.00,1.71,70.63,0.09
250,2024-01-24 00:00:00,17.17,18.40,18.17,18.71,91.00,16.68,0.00,1.60,66.99,0.08
250,2024-01-24 00:15:00,17.14,17.97,17.73,18.49,91.30,16.29,0.00,1.27,65.90,0.09
250,2024-01-24 00:30:00,17.10,17.90,17.90,18.37,92.50,16.67,0.00,3.06,68.40,0.08
250,2024-01-24 00:45:00,17.05,18.11,17.94,18.33,92.60,16.72,0.00,2.62,57.01,0.09
250,2024-01-24 01:00:00,17.01,18.09,17.89,18.36,92.70,16.69,0.00,2.51,68.34,0.09
250,2024-01-24 01:15:00,16.97,18.01,17.96,18.34,92.90,16.80,0.00,2.88,84.40,0.09
250,2024-01-24 01:30:00,16.92,18.06,17.93,18.40,93.10,16.80,0.00,3.21,90.40,0.08
250,2024-01-24 01:45:00,16.88,18.25,18.10,18.50,92.80,16.92,0.00,3.06,79.61,0.08
250,2024-01-24 02:00:00,16.84,18.26,18.10,18.49,92.90,16.93,0.00,2.12,83.90,0.09
250,2024-01-24 02:15:00,16.81,18.29,18.16,18.52,93.00,17.01,0.00,2.59,101.90,0.08
250,2024-01-24 02:30:00,16.79,18.31,18.11,18.51,92.80,16.93,0.00,2.53,102.10,0.09
250,2024-01-24 02:45:00,16.77,18.26,18.03,18.46,93.00,16.88,0.00,2.56,109.70,0.09
250,2024-01-24 03:00:00,16.76,18.13,17.96,18.35,93.30,16.86,0.00,1.98,108.10,0.09
250,2024-01-24 03:15:00,16.74,18.06,17.89,18.28,93.40,16.81,0.00,1.32,108.10,0.09
250,2024-01-24 03:30:00,16.71,17.97,17.77,18.19,93.60,16.72,0.00,1.50,126.80,0.08
250,2024-01-24 03:45:00,16.69,17.85,17.72,18.12,94.00,16.74,0.00,2.21,118.50,0.09
250,2024-01-24 04:00:00,16.67,17.85,17.76,18.09,94.20,16.82,0.00,2.20,117.10,0.09
250,2024-01-24 04:15:00,16.64,17.91,17.72,18.10,94.40,16.81,0.00,2.23,106.90,0.09
250,2024-01-24 04:30:00,16.62,17.93,17.82,18.15,94.60,16.94,0.00,2.61,106.40,0.08
250,2024-01-24 04:45:00,16.60,18.04,17.97,18.25,94.70,17.11,0.00,1.76,115.60,0.08
250,2024-01-24 05:00:00,16.58,18.06,17.85,18.34,94.60,16.97,0.00,1.37,142.10,0.09
250,2024-01-24 05:15:00,16.55,17.90,17.80,18.34,94.90,16.97,0.00,1.40,116.10,0.09
250,2024-01-24 05:30:00,16.51,17.55,17.59,18.29,94.90,16.76,0.00,1.30,65.79,0.09
250,2024-01-24 05:45:00,16.46,17.03,17.18,18.16,95.60,16.47,0.00,1.50,97.80,0.09
250,2024-01-24 06:00:00,16.39,17.12,17.50,18.14,95.80,16.82,0.00,2.36,118.40,0.09
250,2024-01-24 06:15:00,16.32,17.81,17.73,18.28,95.70,17.03,0.00,2.31,112.80,0.08
250,2024-01-24 06:30:00,16.26,17.72,17.77,18.25,96.00,17.12,0.00,2.13,96.00,0.08
250,2024-01-24 06:45:00,16.21,17.52,17.48,18.19,95.80,16.80,0.00,1.15,52.98,0.08
250,2024-01-24 07:00:00,16.16,16.95,16.75,18.09,95.70,16.06,0.00,1.37,16.89,0.10
250,2024-01-24 07:15:00,16.09,16.43,16.37,17.81,96.30,15.78,0.00,1.60,28.47,0.62
250,2024-01-24 07:30:00,16.03,16.59,16.66,17.70,96.30,16.07,0.00,1.47,70.50,3.38
250,2024-01-24 07:45:00,15.97,15.64,16.50,17.36,97.40,16.09,0.00,0.65,319.20,11.09
250,2024-01-24 08:00:00,15.95,16.60,16.95,17.63,97.40,16.54,0.00,1.27,352.20,30.94
250,2024-01-24 08:15:00,15.96,17.52,17.92,18.33,97.60,17.53,0.00,1.71,56.76,72.63
250,2024-01-24 08:30:00,16.01,18.33,18.76,19.13,97.20,18.31,0.00,2.35,94.60,133.70
250,2024-01-24 08:45:00,16.07,19.71,19.77,19.87,96.50,19.20,0.00,2.59,105.30,173.50
250,2024-01-24 09:00:00,16.21,20.87,20.34,20.52,93.70,19.29,0.00,14.64,129.10,206.30
250,2024-01-24 09:15:00,16.45,21.52,20.98,21.01,89.30,19.15,0.00,4.05,126.70,213.70
250,2024-01-24 09:30:00,16.73,22.45,22.00,21.74,84.60,19.29,0.00,3.99,127.60,278.50
250,2024-01-24 09:45:00,17.04,22.78,22.34,22.22,82.60,19.24,0.00,7.23,138.30,328.90
250,2024-01-24 10:00:00,17.40,23.19,22.89,22.64,80.70,19.40,0.00,7.70,139.50,361.70
250,2024-01-24 10:15:00,17.79,23.60,23.10,23.04,79.36,19.34,0.00,7.39,143.60,370.20
250,2024-01-24 10:30:00,18.20,24.13,23.56,23.48,76.51,19.19,0.00,7.51,140.80,373.60
250,2024-01-24 10:45:00,18.62,24.56,23.79,23.89,74.58,19.01,0.00,8.53,143.10,374.60
250,2024-01-24 11:00:00,19.02,24.41,23.98,23.86,75.11,19.30,0.00,8.93,135.60,369.60
250,2024-01-24 11:15:00,19.38,24.90,24.12,24.26,72.82,18.94,0.00,9.40,144.40,400.20
250,2024-01-24 11:30:00,19.73,24.63,24.39,24.13,72.73,19.18,0.00,8.14,136.60,302.00
250,2024-01-24 11:45:00,20.02,25.34,24.69,24.67,70.46,18.96,0.00,10.25,143.60,464.80
250,2024-01-24 12:00:00,20.33,25.84,25.38,25.02,68.83,19.25,0.00,6.66,125.90,508.80
250,2024-01-24 12:15:00,20.71,26.75,26.03,25.79,66.65,19.35,0.00,6.93,136.70,600.70
250,2024-01-24 12:30:00,21.19,25.68,24.70,25.00,71.24,19.15,0.00,6.88,117.30,317.50
250,2024-01-24 12:45:00,21.56,25.77,25.09,25.02,70.96,19.46,0.00,5.43,119.10,309.20
250,2024-01-24 13:00:00,21.77,25.85,25.28,25.21,68.80,19.14,0.00,5.80,111.60,279.60
250,2024-01-24 13:15:00,21.92,26.14,25.31,25.44,69.08,19.24,0.00,6.61,115.90,318.30
250,2024-01-24 13:30:00,22.07,25.99,25.14,25.30,69.59,19.19,0.00,7.62,97.70,313.80
250,2024-01-24 13:45:00,22.22,26.15,25.51,25.43,67.28,19.01,0.00,6.21,116.60,340.10
250,2024-01-24 14:00:00,22.34,26.42,25.33,25.69,67.78,18.95,0.00,6.13,111.50,301.60
250,2024-01-24 14:15:00,22.49,26.25,25.74,25.64,68.20,19.44,0.00,4.92,110.60,310.00
250,2024-01-24 14:30:00,22.61,26.86,25.65,25.96,68.68,19.47,0.00,6.64,108.70,374.70
250,2024-01-24 14:45:00,22.77,26.61,25.61,25.85,68.32,19.35,0.00,6.03,112.10,351.40
250,2024-01-24 15:00:00,22.92,26.34,25.57,25.76,68.21,19.28,0.00,5.72,125.30,258.60
250,2024-01-24 15:15:00,23.02,26.37,25.40,25.81,69.68,19.46,0.00,6.40,110.80,284.50
250,2024-01-24 15:30:00,23.08,26.06,25.37,25.57,69.30,19.35,0.00,5.73,104.30,189.70
250,2024-01-24 15:45:00,23.07,26.05,25.57,25.69,67.17,19.04,0.00,5.25,134.80,160.90
250,2024-01-24 16:00:00,23.04,26.30,25.86,25.89,66.49,19.15,0.00,5.29,124.10,183.10
250,2024-01-24 16:15:00,22.98,26.47,26.16,26.01,65.63,19.23,0.00,4.58,128.20,187.10
250,2024-01-24 16:30:00,22.94,27.15,26.23,26.44,66.72,19.56,0.00,5.67,103.20,270.90
250,2024-01-24 16:45:00,22.97,26.50,25.54,25.98,68.75,19.38,0.00,6.56,96.60,182.40
250,2024-01-24 17:00:00,23.01,25.87,25.52,25.62,68.77,19.37,0.00,5.77,94.50,108.40
250,2024-01-24 17:15:00,22.99,25.89,25.27,25.65,68.69,19.11,0.00,5.12,104.10,77.50
250,2024-01-24 17:30:00,22.92,25.35,24.72,25.29,70.28,18.95,0.00,4.09,102.60,37.57
250,2024-01-24 17:45:00,22.80,24.78,24.31,24.86,71.93,18.93,0.00,3.42,112.20,18.87
250,2024-01-24 18:00:00,22.65,24.27,23.81,24.51,73.56,18.81,0.00,2.30,102.00,8.37
250,2024-01-24 18:15:00,22.46,23.63,23.37,24.06,75.15,18.72,0.00,2.25,121.80,1.40
250,2024-01-24 18:30:00,22.26,23.08,22.89,23.66,76.82,18.61,0.00,1.67,121.40,0.15
250,2024-01-24 18:45:00,22.06,22.77,22.44,23.31,78.16,18.45,0.00,1.86,67.93,0.09
250,2024-01-24 19:00:00,21.85,22.27,22.51,23.06,78.52,18.59,0.00,3.26,68.00,0.09
250,2024-01-24 19:15:00,21.68,22.74,22.62,23.12,77.99,18.59,0.00,3.10,77.98,0.08
250,2024-01-24 19:30:00,21.51,22.67,22.52,23.00,78.68,18.63,0.00,3.92,86.90,0.08
250,2024-01-24 19:45:00,21.37,22.67,22.44,22.91,80.10,18.84,0.00,4.76,95.40,0.08
250,2024-01-24 20:00:00,21.21,22.34,22.12,22.68,82.10,18.92,0.00,4.65,97.00,0.09
250,2024-01-24 20:15:00,21.06,22.14,21.95,22.41,83.20,18.97,0.00,4.34,100.60,0.09
250,2024-01-24 20:30:00,20.92,22.10,21.85,22.24,84.00,19.03,0.00,3.70,112.60,0.08
250,2024-01-24 20:45:00,20.81,21.94,21.68,22.10,85.00,19.05,0.00,2.79,113.70,0.09
250,2024-01-24 21:00:00,20.71,21.75,21.47,21.89,86.20,19.07,0.00,3.55,104.10,0.09
250,2024-01-24 21:15:00,20.62,21.69,21.47,21.81,86.50,19.12,0.00,4.28,100.70,0.09
250,2024-01-24 21:30:00,20.53,21.64,21.30,21.73,86.70,18.99,0.00,3.63,114.40,0.09
250,2024-01-24 21:45:00,20.45,21.45,21.19,21.56,87.60,19.05,0.00,2.69,116.10,0.09
250,2024-01-24 22:00:00,20.37,21.39,21.14,21.48,87.60,19.00,0.00,2.74,131.30,0.08
250,2024-01-24 22:15:00,20.29,21.47,21.22,21.52,87.20,19.01,0.00,3.68,138.20,0.08
250,2024-01-24 22:30:00,20.23,21.43,21.20,21.51,87.50,19.04,0.00,3.52,135.90,0.08
250,2024-01-24 22:45:00,20.16,21.41,21.19,21.52,87.30,19.00,0.00,3.60,129.80,0.08
250,2024-01-24 23:00:00,20.09,21.24,20.96,21.39,88.10,18.92,0.00,3.68,132.40,0.09
250,2024-01-24 23:15:00,20.01,20.98,20.68,21.18,89.00,18.80,0.00,3.24,133.00,0.09
250,2024-01-24 23:30:00,19.91,20.76,20.59,21.01,89.70,18.84,0.00,3.26,130.50,0.08
250,2024-01-24 23:45:00,19.81,20.63,20.44,20.92,90.20,18.78,0.00,3.40,127.50,0.08
250,2024-01-25 00:00:00,19.71,20.27,20.17,20.67,91.10,18.67,0.00,3.07,108.20,0.08
250,2024-01-25 00:15:00,19.61,20.12,20.07,20.49,91.90,18.71,0.00,3.04,121.70,0.08
250,2024-01-25 00:30:00,19.51,20.15,19.98,20.41,92.20,18.68,0.00,3.12,134.30,0.09
250,2024-01-25 00:45:00,19.42,19.93,19.83,20.35,92.80,18.63,0.00,2.48,134.00,0.09
250,2024-01-25 01:00:00,19.33,19.96,19.73,20.26,92.90,18.55,0.00,2.62,143.30,0.09
250,2024-01-25 01:15:00,19.25,18.63,18.51,19.94,92.90,17.34,0.00,1.26,161.30,0.09
250,2024-01-25 01:30:00,19.14,18.12,18.79,19.88,94.70,17.92,0.00,2.80,169.50,0.09
250,2024-01-25 01:45:00,19.03,17.47,18.13,19.77,94.50,17.23,0.00,1.92,146.70,0.09
250,2024-01-25 02:00:00,18.91,17.61,18.20,19.49,95.50,17.47,0.00,1.29,125.50,0.09
250,2024-01-25 02:15:00,18.79,16.74,17.35,19.19,95.80,16.67,0.00,0.81,137.00,0.08
250,2024-01-25 02:30:00,18.68,16.71,17.62,19.23,96.30,17.02,0.00,1.12,101.10,0.09
250,2024-01-25 02:45:00,18.56,17.20,17.52,19.26,95.80,16.84,0.00,1.29,123.80,0.09
250,2024-01-25 03:00:00,18.45,16.07,16.23,18.94,96.60,15.69,0.00,0.82,69.48,0.09
250,2024-01-25 03:15:00,18.34,15.98,16.29,18.14,96.50,15.73,0.00,0.89,54.05,0.09
250,2024-01-25 03:30:00,18.23,15.68,16.12,17.79,96.80,15.61,0.00,1.10,98.50,0.08
250,2024-01-25 03:45:00,18.13,15.58,15.81,17.88,96.90,15.32,0.00,2.00,94.50,0.09
250,2024-01-25 04:00:00,18.01,15.32,15.42,17.50,96.60,14.88,0.00,1.04,91.80,0.09
250,2024-01-25 04:15:00,17.92,15.16,15.55,17.20,96.90,15.06,0.00,1.19,104.30,0.08
250,2024-01-25 04:30:00,17.81,15.16,15.27,17.13,97.00,14.80,0.00,0.81,127.60,0.08
250,2024-01-25 04:45:00,17.72,15.55,15.95,16.57,97.50,15.55,0.00,0.93,270.70,0.08
250,2024-01-25 05:00:00,17.63,15.81,16.19,17.19,97.60,15.81,0.00,0.66,309.00,0.09
250,2024-01-25 05:15:00,17.58,16.17,16.13,17.27,97.40,15.72,0.00,0.54,120.20,0.09
250,2024-01-25 05:30:00,17.55,16.38,16.44,17.39,97.80,16.09,0.00,1.87,102.50,0.09
250,2024-01-25 05:45:00,17.53,16.56,16.53,17.55,97.80,16.18,0.00,2.33,116.30,0.08
250,2024-01-25 06:00:00,17.52,16.87,17.01,17.55,98.10,16.71,0.00,2.95,113.60,0.09
250,2024-01-25 06:15:00,17.49,17.28,17.26,17.68,98.20,16.97,0.00,2.10,121.20,0.08
250,2024-01-25 06:30:00,17.47,17.54,17.43,17.92,98.20,17.14,0.00,1.80,147.90,0.08
250,2024-01-25 06:45:00,17.44,17.68,17.76,18.22,98.40,17.50,0.00,2.30,144.00,0.09
250,2024-01-25 07:00:00,17.41,18.30,18.30,18.61,98.30,18.03,0.00,3.18,137.40,0.10
250,2024-01-25 07:15:00,17.37,18.75,18.72,18.87,98.30,18.45,0.00,4.57,151.40,0.61
250,2024-01-25 07:30:00,17.36,19.11,18.89,19.14,98.20,18.60,0.00,5.80,146.80,2.40
250,2024-01-25 07:45:00,17.41,19.12,18.85,19.13,98.20,18.56,0.00,4.98,140.20,6.85
250,2024-01-25 08:00:00,17.50,19.19,19.02,19.17,98.30,18.75,0.00,5.38,141.70,24.37
250,2024-01-25 08:15:00,17.61,19.37,19.21,19.34,98.30,18.94,0.00,6.40,143.70,49.84
250,2024-01-25 08:30:00,17.72,19.63,19.37,19.57,98.20,19.08,0.00,7.40,144.40,91.00
250,2024-01-25 08:45:00,17.85,19.92,19.60,19.75,98.10,19.29,0.00,7.00,155.50,105.30
250,2024-01-25 09:00:00,18.00,20.21,19.83,19.98,98.00,19.50,0.00,7.29,152.30,142.40
250,2024-01-25 09:15:00,18.17,20.46,20.08,20.20,97.80,19.72,0.00,17.23,153.50,150.90
250,2024-01-25 09:30:00,18.36,20.92,20.52,20.57,97.50,20.11,0.00,6.14,145.50,195.50
250,2024-01-25 09:45:00,18.55,21.54,20.98,21.05,96.50,20.40,0.00,5.90,146.30,242.80
250,2024-01-25 10:00:00,18.80,22.20,21.60,21.70,95.80,20.90,0.00,5.33,147.90,261.10
250,2024-01-25 10:15:00,19.06,22.74,22.29,22.30,92.90,21.09,0.00,6.91,158.70,250.30
250,2024-01-25 10:30:00,19.33,23.45,23.06,22.93,86.80,20.74,0.00,8.93,184.00,269.30
250,2024-01-25 10:45:00,19.60,23.59,23.33,23.11,84.30,20.53,0.00,8.45,173.10,271.30
250,2024-01-25 11:00:00,19.88,24.12,23.82,23.65,82.20,20.60,0.00,7.06,171.60,275.60
250,2024-01-25 11:15:00,20.14,24.50,24.11,24.04,79.38,20.32,0.00,7.44,174.10,257.20
250,2024-01-25 11:30:00,20.40,25.43,25.75,24.69,73.49,20.66,0.00,7.77,172.50,434.80
250,2024-01-25 11:45:00,20.69,26.11,25.52,25.39,71.00,19.88,0.00,9.26,167.40,509.70
250,2024-01-25 12:00:00,21.13,26.58,26.05,25.82,68.39,19.78,0.00,8.59,160.00,554.00
250,2024-01-25 12:15:00,21.59,26.60,25.72,25.77,68.74,19.55,0.00,9.96,184.40,344.70
250,2024-01-25 12:30:00,21.97,26.95,26.46,26.32,65.86,19.57,0.00,7.87,166.50,460.80
250,2024-01-25 12:45:00,22.26,26.88,26.25,26.17,67.60,19.79,0.00,15.82,187.90,441.80
250,2024-01-25 13:00:00,22.56,27.17,26.32,26.49,66.06,19.48,0.00,7.19,169.50,422.90
250,2024-01-25 13:15:00,22.82,27.92,26.93,26.86,66.16,20.09,0.00,7.45,184.10,602.90
250,2024-01-25 13:30:00,23.10,28.07,27.73,27.29,63.09,20.08,0.00,5.78,180.00,627.70
250,2024-01-25 13:45:00,23.42,28.47,26.97,27.13,65.13,19.87,0.00,8.08,211.00,410.50
250,2024-01-25 14:00:00,23.73,27.61,26.97,26.90,64.34,19.67,0.00,3.71,222.20,245.80
250,2024-01-25 14:15:00,23.93,27.90,27.21,27.27,63.37,19.66,0.00,5.86,185.20,273.30
250,2024-01-25 14:30:00,24.07,28.00,27.62,27.21,62.30,19.77,0.00,6.61,212.80,335.80
250,2024-01-25 14:45:00,24.19,28.47,28.32,27.67,59.21,19.61,0.00,7.40,182.40,524.10
250,2024-01-25 15:00:00,24.34,28.39,27.40,27.70,62.79,19.69,0.00,5.00,187.00,297.30
250,2024-01-25 15:15:00,24.49,27.95,27.04,27.33,61.97,19.14,0.00,4.85,182.60,207.10
250,2024-01-25 15:30:00,24.57,28.14,27.95,27.57,60.17,19.52,0.00,3.14,141.80,310.00
250,2024-01-25 15:45:00,24.64,28.22,27.28,27.57,62.55,19.51,0.00,4.20,198.60,184.80
250,2024-01-25 16:00:00,24.72,28.02,27.40,27.55,61.83,19.44,0.00,3.11,180.20,214.00
250,2024-01-25 16:15:00,24.73,28.26,27.25,27.80,62.59,19.50,0.00,3.28,180.60,188.70
250,2024-01-25 16:30:00,24.76,28.48,27.78,27.97,61.28,19.65,0.00,2.90,155.40,250.80
250,2024-01-25 16:45:00,24.75,28.78,27.91,28.26,61.62,19.87,0.00,2.33,131.50,201.90
250,2024-01-25 17:00:00,24.75,27.90,26.95,27.65,63.93,19.55,0.00,2.23,135.30,74.35
250,2024-01-25 17:15:00,24.71,27.45,26.89,27.30,65.03,19.77,0.00,2.70,145.40,63.44
250,2024-01-25 17:30:00,24.60,27.31,26.32,27.26,67.76,19.89,0.00,1.39,125.50,50.81
250,2024-01-25 17:45:00,24.46,25.91,25.48,26.33,70.91,19.82,0.00,1.79,100.90,17.69
250,2024-01-25 18:00:00,24.27,24.93,24.55,25.57,74.27,19.67,0.00,0.94,44.40,6.07
250,2024-01-25 18:15:00,24.05,23.77,23.68,24.77,77.98,19.62,0.00,0.34,16.63,1.39
250,2024-01-25 18:30:00,23.81,23.43,23.33,24.23,80.40,19.77,0.00,0.97,100.70,0.16
250,2024-01-25 18:45:00,23.59,22.82,22.56,24.04,83.00,19.53,0.00,1.41,150.90,0.09
250,2024-01-25 19:00:00,23.37,22.15,22.18,23.48,84.60,19.46,0.00,1.03,74.76,0.09
250,2024-01-25 19:15:00,23.16,21.98,21.97,22.96,85.30,19.39,0.00,0.84,3.75,0.09
250,2024-01-25 19:30:00,22.96,22.06,22.72,22.96,83.80,19.84,0.00,4.18,275.70,0.09
250,2024-01-25 19:45:00,22.80,23.29,23.28,24.01,82.10,20.06,0.00,5.95,261.00,0.08
250,2024-01-25 20:00:00,22.65,23.41,23.24,24.17,82.70,20.14,0.00,2.97,250.70,0.09
250,2024-01-25 20:15:00,22.52,23.11,23.00,23.83,84.00,20.15,0.00,2.29,273.30,0.09
250,2024-01-25 20:30:00,22.41,23.50,23.48,24.05,81.10,20.05,0.00,2.39,293.20,0.09
250,2024-01-25 20:45:00,22.30,22.99,22.65,23.75,82.80,19.58,0.00,1.92,278.40,0.09
250,2024-01-25 21:00:00,22.18,22.07,22.07,23.17,85.60,19.55,0.00,0.81,327.40,0.09
250,2024-01-25 21:15:00,22.03,21.08,21.10,22.85,87.40,18.93,0.00,1.47,311.60,0.09
250,2024-01-25 21:30:00,21.87,20.64,21.19,22.52,89.30,19.36,0.00,2.44,342.20,0.09
250,2024-01-25 21:45:00,21.71,21.31,21.49,22.64,87.20,19.27,0.00,2.58,295.90,0.08
250,2024-01-25 22:00:00,21.58,21.44,21.70,22.50,86.60,19.37,0.00,0.99,79.10,0.09
250,2024-01-25 22:15:00,21.50,21.53,21.43,22.31,86.90,19.16,0.00,1.21,271.00,0.08
250,2024-01-25 22:30:00,21.42,21.54,21.61,22.31,86.10,19.19,0.00,1.65,272.10,0.09
250,2024-01-25 22:45:00,21.35,21.61,21.26,21.90,89.20,19.41,0.00,3.19,102.60,0.09
250,2024-01-25 23:00:00,21.30,21.28,21.06,21.50,90.90,19.52,0.00,2.44,98.70,0.09
250,2024-01-25 23:15:00,21.25,21.22,20.90,21.36,91.60,19.48,0.00,1.93,24.52,0.09
250,2024-01-25 23:30:00,21.20,21.08,20.83,21.28,92.20,19.52,0.00,2.01,146.80,0.09
250,2024-01-25 23:45:00,21.15,21.08,20.85,21.30,92.80,19.64,0.00,1.88,134.80,0.09
250,2024-01-26 00:00:00,21.10,20.72,20.47,21.09,93.30,19.35,0.00,1.33,66.27,0.09
250,2024-01-26 00:15:00,21.03,20.05,19.77,20.87,93.70,18.73,0.00,0.96,238.80,0.08
250,2024-01-26 00:30:00,20.94,20.11,20.10,20.72,94.40,19.17,0.00,0.85,322.50,0.08
250,2024-01-26 00:45:00,20.88,20.27,20.17,20.70,94.70,19.29,0.00,0.99,17.72,0.09
250,2024-01-26 01:00:00,20.83,20.33,20.20,20.75,94.80,19.34,0.00,1.13,166.00,0.09
250,2024-01-26 01:15:00,20.78,19.98,19.73,20.53,94.80,18.87,0.00,0.78,194.30,0.09
250,2024-01-26 01:30:00,20.71,19.83,19.74,20.21,95.00,18.92,0.00,0.70,176.10,0.08
250,2024-01-26 01:45:00,20.64,19.94,19.83,20.30,95.20,19.04,0.00,1.38,96.80,0.09
250,2024-01-26 02:00:00,20.59,19.89,19.66,20.20,95.50,18.92,0.00,1.80,231.80,0.09
250,2024-01-26 02:15:00,20.54,19.88,19.70,20.17,95.60,18.98,0.00,1.42,7.34,0.09
250,2024-01-26 02:30:00,20.50,20.11,19.95,20.26,95.50,19.21,0.00,2.82,10.46,0.09
250,2024-01-26 02:45:00,20.46,20.33,20.03,20.42,95.20,19.24,0.00,1.73,11.07,0.09
250,2024-01-26 03:00:00,20.44,20.30,19.97,20.34,95.10,19.16,0.00,2.05,10.62,0.09
250,2024-01-26 03:15:00,20.41,20.19,19.85,20.23,95.10,19.04,0.00,1.53,35.21,0.09
250,2024-01-26 03:30:00,20.38,20.07,19.81,20.14,95.30,19.04,0.00,2.02,12.32,0.08
250,2024-01-26 03:45:00,20.35,19.95,19.72,20.04,95.50,18.98,0.00,1.71,16.71,0.09
250,2024-01-26 04:00:00,20.31,19.93,19.74,20.06,95.60,19.02,0.00,1.44,49.77,0.09
250,2024-01-26 04:15:00,20.26,19.87,19.67,20.03,95.80,18.98,0.00,0.86,140.60,0.09
250,2024-01-26 04:30:00,20.23,19.57,19.34,19.96,95.70,18.64,0.00,0.71,294.90,0.08
250,2024-01-26 04:45:00,20.18,19.28,19.29,19.89,96.30,18.69,0.00,2.41,274.10,0.08
250,2024-01-26 05:00:00,20.13,19.55,19.49,19.78,96.60,18.94,0.00,2.35,302.50,0.09
250,2024-01-26 05:15:00,20.09,19.74,19.62,19.91,96.60,19.06,0.00,1.40,78.74,0.09
250,2024-01-26 05:30:00,20.06,19.73,19.52,19.93,96.60,18.96,0.00,1.42,43.85,0.09
250,2024-01-26 05:45:00,20.03,19.69,19.50,19.97,96.70,18.96,0.00,1.36,310.00,0.09
250,2024-01-26 06:00:00,20.00,19.72,19.63,19.95,97.00,19.14,0.07,1.28,50.12,0.09
250,2024-01-26 06:15:00,19.98,19.88,19.67,20.02,96.90,19.16,0.01,1.92,111.00,0.08
250,2024-01-26 06:30:00,19.96,19.83,19.56,19.97,97.00,19.07,0.00,3.46,124.20,0.09
250,2024-01-26 06:45:00,19.92,19.66,19.37,19.70,97.10,18.90,0.00,3.25,147.90,0.08
250,2024-01-26 07:00:00,19.86,19.47,19.13,19.56,97.10,18.66,0.00,3.35,146.60,0.11
250,2024-01-26 07:15:00,19.78,19.40,19.03,19.46,97.10,18.56,0.00,4.62,169.50,0.62
250,2024-01-26 07:30:00,19.69,19.34,19.13,19.42,97.30,18.69,0.00,3.91,168.60,3.63
250,2024-01-26 07:45:00,19.62,19.46,19.23,19.51,97.40,18.81,0.01,3.98,164.30,13.42
250,2024-01-26 08:00:00,19.56,19.55,19.22,19.59,97.40,18.80,0.00,2.86,176.90,28.75
250,2024-01-26 08:15:00,19.52,19.56,19.30,19.63,97.40,18.88,0.00,4.47,206.80,48.40
250,2024-01-26 08:30:00,19.52,19.81,19.66,19.77,97.50,19.25,0.00,4.80,202.40,78.34
250,2024-01-26 08:45:00,19.55,20.43,20.01,20.15,97.30,19.57,0.00,4.44,195.80,135.00
250,2024-01-26 09:00:00,19.65,20.76,20.48,20.50,97.10,20.00,0.00,4.96,179.30,166.40
250,2024-01-26 09:15:00,19.79,21.28,20.86,20.93,96.60,20.30,0.00,5.24,176.40,200.00
250,2024-01-26 09:30:00,19.97,21.66,21.19,21.27,95.90,20.51,0.00,4.92,179.70,188.10
250,2024-01-26 09:45:00,20.16,22.26,22.00,21.81,95.60,21.26,0.00,4.84,172.90,295.40
250,2024-01-26 10:00:00,20.40,23.16,22.80,22.57,92.10,21.45,0.00,5.18,181.40,357.20
250,2024-01-26 10:15:00,20.73,23.91,23.53,23.19,86.50,21.15,0.00,6.87,191.70,363.50
250,2024-01-26 10:30:00,21.10,24.83,24.19,23.77,84.10,21.34,0.00,6.63,217.60,472.00
250,2024-01-26 10:45:00,21.51,25.44,24.79,24.26,81.80,21.47,0.00,6.64,230.60,480.00
250,2024-01-26 11:00:00,21.95,26.17,25.15,24.90,78.09,21.06,0.00,7.50,246.10,557.60
250,2024-01-26 11:15:00,22.40,26.00,25.03,24.94,79.92,21.33,0.00,7.92,239.90,370.30
250,2024-01-26 11:30:00,22.76,25.55,24.91,24.77,80.40,21.31,0.00,5.74,275.40,257.20
250,2024-01-26 11:45:00,22.93,26.17,25.86,25.19,77.78,21.69,0.00,5.07,250.20,485.10
250,2024-01-26 12:00:00,23.17,26.46,25.85,25.49,76.69,21.45,0.00,6.40,219.20,385.70
250,2024-01-26 12:15:00,23.43,26.60,26.30,25.60,74.04,21.31,0.00,6.83,214.50,388.10
250,2024-01-26 12:30:00,23.62,26.90,25.91,26.00,73.95,20.91,0.00,5.89,203.30,363.20
250,2024-01-26 12:45:00,23.80,26.84,26.50,25.98,71.47,20.93,0.00,8.09,196.70,433.90
250,2024-01-26 13:00:00,23.95,27.78,27.15,26.56,70.50,21.33,0.00,9.47,200.00,530.50
250,2024-01-26 13:15:00,24.16,27.77,27.02,26.67,65.50,20.01,0.00,12.33,215.40,461.00
250,2024-01-26 13:30:00,24.33,27.74,27.28,26.78,64.72,20.06,0.00,10.83,199.10,465.10
250,2024-01-26 13:45:00,24.46,27.14,26.46,26.53,69.08,20.34,0.00,8.77,204.30,226.90
250,2024-01-26 14:00:00,24.52,27.22,26.71,26.58,69.00,20.56,0.00,9.08,212.80,284.00
250,2024-01-26 14:15:00,24.53,27.02,26.40,26.46,70.19,20.54,0.00,10.66,216.90,228.60
250,2024-01-26 14:30:00,24.52,27.31,26.89,26.71,66.80,20.20,0.00,9.67,208.70,282.10
250,2024-01-26 14:45:00,24.50,27.94,27.08,27.10,67.29,20.50,0.00,8.94,216.30,328.40
250,2024-01-26 15:00:00,24.54,27.72,27.49,27.11,65.44,20.44,0.00,6.24,194.10,312.70
250,2024-01-26 15:15:00,24.61,28.37,27.68,27.74,66.20,20.81,0.00,5.56,193.30,329.20
250,2024-01-26 15:30:00,24.70,27.64,27.07,27.18,67.53,20.55,0.00,7.38,217.30,174.50
250,2024-01-26 15:45:00,24.73,27.93,27.52,27.40,63.64,20.02,0.00,7.02,201.00,239.00
250,2024-01-26 16:00:00,24.72,28.09,27.14,27.60,65.88,20.22,0.00,6.80,202.10,213.80
250,2024-01-26 16:15:00,24.71,27.43,26.83,27.23,68.43,20.54,0.00,5.83,233.60,112.00
250,2024-01-26 16:30:00,24.66,27.00,26.69,26.66,70.86,20.97,0.00,4.04,316.50,133.00
250,2024-01-26 16:45:00,24.58,27.38,26.69,26.72,68.62,20.45,0.00,7.33,278.90,217.80
250,2024-01-26 17:00:00,24.55,26.85,26.12,26.44,70.13,20.26,0.00,6.30,277.80,107.10
250,2024-01-26 17:15:00,24.49,26.43,25.75,26.20,71.11,20.13,0.00,4.71,292.70,62.81
250,2024-01-26 17:30:00,24.38,25.86,25.35,25.76,72.56,20.07,0.00,4.26,326.10,22.09
250,2024-01-26 17:45:00,24.24,25.39,24.90,25.35,74.21,20.00,0.00,5.02,331.50,12.17
250,2024-01-26 18:00:00,24.07,24.93,24.46,24.99,75.85,19.93,0.00,3.72,320.70,7.07
250,2024-01-26 18:15:00,23.89,24.41,24.12,24.63,77.35,19.91,0.00,2.66,316.60,1.09
250,2024-01-26 18:30:00,23.69,24.07,23.94,24.48,76.66,19.59,0.00,4.09,272.60,0.13
250,2024-01-26 18:45:00,23.52,24.23,23.97,24.42,76.06,19.50,0.00,3.20,291.00,0.09
250,2024-01-26 19:00:00,23.36,24.07,23.71,24.22,76.88,19.42,0.00,3.67,298.40,0.09
250,2024-01-26 19:15:00,23.21,23.57,23.37,23.90,78.53,19.43,0.00,3.88,286.10,0.08
250,2024-01-26 19:30:00,23.05,23.58,23.31,23.73,79.07,19.48,0.00,2.36,306.70,0.08
250,2024-01-26 19:45:00,22.90,23.32,23.06,23.57,80.10,19.45,0.00,2.69,293.70,0.09
250,2024-01-26 20:00:00,22.77,22.54,22.55,23.30,81.80,19.29,0.00,2.13,295.70,0.09
250,2024-01-26 20:15:00,22.62,21.57,21.02,22.86,84.90,18.38,0.00,2.27,274.00,0.08
250,2024-01-26 20:30:00,22.45,20.63,21.03,22.31,87.90,18.95,0.00,1.76,314.40,0.09
250,2024-01-26 20:45:00,22.27,20.72,20.79,22.14,88.00,18.73,0.00,1.48,324.70,0.08
250,2024-01-26 21:00:00,22.10,20.02,20.15,21.59,89.20,18.32,0.00,0.59,64.00,0.09
250,2024-01-26 21:15:00,21.93,19.99,20.01,21.10,90.60,18.43,0.00,1.39,179.90,0.09
250,2024-01-26 21:30:00,21.76,19.80,19.74,20.79,91.60,18.33,0.00,1.65,104.20,0.08
250,2024-01-26 21:45:00,21.61,19.64,19.66,20.52,92.20,18.36,0.00,0.90,43.48,0.08
250,2024-01-26 22:00:00,21.47,18.97,18.97,20.18,92.70,17.76,0.00,1.00,349.60,0.09
250,2024-01-26 22:15:00,21.32,18.43,18.54,19.73,93.30,17.44,0.00,0.42,139.20,0.08
250,2024-01-26 22:30:00,21.17,18.41,18.88,19.62,94.30,17.94,0.00,1.27,198.80,0.09
250,2024-01-26 22:45:00,21.02,18.63,18.40,19.35,94.40,17.48,0.00,2.12,195.30,0.08
250,2024-01-26 23:00:00,20.88,18.37,18.41,19.18,95.00,17.59,0.00,1.58,78.82,0.09
250,2024-01-26 23:15:00,20.76,18.44,18.44,19.05,95.20,17.66,0.00,1.04,86.00,0.09
250,2024-01-26 23:30:00,20.65,17.94,17.57,18.90,95.20,16.79,0.00,1.14,197.20,0.09
250,2024-01-26 23:45:00,20.54,17.91,17.86,18.68,95.60,17.15,0.00,0.58,134.60,0.09
250,2024-01-27 00:00:00,20.43,17.96,17.99,18.74,95.90,17.33,0.00,0.76,353.30,0.09
250,2024-01-27 00:15:00,20.33,17.92,17.86,18.59,95.80,17.18,0.00,0.94,114.70,0.09
250,2024-01-27 00:30:00,20.25,17.78,17.69,18.45,96.00,17.04,0.00,0.56,85.00,0.09
250,2024-01-27 00:45:00,20.16,17.44,17.52,18.38,96.20,16.91,0.00,0.67,338.20,0.08
250,2024-01-27 01:00:00,20.07,17.20,17.48,18.29,96.30,16.88,0.00,1.49,328.80,0.09
250,2024-01-27 01:15:00,19.97,17.34,17.41,18.37,96.80,16.90,0.00,2.28,275.40,0.09
250,2024-01-27 01:30:00,19.87,17.93,17.90,18.50,96.80,17.38,0.00,1.84,263.90,0.09
250,2024-01-27 01:45:00,19.84,18.31,18.13,18.57,96.90,17.63,0.00,1.29,343.70,0.09
250,2024-01-27 02:00:00,19.84,18.59,18.42,18.70,97.00,17.94,0.00,1.38,83.20,0.09
250,2024-01-27 02:15:00,19.85,18.83,18.64,18.86,97.00,18.15,0.00,3.03,169.80,0.09
250,2024-01-27 02:30:00,19.86,18.97,18.68,18.98,96.80,18.16,0.00,1.62,97.30,0.09
250,2024-01-27 02:45:00,19.87,19.08,18.75,19.09,96.80,18.23,0.00,2.39,145.80,0.09
250,2024-01-27 03:00:00,19.87,19.07,18.82,19.09,96.90,18.32,0.00,1.46,129.80,0.08
250,2024-01-27 03:15:00,19.86,19.13,18.84,19.16,96.90,18.34,0.00,1.96,124.90,0.09
250,2024-01-27 03:30:00,19.85,19.12,18.91,19.28,96.90,18.41,0.00,2.03,129.40,0.09
250,2024-01-27 03:45:00,19.83,19.14,18.91,19.35,96.70,18.37,0.00,2.23,130.20,0.09
250,2024-01-27 04:00:00,19.79,18.90,18.67,19.37,96.20,18.05,0.00,1.29,144.30,0.09
250,2024-01-27 04:15:00,19.73,18.55,18.65,19.23,96.90,18.15,0.00,1.12,106.60,0.09
250,2024-01-27 04:30:00,19.68,18.14,18.01,19.14,96.70,17.48,0.00,1.36,132.70,0.09
250,2024-01-27 04:45:00,19.60,17.89,18.14,18.97,97.10,17.67,0.00,2.01,114.20,0.09
250,2024-01-27 05:00:00,19.51,18.22,18.42,18.91,97.30,17.98,0.00,2.98,127.50,0.08
250,2024-01-27 05:15:00,19.42,18.53,18.57,18.95,97.40,18.15,0.00,2.39,142.10,0.09
250,2024-01-27 05:30:00,19.35,19.05,18.71,19.37,96.70,18.17,0.00,3.09,140.80,0.09
250,2024-01-27 05:45:00,19.30,18.75,18.79,19.27,97.20,18.34,0.00,2.92,136.30,0.09
250,2024-01-27 06:00:00,19.25,19.14,18.95,19.33,96.90,18.45,0.00,3.73,132.90,0.09
250,2024-01-27 06:15:00,19.21,19.34,19.11,19.45,96.80,18.59,0.00,3.87,135.20,0.08
250,2024-01-27 06:30:00,19.18,19.48,19.26,19.59,96.80,18.74,0.00,4.38,138.10,0.08
250,2024-01-27 06:45:00,19.16,19.56,19.22,19.63,96.50,18.65,0.00,4.00,143.30,0.09
250,2024-01-27 07:00:00,19.13,19.25,19.12,19.54,96.60,18.57,0.00,3.16,127.60,0.11
250,2024-01-27 07:15:00,19.10,19.28,19.08,19.50,96.40,18.49,0.00,2.69,148.50,0.86
250,2024-01-27 07:30:00,19.04,18.51,18.44,19.32,95.90,17.77,0.00,1.12,221.60,7.25
250,2024-01-27 07:45:00,18.97,17.98,18.03,19.06,96.30,17.43,0.00,1.27,307.50,16.98
250,2024-01-27 08:00:00,18.89,17.52,17.90,19.07,96.90,17.40,0.00,0.55,228.90,27.56
250,2024-01-27 08:15:00,18.82,17.75,18.21,19.72,97.20,17.76,0.00,0.52,48.57,68.62
250,2024-01-27 08:30:00,18.77,18.84,19.29,20.09,97.10,18.82,0.00,1.55,136.90,155.50
250,2024-01-27 08:45:00,18.76,20.45,20.17,20.59,96.10,19.53,0.00,2.81,143.40,197.20
250,2024-01-27 09:00:00,18.85,21.41,20.92,21.18,94.10,19.94,0.00,2.91,145.70,231.30
250,2024-01-27 09:15:00,19.07,21.95,21.44,21.53,90.20,19.77,0.00,4.43,152.30,262.00
250,2024-01-27 09:30:00,19.34,22.58,22.32,22.14,86.90,20.03,0.00,4.74,156.20,294.40
250,2024-01-27 09:45:00,19.64,23.05,22.90,22.61,84.30,20.11,0.00,5.29,155.90,332.40
250,2024-01-27 10:00:00,19.98,23.61,23.34,23.04,81.60,20.02,0.00,5.07,155.10,369.80
250,2024-01-27 10:15:00,20.36,24.28,23.78,23.61,79.74,20.07,0.00,4.39,168.70,404.70
250,2024-01-27 10:30:00,20.76,24.61,24.07,23.98,76.87,19.76,0.00,6.30,144.40,431.50
250,2024-01-27 10:45:00,21.18,24.64,24.13,24.01,77.45,19.94,0.00,7.18,158.10,320.60
250,2024-01-27 11:00:00,21.52,24.87,24.49,24.39,75.31,19.84,0.00,6.34,157.00,330.30
250,2024-01-27 11:15:00,21.78,25.30,24.74,24.76,74.06,19.81,0.00,8.02,156.50,411.50
250,2024-01-27 11:30:00,22.05,25.98,25.40,25.38,72.26,20.05,0.00,8.02,163.70,481.30
250,2024-01-27 11:45:00,22.37,26.05,25.95,25.50,70.75,20.24,0.00,10.15,164.40,427.60
250,2024-01-27 12:00:00,22.65,26.60,25.85,26.00,69.75,19.91,0.00,10.18,165.30,459.10
250,2024-01-27 12:15:00,22.95,26.26,26.20,25.78,70.44,20.40,0.00,9.94,169.10,359.40
250,2024-01-27 12:30:00,23.18,26.69,26.29,26.16,69.84,20.35,0.00,7.80,177.40,329.90
250,2024-01-27 12:45:00,23.38,26.98,26.35,26.28,68.08,20.00,0.00,11.18,177.30,523.80
250,2024-01-27 13:00:00,23.60,27.05,26.69,26.35,65.74,19.76,0.00,11.28,186.20,449.40
250,2024-01-27 13:15:00,23.80,27.82,27.32,26.97,63.24,19.73,0.00,11.19,191.40,582.70
250,2024-01-27 13:30:00,24.02,27.97,27.42,27.04,63.08,19.78,0.00,13.73,192.80,563.80
250,2024-01-27 13:45:00,24.25,27.69,26.98,27.16,63.63,19.51,0.00,12.25,181.00,344.10
250,2024-01-27 14:00:00,24.42,28.06,27.32,27.40,63.20,19.72,0.00,10.24,171.10,548.00
250,2024-01-27 14:15:00,24.57,28.38,28.00,27.59,58.90,19.22,0.00,10.67,191.40,451.60
250,2024-01-27 14:30:00,24.74,28.02,27.46,27.50,61.05,19.29,0.00,11.96,180.30,346.60
250,2024-01-27 14:45:00,24.87,28.18,27.72,27.68,61.31,19.61,0.00,9.50,189.00,278.40
250,2024-01-27 15:00:00,24.96,27.90,27.45,27.50,60.96,19.26,0.00,10.02,194.60,171.70
250,2024-01-27 15:15:00,24.99,28.61,27.72,28.02,58.84,18.95,0.00,13.31,218.30,260.80
250,2024-01-27 15:30:00,25.00,28.20,27.55,27.68,61.94,19.61,0.00,10.33,239.90,218.80
250,2024-01-27 15:45:00,25.01,28.57,27.95,27.65,62.46,20.12,0.00,11.70,258.40,336.70
250,2024-01-27 16:00:00,25.05,28.42,28.10,27.56,61.52,20.02,0.00,12.20,250.80,272.40
250,2024-01-27 16:15:00,25.12,27.53,27.41,27.08,65.42,20.36,0.00,14.01,251.00,169.80
250,2024-01-27 16:30:00,25.13,27.93,27.01,27.20,62.71,19.30,0.00,15.96,253.50,256.30
250,2024-01-27 16:45:00,25.11,27.22,26.71,26.79,59.86,18.27,0.00,18.00,246.00,191.90
250,2024-01-27 17:00:00,25.05,26.83,26.20,26.53,60.44,17.95,0.00,17.08,247.10,146.00
250,2024-01-27 17:15:00,24.94,26.51,26.02,26.29,61.66,18.10,0.00,14.78,243.50,124.40
250,2024-01-27 17:30:00,24.80,26.02,25.37,25.98,64.09,18.10,0.00,14.49,246.30,73.97
250,2024-01-27 17:45:00,24.64,25.30,24.84,25.46,67.09,18.32,0.00,13.83,246.20,25.29
250,2024-01-27 18:00:00,24.44,24.74,24.32,25.04,69.19,18.32,0.00,10.42,239.50,11.45
250,2024-01-27 18:15:00,24.23,24.24,23.75,24.66,71.66,18.33,0.00,10.65,233.80,1.81
250,2024-01-27 18:30:00,24.00,23.43,23.43,24.10,73.88,18.51,0.00,6.84,231.40,0.23
250,2024-01-27 18:45:00,23.78,23.37,23.06,23.83,75.90,18.58,0.00,9.32,229.10,0.09
250,2024-01-27 19:00:00,23.55,22.77,22.56,23.41,78.89,18.72,0.00,7.04,223.00,0.09
250,2024-01-27 19:15:00,23.34,22.50,22.53,23.21,79.70,18.85,0.00,7.14,216.30,0.08
250,2024-01-27 19:30:00,23.13,22.47,22.22,23.03,80.80,18.77,0.00,6.48,227.70,0.09
250,2024-01-27 19:45:00,22.96,22.19,22.15,22.82,82.30,18.99,0.00,6.69,218.00,0.08
250,2024-01-27 20:00:00,22.79,22.42,22.07,22.87,82.40,18.93,0.00,6.95,208.10,0.08
250,2024-01-27 20:15:00,22.65,22.26,22.00,22.68,83.20,19.02,0.00,6.16,206.80,0.09
250,2024-01-27 20:30:00,22.51,21.90,21.63,22.52,84.80,18.96,0.00,5.01,215.90,0.08
250,2024-01-27 20:45:00,22.38,21.73,21.76,22.40,85.10,19.15,0.00,4.66,237.40,0.09
250,2024-01-27 21:00:00,22.27,22.08,21.94,22.44,85.00,19.31,0.00,6.09,242.90,0.09
250,2024-01-27 21:15:00,22.16,22.20,21.97,22.48,86.30,19.58,0.00,8.36,243.30,0.08
250,2024-01-27 21:30:00,22.09,21.84,21.60,22.02,89.30,19.76,0.02,11.83,207.30,0.08
250,2024-01-27 21:45:00,22.00,21.75,21.40,21.83,89.90,19.67,0.01,11.75,196.20,0.08
250,2024-01-27 22:00:00,21.90,21.42,20.96,21.40,91.10,19.45,0.06,14.32,172.60,0.09
250,2024-01-27 22:15:00,21.79,21.01,20.69,21.02,91.50,19.26,0.01,13.99,185.90,0.08
250,2024-01-27 22:30:00,21.67,20.79,20.51,20.87,91.70,19.11,0.00,9.16,236.00,0.09
250,2024-01-27 22:45:00,21.56,20.62,20.32,20.71,92.30,19.03,0.00,7.79,218.60,0.09
250,2024-01-27 23:00:00,21.45,20.46,20.14,20.63,92.00,18.80,0.00,7.85,202.10,0.08
250,2024-01-27 23:15:00,21.34,20.35,20.01,20.56,91.80,18.64,0.00,7.16,204.60,0.08
250,2024-01-27 23:30:00,21.22,20.11,19.91,20.38,92.20,18.61,0.00,6.80,221.60,0.09
250,2024-01-27 23:45:00,21.09,20.09,20.03,20.38,92.90,18.85,0.00,8.03,216.10,0.08
250,2024-01-28 00:00:00,20.97,20.18,20.03,20.39,93.40,18.93,0.00,7.45,225.20,0.09
250,2024-01-28 00:15:00,20.86,20.11,19.95,20.32,93.90,18.94,0.00,6.27,229.80,0.08
250,2024-01-28 00:30:00,20.77,20.06,19.85,20.25,94.40,18.92,0.00,6.20,218.80,0.08
250,2024-01-28 00:45:00,20.70,20.01,19.78,20.23,94.90,18.94,0.00,7.22,210.60,0.09
250,2024-01-28 01:00:00,20.64,20.05,19.83,20.20,95.00,19.01,0.00,7.62,210.50,0.08
250,2024-01-28 01:15:00,20.58,20.05,19.81,20.19,95.30,19.04,0.00,8.24,205.10,0.08
250,2024-01-28 01:30:00,20.53,20.06,19.78,20.21,95.20,18.99,0.00,7.62,202.00,0.09
250,2024-01-28 01:45:00,20.48,20.17,19.93,20.35,95.00,19.11,0.00,8.09,209.60,0.08
250,2024-01-28 02:00:00,20.43,20.28,20.07,20.51,94.60,19.18,0.00,7.82,211.90,0.08
250,2024-01-28 02:15:00,20.40,20.41,20.13,20.61,94.10,19.15,0.00,8.76,205.10,0.09
250,2024-01-28 02:30:00,20.37,20.48,20.18,20.60,94.00,19.18,0.02,9.45,211.90,0.08
250,2024-01-28 02:45:00,20.36,20.48,20.25,20.55,94.00,19.25,0.01,10.01,226.80,0.08
250,2024-01-28 03:00:00,20.36,20.48,20.24,20.54,94.00,19.24,0.00,10.31,216.40,0.08
250,2024-01-28 03:15:00,20.36,20.56,20.35,20.64,94.00,19.35,0.00,11.22,222.60,0.08
250,2024-01-28 03:30:00,20.36,20.82,20.60,20.88,93.70,19.55,0.00,14.07,235.10,0.09
250,2024-01-28 03:45:00,20.37,20.83,20.56,20.89,93.40,19.46,0.00,12.47,241.60,0.08
250,2024-01-28 04:00:00,20.39,20.75,20.38,20.81,92.80,19.18,0.00,11.80,248.20,0.09
250,2024-01-28 04:15:00,20.38,20.42,20.03,20.57,92.10,18.71,0.00,11.33,250.80,0.09
250,2024-01-28 04:30:00,20.35,20.06,19.72,20.24,92.10,18.40,0.00,10.78,243.30,0.08
250,2024-01-28 04:45:00,20.26,19.68,19.45,19.89,92.70,18.24,0.00,10.79,250.50,0.08
250,2024-01-28 05:00:00,20.16,19.69,19.45,19.79,92.70,18.24,0.00,10.70,254.10,0.08
250,2024-01-28 05:15:00,20.08,19.71,19.46,19.78,92.80,18.26,0.00,9.89,256.80,0.09
250,2024-01-28 05:30:00,20.04,19.71,19.39,19.74,92.90,18.21,0.00,9.72,256.70,0.09
250,2024-01-28 05:45:00,20.01,19.50,19.16,19.53,93.70,18.12,0.00,9.93,261.90,0.09
250,2024-01-28 06:00:00,19.98,19.08,18.70,19.06,94.40,17.78,0.00,9.68,264.70,0.09
250,2024-01-28 06:15:00,19.94,18.80,18.41,18.77,93.50,17.34,0.00,9.55,261.70,0.08
250,2024-01-28 06:30:00,19.89,18.67,18.42,18.68,92.70,17.22,0.00,7.04,253.50,0.09
250,2024-01-28 06:45:00,19.82,18.60,18.20,18.59,91.90,16.86,0.00,8.20,244.40,0.09
250,2024-01-28 07:00:00,19.74,18.39,18.06,18.44,91.90,16.72,0.00,6.61,253.20,0.11
250,2024-01-28 07:15:00,19.67,18.24,17.87,18.32,92.00,16.55,0.00,6.40,262.50,0.75
250,2024-01-28 07:30:00,19.59,17.84,17.57,18.04,91.60,16.19,0.00,7.55,273.30,3.87
250,2024-01-28 07:45:00,19.47,17.71,17.41,17.85,91.30,15.98,0.00,8.78,266.90,9.75
250,2024-01-28 08:00:00,19.35,17.58,17.18,17.63,90.90,15.68,0.00,6.51,275.90,21.87
250,2024-01-28 08:15:00,19.25,17.58,17.32,17.58,90.70,15.79,0.00,7.19,272.50,38.54
250,2024-01-28 08:30:00,19.17,17.60,17.25,17.53,91.40,15.84,0.00,17.58,270.20,39.29
250,2024-01-28 08:45:00,19.13,17.61,17.35,17.49,90.80,15.83,0.00,7.35,271.10,74.65
250,2024-01-28 09:00:00,19.11,18.22,17.86,17.79,89.10,16.04,0.00,7.37,274.80,203.70
250,2024-01-28 09:15:00,19.18,18.24,17.82,17.98,86.10,15.47,0.00,8.87,285.90,130.20
250,2024-01-28 09:30:00,19.27,18.78,18.10,18.21,81.70,14.92,0.00,10.11,284.50,329.60
250,2024-01-28 09:45:00,19.40,18.53,18.04,18.08,82.90,15.09,0.00,15.79,276.00,211.80
250,2024-01-28 10:00:00,19.51,18.46,18.08,18.02,82.20,15.00,0.00,9.61,279.60,214.40
250,2024-01-28 10:15:00,19.57,19.11,18.30,18.32,78.29,14.46,0.00,10.80,278.60,403.20
250,2024-01-28 10:30:00,19.71,19.29,18.79,18.29,75.56,14.38,0.00,10.18,282.70,481.20
250,2024-01-28 10:45:00,19.92,19.48,18.78,18.52,75.80,14.42,0.00,7.65,297.90,420.30
250,2024-01-28 11:00:00,20.18,19.22,18.21,18.34,73.28,13.35,0.00,9.57,288.50,377.30
250,2024-01-28 11:15:00,20.36,19.59,18.76,18.45,71.20,13.44,0.00,10.94,276.70,521.50
250,2024-01-28 11:30:00,20.53,20.23,19.56,18.94,65.41,12.91,0.00,13.08,276.40,574.20
250,2024-01-28 11:45:00,20.74,20.59,19.70,19.24,63.12,12.49,0.00,12.59,274.00,589.50
250,2024-01-28 12:00:00,20.96,20.55,19.84,19.14,61.81,12.31,0.00,12.60,270.50,604.70
250,2024-01-28 12:15:00,21.17,21.06,20.10,19.61,61.44,12.46,0.00,10.28,276.20,545.70
250,2024-01-28 12:30:00,21.39,21.08,20.04,19.63,54.14,10.49,0.00,10.59,281.70,624.40
250,2024-01-28 12:45:00,21.59,20.66,19.91,19.26,59.12,11.70,0.00,12.53,275.10,629.60
250,2024-01-28 13:00:00,21.72,20.85,20.11,19.32,54.29,10.60,0.00,12.76,274.10,627.60
250,2024-01-28 13:15:00,21.80,20.48,19.80,19.11,57.52,11.18,0.00,10.56,288.70,627.40
250,2024-01-28 13:30:00,21.84,20.47,19.57,19.18,55.08,10.31,0.00,9.36,291.90,619.40
250,2024-01-28 13:45:00,21.88,20.49,19.42,19.10,53.09,9.63,0.00,9.17,295.10,608.10
250,2024-01-28 14:00:00,21.92,20.24,19.50,18.96,53.19,9.73,0.00,9.60,311.70,592.20
250,2024-01-28 14:15:00,21.95,20.12,19.30,18.84,55.77,10.25,0.00,8.63,322.40,573.50
250,2024-01-28 14:30:00,21.99,20.02,19.13,18.87,56.00,10.15,0.00,9.21,315.40,545.80
250,2024-01-28 14:45:00,22.05,20.40,19.69,19.14,53.03,9.86,0.00,8.27,296.00,525.30
250,2024-01-28 15:00:00,22.12,20.36,19.46,19.15,53.08,9.66,0.00,8.56,293.90,495.90
250,2024-01-28 15:15:00,22.18,19.79,18.79,18.72,50.64,8.34,0.00,9.59,317.40,463.20
250,2024-01-28 15:30:00,22.22,19.84,19.42,18.74,51.39,9.14,0.00,7.89,309.70,428.50
250,2024-01-28 15:45:00,22.23,19.99,19.01,18.80,48.79,8.00,0.00,10.06,281.50,390.50
250,2024-01-28 16:00:00,22.22,19.71,19.11,18.80,50.84,8.70,0.00,8.60,308.60,349.70
250,2024-01-28 16:15:00,22.17,19.69,19.01,18.85,49.24,8.13,0.00,7.99,307.10,307.60
250,2024-01-28 16:30:00,22.08,19.46,18.84,18.68,49.77,8.13,0.00,8.32,306.90,263.30
250,2024-01-28 16:45:00,21.95,19.39,18.71,18.68,50.81,8.32,0.00,7.56,299.10,218.90
250,2024-01-28 17:00:00,21.80,18.88,18.17,18.26,51.64,8.06,0.00,7.87,299.10,174.30
250,2024-01-28 17:15:00,21.60,18.49,17.73,17.96,53.12,8.07,0.00,7.45,318.60,132.00
250,2024-01-28 17:30:00,21.38,18.10,17.46,17.71,52.36,7.61,0.00,6.89,313.70,92.40
250,2024-01-28 17:45:00,21.12,17.61,17.07,17.43,54.19,7.75,0.00,6.57,299.10,56.84
250,2024-01-28 18:00:00,20.83,16.86,16.27,16.96,56.77,7.68,0.00,6.73,299.50,21.71
250,2024-01-28 18:15:00,20.52,16.11,15.82,16.44,58.96,7.82,0.00,4.17,297.90,3.80
250,2024-01-28 18:30:00,20.21,15.28,15.17,15.92,65.30,8.71,0.00,6.46,278.80,0.62
250,2024-01-28 18:45:00,19.90,15.08,14.94,15.46,69.32,9.37,0.00,8.25,281.00,0.10
250,2024-01-28 19:00:00,19.59,14.64,14.29,15.00,71.89,9.29,0.00,8.25,277.20,0.09
250,2024-01-28 19:15:00,19.30,14.22,13.99,14.59,71.42,8.91,0.00,9.77,275.30,0.09
250,2024-01-28 19:30:00,19.02,13.90,13.75,14.25,71.61,8.71,0.00,9.54,274.80,0.09
250,2024-01-28 19:45:00,18.74,13.27,13.18,13.83,73.82,8.61,0.00,6.66,278.90,0.09
250,2024-01-28 20:00:00,18.48,13.33,13.28,13.64,72.64,8.47,0.00,8.59,279.00,0.10
250,2024-01-28 20:15:00,18.22,13.17,13.06,13.44,72.65,8.26,0.00,8.30,282.60,0.09
250,2024-01-28 20:30:00,17.99,12.79,12.65,13.14,73.92,8.12,0.00,8.03,279.10,0.09
250,2024-01-28 20:45:00,17.76,12.61,12.56,12.95,74.24,8.10,0.00,6.71,282.90,0.09
250,2024-01-28 21:00:00,17.53,12.35,12.28,12.72,75.29,8.04,0.00,6.26,283.10,0.09
250,2024-01-28 21:15:00,17.32,12.15,12.02,12.56,76.80,8.08,0.00,6.08,281.90,0.09
250,2024-01-28 21:30:00,17.12,12.14,12.04,12.49,77.22,8.18,0.00,7.05,281.50,0.09
250,2024-01-28 21:45:00,16.93,11.98,11.87,12.37,79.63,8.46,0.00,8.11,278.30,0.09
250,2024-01-28 22:00:00,16.75,11.78,11.70,12.19,81.20,8.59,0.00,8.07,276.80,0.09
250,2024-01-28 22:15:00,16.57,11.69,11.61,12.08,82.00,8.64,0.00,7.81,278.90,0.09
250,2024-01-28 22:30:00,16.41,11.70,11.61,11.97,82.40,8.72,0.00,5.71,289.60,0.09
250,2024-01-28 22:45:00,16.25,11.62,11.56,11.88,81.80,8.56,0.00,5.34,292.00,0.10
250,2024-01-28 23:00:00,16.11,11.53,11.44,11.83,81.30,8.35,0.00,4.83,295.70,0.09
250,2024-01-28 23:15:00,15.97,11.50,11.50,11.72,78.49,7.89,0.00,5.73,303.30,0.10
250,2024-01-28 23:30:00,15.83,11.50,11.34,11.70,76.38,7.34,0.00,5.29,309.50,0.09
250,2024-01-28 23:45:00,15.69,11.34,11.19,11.60,75.37,7.00,0.00,5.79,306.10,0.10
250,2024-01-29 00:00:00,15.55,11.37,11.27,11.58,72.44,6.50,0.00,6.44,313.90,0.10
250,2024-01-29 00:15:00,15.41,11.22,11.06,11.42,72.52,6.31,0.00,5.60,310.50,0.09
250,2024-01-29 00:30:00,15.27,10.82,10.71,11.15,74.08,6.28,0.00,5.49,302.40,0.09
250,2024-01-29 00:45:00,15.13,10.90,10.69,11.07,74.36,6.32,0.00,6.04,308.70,0.10
250,2024-01-29 01:00:00,15.00,10.77,10.64,10.95,74.72,6.34,0.00,5.64,309.20,0.10
250,2024-01-29 01:15:00,14.89,10.53,10.31,10.75,75.70,6.21,0.00,5.59,310.70,0.10
250,2024-01-29 01:30:00,14.78,10.24,10.23,10.52,76.61,6.30,0.00,4.40,314.30,0.10
250,2024-01-29 01:45:00,14.67,10.21,10.13,10.45,76.43,6.17,0.00,5.21,313.90,0.11
250,2024-01-29 02:00:00,14.55,10.07,9.87,10.31,75.40,5.73,0.00,5.48,320.30,0.11
250,2024-01-29 02:15:00,14.43,9.78,9.56,10.09,75.25,5.40,0.00,4.95,320.10,0.12
250,2024-01-29 02:30:00,14.32,9.57,9.32,9.91,75.28,5.17,0.00,4.76,310.80,0.13
250,2024-01-29 02:45:00,14.20,9.14,9.09,9.54,75.85,5.06,0.00,3.90,309.80,0.13
250,2024-01-29 03:00:00,14.06,8.99,8.85,9.34,77.07,5.05,0.00,3.96,311.80,0.13
250,2024-01-29 03:15:00,13.93,9.05,9.07,9.31,75.85,5.04,0.00,6.05,316.40,0.12
250,2024-01-29 03:30:00,13.79,9.13,9.00,9.33,75.21,4.85,0.00,5.67,316.90,0.12
250,2024-01-29 03:45:00,13.68,8.90,8.68,9.16,76.53,4.79,0.00,4.50,309.20,0.13
250,2024-01-29 04:00:00,13.56,8.67,8.48,8.89,77.43,4.76,0.00,4.63,306.90,0.12
250,2024-01-29 04:15:00,13.47,8.76,8.64,8.97,76.10,4.67,0.00,5.87,317.00,0.14
250,2024-01-29 04:30:00,13.36,8.63,8.39,8.84,76.41,4.48,0.00,5.14,309.10,0.14
250,2024-01-29 04:45:00,13.24,8.49,8.27,8.70,75.98,4.29,0.00,5.40,311.10,0.15
250,2024-01-29 05:00:00,13.12,8.35,8.13,8.53,76.28,4.21,0.00,5.49,311.60,0.14
250,2024-01-29 05:15:00,13.01,8.35,8.10,8.51,76.63,4.24,0.00,6.11,315.40,0.13
250,2024-01-29 05:30:00,12.90,8.17,8.05,8.36,77.24,4.31,0.00,5.42,317.50,0.13
250,2024-01-29 05:45:00,12.78,8.11,7.85,8.28,77.49,4.16,0.00,5.41,312.70,0.13
250,2024-01-29 06:00:00,12.68,8.04,7.84,8.20,77.95,4.23,0.00,6.04,317.90,0.13
250,2024-01-29 06:15:00,12.58,7.97,7.79,8.11,78.28,4.25,0.00,5.72,322.60,0.14
250,2024-01-29 06:30:00,12.49,7.96,7.75,8.11,78.67,4.28,0.00,6.56,321.20,0.13
250,2024-01-29 06:45:00,12.39,7.78,7.55,7.95,79.60,4.25,0.00,4.92,312.20,0.14
250,2024-01-29 07:00:00,12.31,7.61,7.44,7.79,80.10,4.23,0.00,4.62,317.60,0.23
250,2024-01-29 07:15:00,12.20,7.45,7.24,7.68,80.60,4.13,0.00,3.93,306.00,1.60
250,2024-01-29 07:30:00,12.09,7.02,6.80,7.39,81.50,3.86,0.00,3.21,295.20,6.50
250,2024-01-29 07:45:00,11.99,6.89,6.91,7.28,82.00,4.05,0.00,2.95,296.40,13.17
250,2024-01-29 08:00:00,11.90,6.80,6.86,7.36,83.80,4.31,0.00,3.80,274.50,20.21
250,2024-01-29 08:15:00,11.83,7.31,7.48,7.57,81.70,4.56,0.00,4.09,282.70,92.50
250,2024-01-29 08:30:00,11.78,8.28,8.27,8.09,79.55,4.94,0.00,3.53,303.70,146.00
250,2024-01-29 08:45:00,11.76,9.26,9.01,8.71,75.93,4.99,0.00,5.19,306.40,189.50
250,2024-01-29 09:00:00,11.84,9.96,9.69,9.30,74.11,5.30,0.00,6.66,317.30,233.50
250,2024-01-29 09:15:00,12.04,10.38,9.79,9.70,71.37,4.86,0.00,8.00,326.40,271.50
250,2024-01-29 09:30:00,12.29,10.72,10.25,9.94,70.84,5.19,0.00,10.08,334.20,322.20
250,2024-01-29 09:45:00,12.58,10.92,10.54,10.13,70.25,5.35,0.00,8.60,332.90,322.30
250,2024-01-29 10:00:00,12.89,11.46,10.74,10.50,67.19,4.90,0.00,9.86,337.40,371.70
250,2024-01-29 10:15:00,13.21,11.82,11.40,10.83,65.34,5.13,0.00,9.83,327.40,440.40
250,2024-01-29 10:30:00,13.57,12.54,11.85,11.41,64.44,5.36,0.00,9.42,336.40,485.10
250,2024-01-29 10:45:00,13.97,13.01,12.25,11.90,61.27,5.01,0.00,7.81,322.50,505.20
250,2024-01-29 11:00:00,14.39,13.08,12.35,11.86,62.42,5.38,0.00,8.81,326.20,534.50
250,2024-01-29 11:15:00,14.83,13.35,12.92,12.19,60.44,5.45,0.00,7.88,328.00,560.40
250,2024-01-29 11:30:00,15.25,13.96,13.38,12.62,60.86,5.98,0.00,8.14,340.10,582.50
250,2024-01-29 11:45:00,15.66,14.13,13.31,12.75,59.29,5.54,0.00,9.66,344.90,601.70
250,2024-01-29 12:00:00,16.05,14.62,13.81,13.24,56.95,5.43,0.00,8.63,342.70,616.70
250,2024-01-29 12:15:00,16.43,14.60,13.64,13.08,56.77,5.22,0.00,8.01,342.40,506.90
250,2024-01-29 12:30:00,16.77,14.89,14.08,13.50,55.11,5.21,0.00,7.86,335.30,589.90
250,2024-01-29 12:45:00,17.09,14.85,14.25,13.44,55.10,5.36,0.00,24.80,315.30,638.30
250,2024-01-29 13:00:00,17.35,15.49,14.56,14.06,54.43,5.48,0.00,6.25,331.80,637.80
250,2024-01-29 13:15:00,17.59,15.76,14.90,14.42,55.52,6.08,0.00,6.23,345.70,633.90
250,2024-01-29 13:30:00,17.79,16.03,15.23,14.53,53.79,5.93,0.00,6.64,311.80,625.90
250,2024-01-29 13:45:00,17.96,16.20,15.28,14.77,54.17,6.08,0.00,6.46,1.60,613.70
250,2024-01-29 14:00:00,18.13,16.19,15.52,14.64,51.83,5.66,0.00,6.97,336.80,598.30
250,2024-01-29 14:15:00,18.28,16.71,15.75,15.35,51.30,5.73,0.00,5.37,308.70,579.90
250,2024-01-29 14:30:00,18.44,16.67,15.66,15.32,52.08,5.86,0.00,5.15,283.30,557.20
250,2024-01-29 14:45:00,18.64,17.01,15.96,15.75,49.80,5.49,0.00,4.04,320.70,530.00
250,2024-01-29 15:00:00,18.85,17.45,16.08,16.03,50.21,5.72,0.00,4.00,318.80,501.10
250,2024-01-29 15:15:00,19.05,17.29,16.29,15.92,49.49,5.71,0.00,4.20,317.60,467.80
250,2024-01-29 15:30:00,19.25,17.57,16.43,16.26,48.86,5.65,0.00,3.55,321.40,432.70
250,2024-01-29 15:45:00,19.41,17.77,16.74,16.35,46.89,5.34,0.00,5.61,342.20,394.40
250,2024-01-29 16:00:00,19.53,17.78,16.73,16.54,50.21,6.32,0.00,5.47,347.10,353.40
250,2024-01-29 16:15:00,19.60,17.93,16.92,16.88,47.51,5.70,0.00,4.76,336.90,310.90
250,2024-01-29 16:30:00,19.62,17.78,17.08,16.85,47.74,5.91,0.00,3.71,305.70,266.70
250,2024-01-29 16:45:00,19.61,17.82,17.18,16.82,49.00,6.38,0.00,4.58,321.80,222.10
250,2024-01-29 17:00:00,19.54,17.62,16.68,16.82,48.50,5.77,0.00,4.91,300.50,178.00
250,2024-01-29 17:15:00,19.43,17.06,16.60,16.47,49.17,5.90,0.00,5.30,295.80,134.90
250,2024-01-29 17:30:00,19.27,17.01,16.23,16.48,49.75,5.73,0.00,3.83,299.00,94.50
250,2024-01-29 17:45:00,19.06,16.34,15.66,16.20,52.18,5.89,0.00,3.34,297.80,56.85
250,2024-01-29 18:00:00,18.82,15.36,14.70,15.60,55.21,5.81,0.00,2.52,297.00,19.93
250,2024-01-29 18:15:00,18.55,13.96,13.82,14.80,58.35,5.79,0.00,1.93,303.30,4.11
250,2024-01-29 18:30:00,18.26,13.06,13.00,14.25,61.78,5.84,0.00,1.64,296.20,0.71
250,2024-01-29 18:45:00,17.96,11.29,11.47,13.57,68.08,5.79,0.00,2.57,275.90,0.11
250,2024-01-29 19:00:00,17.66,10.74,11.13,12.69,70.49,5.97,0.00,0.79,350.50,0.08
250,2024-01-29 19:15:00,17.37,10.01,10.41,11.66,72.76,5.73,0.00,0.81,246.20,0.08
250,2024-01-29 19:30:00,17.09,9.33,10.03,11.26,73.79,5.57,0.00,0.55,306.60,0.08
250,2024-01-29 19:45:00,16.81,9.04,9.72,10.47,75.63,5.62,0.00,0.94,20.14,0.08
250,2024-01-29 20:00:00,16.54,9.19,9.41,10.19,76.77,5.54,0.00,0.67,84.60,0.08
250,2024-01-29 20:15:00,16.30,8.30,8.67,9.55,80.40,5.49,0.00,0.34,237.60,0.08
250,2024-01-29 20:30:00,16.06,7.80,8.41,9.05,83.50,5.78,0.00,0.97,149.50,0.09
250,2024-01-29 20:45:00,15.84,7.90,7.88,9.11,86.60,5.78,0.00,1.53,159.10,0.09
250,2024-01-29 21:00:00,15.62,7.42,7.65,8.82,88.70,5.90,0.00,1.33,202.20,0.09
250,2024-01-29 21:15:00,15.40,7.22,7.38,8.40,89.50,5.77,0.00,1.27,207.40,0.09
250,2024-01-29 21:30:00,15.20,6.88,7.01,8.08,89.40,5.39,0.00,0.87,182.60,0.10
250,2024-01-29 21:45:00,14.99,6.29,6.68,7.73,90.70,5.26,0.00,0.95,216.10,0.09
250,2024-01-29 22:00:00,14.80,6.26,6.42,7.34,91.60,5.15,0.00,1.64,251.20,0.09
250,2024-01-29 22:15:00,14.61,6.26,6.28,7.36,92.10,5.09,0.00,1.40,246.40,0.09
250,2024-01-29 22:30:00,14.42,6.16,6.26,7.46,91.80,5.03,0.00,1.56,265.80,0.10
250,2024-01-29 22:45:00,14.24,6.12,6.32,7.34,92.00,5.12,0.00,0.48,338.50,0.09
250,2024-01-29 23:00:00,14.08,5.98,6.18,7.23,92.20,5.01,0.00,0.63,25.58,0.09
250,2024-01-29 23:15:00,13.92,5.76,6.14,7.18,92.50,5.01,0.00,0.97,138.60,0.09
250,2024-01-29 23:30:00,13.76,5.80,6.07,7.05,93.00,5.02,0.00,0.75,159.20,0.09
250,2024-01-29 23:45:00,13.61,5.60,5.85,6.60,93.20,4.84,0.00,0.53,168.00,0.09
250,2024-01-30 00:00:00,13.46,5.44,5.68,6.68,93.40,4.70,0.00,0.57,182.20,0.09
250,2024-01-30 00:15:00,13.32,5.36,5.51,6.65,93.60,4.56,0.00,0.52,36.54,0.09
250,2024-01-30 00:30:00,13.18,4.96,5.57,6.58,94.30,4.73,0.00,1.47,218.50,0.09
250,2024-01-30 00:45:00,13.04,5.40,5.77,6.64,94.60,4.97,0.00,1.34,221.10,0.08
250,2024-01-30 01:00:00,12.90,5.13,5.60,6.55,94.90,4.84,0.00,1.24,239.70,0.09
250,2024-01-30 01:15:00,12.78,5.25,5.79,6.59,94.90,5.04,0.00,1.32,224.90,0.08
250,2024-01-30 01:30:00,12.65,5.04,5.36,6.35,94.80,4.59,0.00,0.88,221.40,0.08
250,2024-01-30 01:45:00,12.53,4.84,5.06,6.06,95.00,4.33,0.00,0.41,284.60,0.09
250,2024-01-30 02:00:00,12.41,4.69,4.97,5.89,95.60,4.33,0.00,1.01,203.50,0.09
250,2024-01-30 02:15:00,12.30,4.67,4.97,6.04,95.30,4.29,0.00,2.00,235.50,0.08
250,2024-01-30 02:30:00,12.18,4.57,4.62,6.37,95.30,3.94,0.00,2.33,239.40,0.09
250,2024-01-30 02:45:00,12.06,4.65,5.39,6.73,96.70,4.90,0.00,1.34,216.80,0.09
250,2024-01-30 03:00:00,11.96,4.50,4.88,6.35,95.70,4.25,0.00,0.93,148.80,0.09
250,2024-01-30 03:15:00,11.85,4.30,4.61,5.78,96.20,4.06,0.00,1.42,190.90,0.09
250,2024-01-30 03:30:00,11.75,4.40,4.69,5.75,96.10,4.12,0.00,0.72,139.70,0.08
250,2024-01-30 03:45:00,11.65,4.11,4.51,5.61,96.60,4.02,0.00,1.50,207.80,0.08
250,2024-01-30 04:00:00,11.55,4.09,4.24,5.45,96.10,3.67,0.00,1.60,224.10,0.08
250,2024-01-30 04:15:00,11.45,4.09,4.76,5.49,97.30,4.37,0.00,0.92,233.80,0.08
250,2024-01-30 04:30:00,11.35,4.29,4.41,5.73,96.50,3.90,0.00,0.58,234.40,0.08
250,2024-01-30 04:45:00,11.27,4.10,4.45,5.55,96.80,3.99,0.00,0.72,53.01,0.08
250,2024-01-30 05:00:00,11.17,3.85,3.88,5.27,96.70,3.41,0.00,0.84,147.20,0.08
250,2024-01-30 05:15:00,11.08,3.52,3.93,4.80,97.10,3.51,0.00,0.73,227.40,0.08
250,2024-01-30 05:30:00,10.99,3.41,4.10,4.69,97.40,3.72,0.00,1.12,303.80,0.08
250,2024-01-30 05:45:00,10.89,3.07,3.58,4.95,97.00,3.14,0.00,1.84,274.90,0.09
250,2024-01-30 06:00:00,10.79,3.52,3.94,4.60,97.40,3.57,0.00,1.23,357.30,0.08
250,2024-01-30 06:15:00,10.71,3.76,3.83,4.65,97.10,3.41,0.00,1.06,55.36,0.09
250,2024-01-30 06:30:00,10.62,3.30,3.32,4.65,97.00,2.89,0.00,1.12,218.90,0.08
250,2024-01-30 06:45:00,10.54,3.39,3.87,4.40,97.70,3.54,0.00,1.30,180.20,0.08
250,2024-01-30 07:00:00,10.45,3.33,3.39,4.26,97.40,3.02,0.00,0.60,170.20,0.19
250,2024-01-30 07:15:00,10.36,3.51,3.52,4.12,97.40,3.15,0.00,1.28,121.80,1.77
250,2024-01-30 07:30:00,10.28,3.28,3.28,3.99,97.40,2.90,0.00,1.21,129.90,
250,2024-01-30 07:45:00,10.21,2.76,3.12,3.91,97.90,2.82,0.00,,226.70,15.62
250,2024-01-30 08:00:00,10.13,3.30,3.65,4.58,97.90,3.35,0.00,,38.67,25.08
250,2024-01-30 08:15:00,10.08,4.26,5.16,5.74,98.40,4.93,0.00,1.15,147.40,140.10
250,2024-01-30 08:30:00,10.05,5.93,6.11,6.35,98.10,5.83,0.00,1.02,225.60,188.40
250,2024-01-30 08:45:00,10.07,7.83,7.27,7.55,97.90,6.96,0.00,1.22,221.30,229.40
250,2024-01-30 09:00:00,10.21,9.54,8.74,8.82,97.00,8.29,0.00,1.15,201.90,268.20
250,2024-01-30 09:15:00,10.47,10.81,9.82,10.28,96.00,9.21,0.00,0.99,220.60,304.50
250,2024-01-30 09:30:00,10.82,12.06,11.03,11.90,93.70,10.05,0.00,1.09,209.70,341.10
250,2024-01-30 09:45:00,11.22,12.65,11.77,11.86,85.80,9.47,0.00,2.17,212.60,376.70
250,2024-01-30 10:00:00,11.68,13.59,13.02,12.79,75.48,8.79,0.00,1.63,229.20,412.00
250,2024-01-30 10:15:00,12.18,14.40,13.57,13.79,68.69,7.93,0.00,2.20,177.30,442.90
250,2024-01-30 10:30:00,12.72,14.92,14.12,14.33,62.80,7.14,0.00,2.51,158.10,476.70
250,2024-01-30 10:45:00,13.27,16.06,15.35,15.19,53.75,6.03,0.00,2.09,170.10,508.70
250,2024-01-30 11:00:00,13.83,16.20,15.27,15.48,52.06,5.49,0.00,2.17,137.10,527.40
250,2024-01-30 11:15:00,14.39,16.49,15.33,15.58,49.92,4.95,0.00,2.47,81.60,558.20
250,2024-01-30 11:30:00,14.93,16.57,15.45,15.64,51.55,5.52,0.00,3.03,96.70,576.10
250,2024-01-30 11:45:00,15.45,16.85,15.92,16.06,48.20,4.99,0.00,2.86,201.20,594.50
250,2024-01-30 12:00:00,15.96,17.27,16.74,16.70,47.26,5.45,0.00,1.87,294.30,609.30
250,2024-01-30 12:15:00,16.42,18.24,17.86,17.16,43.20,5.18,0.00,2.68,242.10,520.20
250,2024-01-30 12:30:00,16.88,18.46,17.08,17.39,44.73,4.97,0.00,3.28,215.00,563.00
250,2024-01-30 12:45:00,17.27,18.41,17.01,17.17,42.99,4.34,0.00,5.88,234.50,639.00
250,2024-01-30 13:00:00,17.61,18.55,17.63,17.28,46.11,5.91,0.00,4.18,293.20,637.90
250,2024-01-30 13:15:00,17.88,18.89,17.83,17.31,43.99,5.41,0.00,7.77,279.40,635.20
250,2024-01-30 13:30:00,18.10,18.79,18.14,17.42,42.82,5.31,0.00,5.59,235.00,626.20
250,2024-01-30 13:45:00,18.29,19.01,18.16,17.53,40.38,4.48,0.00,6.97,243.10,618.20
250,2024-01-30 14:00:00,18.46,19.13,17.75,17.41,41.47,4.50,0.00,9.65,260.50,601.90
250,2024-01-30 14:15:00,18.61,19.19,17.93,17.71,42.11,4.88,0.00,6.38,252.10,582.00
250,2024-01-30 14:30:00,18.77,19.16,18.20,17.79,42.03,5.09,0.00,5.65,221.70,556.90
250,2024-01-30 14:45:00,18.95,19.32,18.20,17.91,41.63,4.96,0.00,7.02,243.60,529.70
250,2024-01-30 15:00:00,19.14,19.38,18.76,18.27,40.79,5.17,0.00,4.83,243.70,498.20
250,2024-01-30 15:15:00,19.31,19.37,18.61,18.23,41.03,5.12,0.00,6.82,257.40,465.70
250,2024-01-30 15:30:00,19.48,19.67,18.55,18.36,41.27,5.15,0.00,7.52,243.40,428.80
250,2024-01-30 15:45:00,19.62,19.58,18.84,18.50,39.73,4.86,0.00,5.71,286.80,394.00
250,2024-01-30 16:00:00,19.72,19.54,18.94,18.58,40.64,5.28,0.00,6.60,263.40,348.30
250,2024-01-30 16:15:00,19.78,19.44,18.62,18.38,41.16,5.17,0.00,6.31,271.20,307.10
250,2024-01-30 16:30:00,19.79,19.48,18.64,18.58,40.44,4.94,0.00,5.09,286.80,263.20
250,2024-01-30 16:45:00,19.77,19.33,18.55,18.51,42.41,5.54,0.00,6.25,260.20,218.50
250,2024-01-30 17:00:00,19.70,18.93,18.16,18.22,43.48,5.55,0.00,7.41,257.50,172.90
250,2024-01-30 17:15:00,19.58,18.34,17.57,17.90,47.62,6.32,0.00,9.63,255.80,130.80
250,2024-01-30 17:30:00,19.41,17.49,16.81,17.30,51.65,6.81,0.00,10.15,263.70,92.60
250,2024-01-30 17:45:00,19.19,16.39,15.79,16.46,54.44,6.62,0.00,10.97,253.00,45.31
250,2024-01-30 18:00:00,18.94,15.38,14.87,15.68,57.05,6.45,0.00,10.14,250.20,20.79
250,2024-01-30 18:15:00,18.64,14.59,14.36,15.04,58.36,6.30,0.00,10.44,251.30,3.42
250,2024-01-30 18:30:00,18.33,13.91,13.81,14.46,59.57,6.08,0.00,9.84,254.20,0.52
250,2024-01-30 18:45:00,18.01,13.51,13.31,14.01,60.99,5.95,0.00,9.92,250.70,0.10
250,2024-01-30 19:00:00,17.70,13.29,13.09,13.70,61.28,5.81,0.00,10.36,248.20,0.09
250,2024-01-30 19:15:00,17.39,12.73,12.48,13.25,63.25,5.69,0.00,9.26,252.50,0.08
250,2024-01-30 19:30:00,17.11,12.29,12.14,12.88,64.46,5.64,0.00,8.95,254.70,0.08
250,2024-01-30 19:45:00,16.83,11.79,11.61,12.47,66.49,5.58,0.00,7.05,259.30,0.08
250,2024-01-30 20:00:00,16.57,11.21,11.26,12.14,67.33,5.43,0.00,6.54,252.20,0.08
250,2024-01-30 20:15:00,16.31,10.82,10.76,11.79,69.37,5.38,0.00,5.77,255.20,0.08
250,2024-01-30 20:30:00,16.07,10.45,10.58,11.52,72.35,5.81,0.00,6.40,249.60,0.08
250,2024-01-30 20:45:00,15.83,10.19,10.35,11.30,73.70,5.86,0.00,5.92,259.20,0.08
250,2024-01-30 21:00:00,15.60,9.72,10.04,10.96,74.98,5.81,0.00,5.46,267.90,0.08
250,2024-01-30 21:15:00,15.38,9.71,9.93,10.76,75.51,5.81,0.00,4.82,273.20,0.07
250,2024-01-30 21:30:00,15.16,9.01,9.28,10.44,77.65,5.58,0.00,4.53,263.50,0.07
250,2024-01-30 21:45:00,14.95,8.59,9.28,10.16,78.49,5.73,0.00,3.51,270.10,0.08
250,2024-01-30 22:00:00,14.75,8.65,9.16,9.92,78.37,5.59,0.00,2.38,274.50,0.08
250,2024-01-30 22:15:00,14.55,8.11,8.81,9.74,79.09,5.39,0.00,3.03,270.20,0.08
250,2024-01-30 22:30:00,14.37,7.95,8.44,9.46,81.00,5.37,0.00,2.61,282.70,0.08
250,2024-01-30 22:45:00,14.20,7.82,8.35,9.27,82.10,5.48,0.00,2.70,293.60,0.07
250,2024-01-30 23:00:00,14.03,7.51,8.16,9.35,83.80,5.59,0.00,4.46,265.70,0.08
250,2024-01-30 23:15:00,13.86,7.47,8.25,9.13,84.40,5.78,0.00,4.90,265.40,0.08
250,2024-01-30 23:30:00,13.69,7.52,8.20,9.07,85.30,5.88,0.00,3.62,280.10,0.08
250,2024-01-30 23:45:00,13.52,8.22,8.56,8.97,85.90,6.34,0.00,3.23,297.70,0.08
250,2024-01-31 00:00:00,13.38,8.42,8.60,9.10,86.50,6.48,0.00,4.09,286.80,0.08
250,2024-01-31 00:15:00,13.25,7.51,7.97,8.96,87.70,6.06,0.00,2.73,274.00,0.08
250,2024-01-31 00:30:00,13.12,6.92,7.48,8.88,89.80,5.92,0.00,3.49,263.30,0.08
250,2024-01-31 00:45:00,13.00,6.97,7.82,8.78,90.70,6.39,0.00,2.51,285.90,0.08
250,2024-01-31 01:00:00,12.88,7.73,8.25,8.94,88.70,6.50,0.00,3.17,283.90,0.08
250,2024-01-31 01:15:00,12.76,7.86,8.10,9.03,87.40,6.13,0.00,3.28,272.50,0.08
250,2024-01-31 01:30:00,12.65,7.52,8.05,9.01,87.30,6.07,0.00,3.14,267.60,0.08
250,2024-01-31 01:45:00,12.55,7.35,7.99,9.30,87.20,5.99,0.00,3.46,270.20,0.08
250,2024-01-31 02:00:00,12.44,7.75,8.58,9.40,85.80,6.34,0.00,3.92,269.90,0.08
250,2024-01-31 02:15:00,12.35,7.51,8.00,9.36,87.40,6.04,0.00,2.87,277.20,0.08
250,2024-01-31 02:30:00,12.26,8.40,9.26,9.71,85.70,6.99,0.00,4.18,284.30,0.08
250,2024-01-31 02:45:00,12.18,9.24,9.36,9.90,84.10,6.81,0.00,4.06,285.60,0.08
250,2024-01-31 03:00:00,12.11,8.86,9.07,9.77,84.90,6.67,0.00,3.21,288.60,0.08
250,2024-01-31 03:15:00,12.04,8.71,8.91,9.61,85.10,6.54,0.00,2.78,281.30,0.08
250,2024-01-31 03:30:00,11.98,8.22,8.50,9.24,86.40,6.36,0.00,1.44,260.50,0.08
250,2024-01-31 03:45:00,11.91,7.69,8.23,9.12,87.30,6.25,0.00,1.91,281.20,0.08
250,2024-01-31 04:00:00,11.83,7.80,8.25,9.02,87.80,6.35,0.00,1.38,271.60,0.08
250,2024-01-31 04:15:00,11.76,7.78,8.03,9.05,87.80,6.13,0.00,2.25,248.60,0.09
250,2024-01-31 04:30:00,11.69,7.77,8.40,9.27,87.30,6.41,0.00,4.03,261.80,0.08
250,2024-01-31 04:45:00,11.63,7.73,8.17,9.30,88.00,6.30,0.00,3.45,258.10,0.08
250,2024-01-31 05:00:00,11.56,7.58,8.17,9.16,88.40,6.37,0.00,2.39,252.90,0.09
250,2024-01-31 05:15:00,11.50,7.56,8.20,9.17,89.40,6.56,0.00,2.58,247.80,0.08
250,2024-01-31 05:30:00,11.44,7.43,7.57,9.01,89.00,5.87,0.00,1.26,239.40,0.08
250,2024-01-31 05:45:00,11.38,7.02,7.44,8.57,91.00,6.07,0.00,1.17,134.90,0.08
250,2024-01-31 06:00:00,11.32,6.84,7.13,8.25,91.80,5.88,0.00,1.72,132.90,0.08
250,2024-01-31 06:15:00,11.27,6.26,6.84,7.78,92.60,5.73,0.00,1.77,118.40,0.08
250,2024-01-31 06:30:00,11.20,6.49,7.08,8.07,93.30,6.08,0.00,2.36,137.40,0.08
250,2024-01-31 06:45:00,11.15,6.72,7.30,8.51,93.50,6.32,0.00,2.22,155.00,0.08
250,2024-01-31 07:00:00,11.09,7.59,8.09,8.75,93.70,7.14,0.00,2.82,201.30,0.16
250,2024-01-31 07:15:00,11.05,8.22,8.27,9.21,93.40,7.27,0.00,4.06,214.00,1.63
250,2024-01-31 07:30:00,11.02,8.29,8.26,9.31,93.30,7.24,0.00,3.44,226.70,7.50
250,2024-01-31 07:45:00,11.00,8.22,8.41,9.60,93.70,7.45,0.00,4.13,233.80,17.38
250,2024-01-31 08:00:00,11.00,9.05,10.33,10.69,94.70,9.52,0.00,4.59,256.80,31.50
250,2024-01-31 08:15:00,11.01,11.48,11.87,11.96,90.60,10.38,0.00,6.85,267.00,109.40
250,2024-01-31 08:30:00,11.06,12.58,12.67,12.59,87.30,10.62,0.00,7.64,271.50,143.20
250,2024-01-31 08:45:00,11.20,13.44,13.30,13.17,84.40,10.73,0.00,7.12,281.70,187.50
250,2024-01-31 09:00:00,11.42,14.10,13.91,13.63,81.30,10.76,0.00,6.39,292.70,232.10
250,2024-01-31 09:15:00,11.71,14.68,14.31,14.13,76.87,10.31,0.00,6.78,304.70,276.20
250,2024-01-31 09:30:00,12.05,15.40,15.01,14.64,71.85,9.98,0.00,5.75,309.90,320.30
250,2024-01-31 09:45:00,12.42,16.03,15.31,15.13,63.13,8.34,0.00,5.73,313.20,361.60
250,2024-01-31 10:00:00,12.84,16.39,15.84,15.40,55.92,7.06,0.00,7.63,320.90,405.60
250,2024-01-31 10:15:00,13.28,16.52,16.00,15.53,53.07,6.45,0.00,7.96,324.20,443.40
250,2024-01-31 10:30:00,13.74,16.78,16.33,15.69,54.22,7.07,0.00,8.89,326.10,477.00
250,2024-01-31 10:45:00,14.20,17.15,16.29,15.97,51.36,6.24,0.00,8.60,329.90,508.60
250,2024-01-31 11:00:00,14.67,17.66,17.21,16.52,50.18,6.75,0.00,7.44,324.10,537.30
250,2024-01-31 11:15:00,15.14,18.00,17.52,16.81,45.17,5.51,0.00,7.50,307.20,564.80
250,2024-01-31 11:30:00,15.62,18.38,17.59,17.20,43.65,5.09,0.00,8.63,315.90,587.40
250,2024-01-31 11:45:00,16.09,18.73,17.96,17.47,44.07,5.56,0.00,9.15,322.40,604.60
250,2024-01-31 12:00:00,16.53,19.02,18.21,17.72,43.09,5.46,0.00,9.93,329.20,619.20
250,2024-01-31 12:15:00,16.93,19.44,19.11,18.13,41.65,5.78,0.00,8.19,321.80,549.70
250,2024-01-31 12:30:00,17.31,19.93,18.87,18.49,40.42,5.14,0.00,8.57,308.70,575.20
250,2024-01-31 12:45:00,17.67,20.02,19.25,18.61,40.13,5.37,0.00,8.58,311.90,646.50
250,2024-01-31 13:00:00,17.98,19.77,19.05,18.51,37.89,4.37,0.00,9.82,307.80,648.10
250,2024-01-31 13:15:00,18.24,19.98,19.27,18.70,37.10,4.27,0.00,9.50,313.00,645.20
250,2024-01-31 13:30:00,18.43,20.06,19.72,18.80,35.92,4.20,0.00,9.86,316.60,638.00
250,2024-01-31 13:45:00,18.60,20.57,19.76,19.20,33.87,3.40,0.00,8.77,319.90,625.80
250,2024-01-31 14:00:00,18.77,20.23,19.59,19.01,33.81,3.23,0.00,10.42,323.90,608.80
250,2024-01-31 14:15:00,18.92,20.38,19.36,19.13,35.30,3.64,0.00,10.35,321.70,588.20
250,2024-01-31 14:30:00,19.08,20.79,19.84,19.47,32.08,2.71,0.00,9.02,314.00,566.70
250,2024-01-31 14:45:00,19.26,20.72,20.10,19.54,30.40,2.18,0.00,9.60,317.40,538.60
250,2024-01-31 15:00:00,19.44,20.83,19.84,19.64,31.80,2.58,0.00,8.23,310.50,510.30
250,2024-01-31 15:15:00,19.62,20.53,20.04,19.43,32.25,2.96,0.00,9.78,327.40,473.70
250,2024-01-31 15:30:00,19.76,20.50,19.77,19.39,31.67,2.47,0.00,8.70,321.90,438.60
250,2024-01-31 15:45:00,19.89,20.39,19.27,19.40,31.22,1.83,0.00,10.25,329.80,400.80
250,2024-01-31 16:00:00,19.97,19.82,19.23,18.92,32.09,2.18,0.00,10.78,339.70,361.00
250,2024-01-31 16:15:00,20.00,19.82,19.21,18.93,32.69,2.42,0.00,9.10,335.30,318.60
250,2024-01-31 16:30:00,19.99,19.66,18.91,18.87,33.26,2.40,0.00,8.48,330.40,273.80
250,2024-01-31 16:45:00,19.94,19.61,18.92,18.87,33.36,2.45,0.00,7.13,341.30,228.80
250,2024-01-31 17:00:00,19.85,19.32,18.65,18.72,34.13,2.54,0.00,8.04,345.20,183.30
250,2024-01-31 17:15:00,19.73,18.87,18.17,18.40,35.23,2.56,0.00,8.42,335.50,142.40
250,2024-01-31 17:30:00,19.56,18.57,17.93,18.22,35.20,2.33,0.00,5.92,329.90,100.60
250,2024-01-31 17:45:00,19.36,18.06,17.36,17.90,39.31,3.38,0.00,5.48,344.60,61.42
250,2024-01-31 18:00:00,19.12,17.25,16.63,17.39,42.94,3.98,0.00,4.79,334.70,26.26
250,2024-01-31 18:15:00,18.85,16.06,15.89,16.69,44.22,3.73,0.00,4.32,337.60,4.16
250,2024-01-31 18:30:00,18.56,15.35,15.18,16.14,49.62,4.72,0.00,3.54,340.20,0.48
250,2024-01-31 18:45:00,18.27,14.31,14.43,15.66,50.71,4.34,0.00,2.55,337.80,0.09
250,2024-01-31 19:00:00,17.95,12.60,13.24,14.81,54.95,4.38,0.00,1.01,333.50,0.08
250,2024-01-31 19:15:00,17.65,11.72,12.27,13.85,59.73,4.67,0.00,0.80,17.42,0.08
250,2024-01-31 19:30:00,17.34,10.10,10.59,13.13,64.63,4.20,0.00,0.72,347.30,0.08
250,2024-01-31 19:45:00,17.05,8.92,10.62,12.71,66.68,4.68,0.00,1.03,335.10,0.09
250,2024-01-31 20:00:00,16.75,8.97,9.70,11.63,69.69,4.43,0.00,0.53,18.35,0.08
250,2024-01-31 20:15:00,16.47,8.85,9.92,11.63,71.74,5.06,0.00,1.08,14.69,0.08
250,2024-01-31 20:30:00,16.20,8.03,8.85,11.90,73.13,4.30,0.00,1.42,356.60,0.08
250,2024-01-31 20:45:00,15.95,7.56,9.31,12.14,73.51,4.82,0.00,1.09,14.59,0.08
250,2024-01-31 21:00:00,15.70,7.70,9.02,11.77,72.85,4.41,0.00,1.22,358.60,0.08
250,2024-01-31 21:15:00,15.46,8.07,9.22,11.55,73.38,4.71,0.00,1.56,357.30,0.08
250,2024-01-31 21:30:00,15.23,8.09,9.66,12.02,73.06,5.07,0.00,1.95,357.20,0.09
250,2024-01-31 21:45:00,15.02,9.38,11.57,12.29,61.41,4.40,0.00,3.17,5.98,0.09
250,2024-01-31 22:00:00,14.81,11.52,12.06,12.65,57.35,3.89,0.00,3.43,16.37,0.09
250,2024-01-31 22:15:00,14.64,11.61,11.87,12.49,57.68,3.79,0.00,3.41,14.54,0.09
250,2024-01-31 22:30:00,14.48,11.14,11.26,12.11,60.92,4.00,0.00,2.56,12.33,0.09
250,2024-01-31 22:45:00,14.34,10.56,11.00,11.83,62.49,4.11,0.00,2.34,13.44,0.08
250,2024-01-31 23:00:00,14.20,10.48,10.98,11.63,62.34,4.06,0.00,2.80,13.10,0.08
250,2024-01-31 23:15:00,14.05,10.35,10.64,11.41,63.58,4.02,0.00,2.83,5.94,0.09
250,2024-01-31 23:30:00,13.92,9.95,10.45,11.13,65.05,4.16,0.00,2.08,4.64,0.08
250,2024-01-31 23:45:00,13.78,10.01,10.37,11.05,66.31,4.36,0.00,2.30,4.83,0.09
250,2024-02-01 00:00:00,13.65,9.79,10.43,10.97,67.54,4.68,0.00,2.27,15.75,0.09
250,2024-02-01 00:15:00,13.52,10.11,10.43,11.00,67.16,4.60,0.00,2.13,22.98,0.09
250,2024-02-01 00:30:00,13.40,9.99,10.28,10.86,68.71,4.78,0.00,2.70,33.42,0.09
250,2024-02-01 00:45:00,13.28,9.97,10.16,10.71,69.35,4.80,0.00,4.61,53.38,0.08
250,2024-02-01 01:00:00,13.17,9.91,9.82,10.49,69.68,4.54,0.00,5.17,57.14,0.09
250,2024-02-01 01:15:00,13.08,9.43,9.57,10.09,71.29,4.63,0.00,4.20,54.02,0.09
250,2024-02-01 01:30:00,12.97,8.92,9.01,9.66,72.38,4.31,0.00,3.50,74.23,0.08
250,2024-02-01 01:45:00,12.88,8.75,8.78,9.44,72.29,4.07,0.00,2.62,67.47,0.08
250,2024-02-01 02:00:00,12.76,7.77,7.82,8.88,72.61,3.21,0.00,0.67,88.50,0.09
250,2024-02-01 02:15:00,12.65,5.65,6.18,8.24,79.74,2.94,0.00,2.02,275.80,0.09
250,2024-02-01 02:30:00,12.51,5.01,5.57,7.71,82.70,2.86,0.00,0.60,37.50,0.08
250,2024-02-01 02:45:00,12.38,4.65,4.95,6.80,85.30,2.68,0.00,0.89,218.10,0.08
250,2024-02-01 03:00:00,12.23,4.21,4.37,6.47,87.30,2.44,0.00,1.16,342.90,0.09
250,2024-02-01 03:15:00,12.10,3.97,4.51,6.18,88.50,2.78,0.00,1.75,1.32,0.09
250,2024-02-01 03:30:00,11.97,3.83,4.25,6.09,89.40,2.67,0.00,1.30,344.60,0.08
250,2024-02-01 03:45:00,11.84,3.76,4.73,5.79,91.20,3.42,0.00,1.17,208.80,0.08
250,2024-02-01 04:00:00,11.70,3.76,4.31,5.77,90.80,2.94,0.00,1.33,140.40,0.09
250,2024-02-01 04:15:00,11.58,2.85,3.63,5.30,91.90,2.44,0.00,1.73,205.20,0.08
250,2024-02-01 04:30:00,11.46,3.19,3.75,4.78,92.00,2.57,0.00,0.71,114.30,0.10
250,2024-02-01 04:45:00,11.36,3.01,3.38,4.47,92.60,2.29,0.00,0.50,147.50,0.12
250,2024-02-01 05:00:00,11.26,2.51,3.46,4.30,94.00,2.59,0.00,0.64,246.40,0.13
250,2024-02-01 05:15:00,11.14,3.05,3.33,4.36,93.10,2.32,0.00,0.98,328.80,0.13
250,2024-02-01 05:30:00,11.02,2.46,2.77,4.07,94.00,1.90,0.00,0.99,263.30,0.12
250,2024-02-01 05:45:00,10.92,2.50,2.65,3.96,94.00,1.79,0.00,0.77,231.00,0.14
250,2024-02-01 06:00:00,10.82,2.32,2.57,3.71,94.20,1.73,0.00,0.38,223.80,0.14
250,2024-02-01 06:15:00,10.69,2.21,2.26,3.35,94.30,1.44,0.00,0.53,114.60,0.12
250,2024-02-01 06:30:00,10.57,2.12,2.46,3.04,95.10,1.75,0.00,0.23,72.33,0.11
250,2024-02-01 06:45:00,10.48,1.87,2.29,2.90,94.80,1.54,0.00,0.68,150.80,0.12
250,2024-02-01 07:00:00,10.36,1.56,2.23,3.03,95.60,1.60,0.00,0.82,182.50,0.23
250,2024-02-01 07:15:00,10.27,1.57,2.10,2.95,95.60,1.47,0.00,0.91,204.40,2.16
250,2024-02-01 07:30:00,10.16,2.04,2.34,2.76,95.50,1.70,0.00,0.33,46.20,8.02
250,2024-02-01 07:45:00,10.07,1.95,2.33,2.81,95.80,1.73,0.00,0.36,201.70,15.16
250,2024-02-01 08:00:00,9.99,2.33,2.74,4.35,96.20,2.20,0.00,0.49,243.80,42.86
250,2024-02-01 08:15:00,9.92,3.49,4.49,5.48,96.80,4.03,0.00,0.69,257.60,137.10
250,2024-02-01 08:30:00,9.89,6.36,6.39,6.62,96.80,5.92,0.00,0.76,266.10,179.40
250,2024-02-01 08:45:00,9.91,9.26,9.54,8.74,96.90,9.07,0.00,1.08,297.60,222.10
250,2024-02-01 09:00:00,10.08,11.53,10.85,10.53,91.60,9.54,0.00,2.55,17.12,267.10
250,2024-02-01 09:15:00,10.37,12.02,11.33,11.18,82.60,8.48,0.00,4.09,4.01,299.30
250,2024-02-01 09:30:00,10.73,12.68,12.08,11.70,78.40,8.44,0.00,3.50,5.48,335.10
250,2024-02-01 09:45:00,11.13,13.52,12.93,12.44,73.88,8.39,0.00,3.55,19.18,373.60
250,2024-02-01 10:00:00,11.58,14.12,13.62,12.91,68.57,7.95,0.00,4.83,22.22,418.70
250,2024-02-01 10:15:00,12.06,14.49,13.78,13.39,61.82,6.59,0.00,5.18,22.06,455.80
250,2024-02-01 10:30:00,12.56,15.17,14.39,13.94,56.61,5.89,0.00,5.73,39.97,490.80
250,2024-02-01 10:45:00,13.08,15.64,15.15,14.49,54.13,5.95,0.00,6.32,49.91,524.80
250,2024-02-01 11:00:00,13.59,16.00,15.33,14.75,49.88,4.94,0.00,7.24,47.69,554.80
250,2024-02-01 11:15:00,14.11,16.24,15.72,15.04,49.78,5.27,0.00,6.39,52.65,559.20
250,2024-02-01 11:30:00,14.61,16.60,15.72,15.40,49.97,5.32,0.00,6.48,50.69,558.90
250,2024-02-01 11:45:00,15.10,16.92,16.27,15.81,46.46,4.78,0.00,4.20,55.23,578.10
250,2024-02-01 12:00:00,15.55,17.17,16.33,15.91,45.75,4.61,0.00,5.15,47.76,616.60
250,2024-02-01 12:15:00,16.00,17.91,17.18,16.59,44.63,5.03,0.00,3.47,56.79,578.30
250,2024-02-01 12:30:00,16.44,17.90,17.02,16.59,42.23,4.10,0.00,4.96,31.69,568.20
250,2024-02-01 12:45:00,16.81,18.03,16.91,16.68,45.95,5.20,0.00,4.80,62.95,575.30
250,2024-02-01 13:00:00,17.12,17.92,17.07,16.78,42.84,4.35,0.00,3.66,79.45,577.10
250,2024-02-01 13:15:00,17.39,18.95,18.04,17.52,44.97,5.92,0.00,3.29,359.30,641.80
250,2024-02-01 13:30:00,17.63,18.91,17.73,17.64,42.70,4.90,0.00,3.39,9.51,572.60
250,2024-02-01 13:45:00,17.84,19.13,17.94,17.82,41.43,4.65,0.00,3.44,343.20,616.40
250,2024-02-01 14:00:00,18.03,19.51,17.85,17.91,40.52,4.26,0.00,3.70,26.07,606.90
250,2024-02-01 14:15:00,18.22,19.48,18.75,18.31,39.43,4.67,0.00,2.56,18.94,587.70
250,2024-02-01 14:30:00,18.42,19.81,18.54,18.38,40.58,4.90,0.00,3.84,3.86,560.80
250,2024-02-01 14:45:00,18.63,19.56,18.50,18.11,41.55,5.20,0.00,5.34,338.80,528.00
250,2024-02-01 15:00:00,18.86,19.34,18.51,18.09,41.28,5.11,0.00,5.16,337.40,470.20
250,2024-02-01 15:15:00,19.08,19.56,18.46,18.24,40.31,4.73,0.00,4.90,344.60,410.70
250,2024-02-01 15:30:00,19.25,19.74,19.25,18.77,39.15,5.02,0.00,2.62,282.00,427.40
250,2024-02-01 15:45:00,19.41,20.34,19.42,19.43,38.31,4.86,0.00,2.70,272.90,399.20
250,2024-02-01 16:00:00,19.55,20.11,19.01,19.12,38.24,4.47,0.00,3.41,341.10,307.00
250,2024-02-01 16:15:00,19.64,19.73,18.81,18.86,40.36,5.06,0.00,3.12,0.38,283.70
250,2024-02-01 16:30:00,19.68,19.83,19.05,18.86,39.15,4.84,0.00,3.72,4.27,264.80
250,2024-02-01 16:45:00,19.66,19.26,18.36,18.59,39.75,4.44,0.00,3.10,16.07,169.80
250,2024-02-01 17:00:00,19.60,18.58,17.77,18.10,42.51,4.87,0.00,3.01,19.30,130.40
250,2024-02-01 17:15:00,19.47,18.38,17.77,18.02,41.95,4.68,0.00,2.11,27.95,120.40
250,2024-02-01 17:30:00,19.31,18.18,17.48,17.97,43.92,5.07,0.00,1.69,28.64,92.50
250,2024-02-01 17:45:00,19.14,17.44,16.83,17.48,47.68,5.66,0.00,1.25,24.19,43.74
250,2024-02-01 18:00:00,18.93,16.23,15.58,16.71,54.64,6.48,0.00,1.49,0.82,15.22
250,2024-02-01 18:15:00,18.69,14.51,13.93,15.36,63.32,7.08,0.00,0.62,286.50,2.46
250,2024-02-01 18:30:00,18.41,13.03,13.24,14.32,63.87,6.55,0.00,0.83,74.98,0.31
250,2024-02-01 18:45:00,18.13,12.47,12.67,13.54,65.89,6.46,0.00,0.53,355.20,0.08
250,2024-02-01 19:00:00,17.84,11.53,11.90,12.89,68.93,6.38,0.00,0.55,318.70,0.07
250,2024-02-01 19:15:00,17.56,11.06,11.53,12.27,70.79,6.41,0.00,0.30,201.80,0.07
250,2024-02-01 19:30:00,17.31,10.61,11.03,11.94,74.57,6.69,0.00,0.64,267.70,0.08
250,2024-02-01 19:45:00,17.05,10.14,10.43,11.46,73.82,5.96,0.00,0.37,295.70,0.08
250,2024-02-01 20:00:00,16.80,9.24,9.87,10.98,76.97,6.02,0.00,0.91,273.50,0.08
250,2024-02-01 20:15:00,16.55,8.82,9.18,11.08,78.27,5.60,0.00,2.17,273.20,0.07
250,2024-02-01 20:30:00,16.29,8.76,10.10,11.55,78.04,6.45,0.00,3.14,286.90,0.08
250,2024-02-01 20:45:00,16.06,10.87,12.18,12.73,69.26,6.72,0.00,4.51,284.70,0.08
250,2024-02-01 21:00:00,15.84,12.11,12.06,12.95,68.32,6.41,0.00,4.41,283.60,0.07
250,2024-02-01 21:15:00,15.66,11.44,11.67,12.50,68.80,6.13,0.00,3.24,287.30,0.07
250,2024-02-01 21:30:00,15.49,11.19,11.22,12.00,69.90,5.93,0.00,1.93,302.50,0.08
250,2024-02-01 21:45:00,15.32,11.02,11.12,11.71,69.96,5.85,0.00,2.19,332.80,0.07
250,2024-02-01 22:00:00,15.16,10.81,10.91,11.52,70.65,5.79,0.00,2.08,326.90,0.08
250,2024-02-01 22:15:00,15.03,9.96,10.33,11.29,72.97,5.70,0.00,1.76,287.00,0.08
250,2024-02-01 22:30:00,14.89,9.53,9.98,11.14,74.59,5.68,0.00,1.13,290.80,0.08
250,2024-02-01 22:45:00,14.76,9.02,9.43,10.69,76.26,5.46,0.00,0.70,266.20,0.07
250,2024-02-01 23:00:00,14.63,8.61,9.12,10.23,81.70,6.16,0.00,1.37,261.80,0.08
250,2024-02-01 23:15:00,14.51,8.40,8.48,9.98,81.50,5.50,0.00,0.82,297.60,0.08
250,2024-02-01 23:30:00,14.39,8.08,8.39,9.33,82.30,5.55,0.00,0.49,341.70,0.08
250,2024-02-01 23:45:00,14.27,7.90,8.58,9.17,84.30,6.08,0.00,2.16,116.00,0.08
250,2024-02-02 00:00:00,14.16,8.28,8.67,9.36,85.50,6.38,0.00,2.14,115.00,0.08
250,2024-02-02 00:15:00,14.04,8.03,8.14,8.93,86.50,6.02,0.00,0.47,73.97,0.08
250,2024-02-02 00:30:00,13.94,7.59,7.72,8.47,87.70,5.81,0.00,0.69,166.80,0.08
250,2024-02-02 00:45:00,13.82,7.57,7.74,8.48,88.30,5.92,0.00,1.12,211.90,0.08
250,2024-02-02 01:00:00,13.71,7.36,7.48,8.22,88.70,5.74,0.00,0.54,111.70,0.08
250,2024-02-02 01:15:00,13.61,7.33,7.54,8.03,89.30,5.89,0.00,0.44,105.40,0.08
250,2024-02-02 01:30:00,13.52,7.11,7.10,7.80,89.50,5.49,0.00,0.46,7.55,0.08
250,2024-02-02 01:45:00,13.43,6.86,6.97,7.48,90.20,5.47,0.00,0.37,194.00,0.08
250,2024-02-02 02:00:00,13.35,6.76,7.11,7.48,90.60,5.68,0.00,0.84,214.60,0.08
250,2024-02-02 02:15:00,13.26,6.94,7.10,7.52,90.90,5.71,0.00,1.32,217.00,0.07
250,2024-02-02 02:30:00,13.19,7.09,7.11,7.46,91.50,5.82,0.00,1.32,213.50,0.08
250,2024-02-02 02:45:00,13.12,7.05,6.87,7.46,91.40,5.57,0.00,1.56,231.70,0.08
250,2024-02-02 03:00:00,13.06,7.11,7.08,7.49,91.60,5.81,0.00,1.31,183.60,0.08
250,2024-02-02 03:15:00,12.99,6.99,6.93,7.34,92.10,5.74,0.00,1.13,226.80,0.08
250,2024-02-02 03:30:00,12.92,6.79,6.91,7.28,92.30,5.75,0.00,1.15,173.20,0.08
250,2024-02-02 03:45:00,12.84,6.84,6.82,7.20,92.60,5.70,0.00,1.12,117.50,0.08
250,2024-02-02 04:00:00,12.79,6.77,6.72,7.04,92.70,5.62,0.00,0.47,111.10,0.08
250,2024-02-02 04:15:00,12.73,6.56,6.53,7.01,93.40,5.54,0.00,1.10,256.60,0.08
250,2024-02-02 04:30:00,12.68,6.43,6.50,7.16,93.40,5.51,0.00,1.15,226.10,0.08
250,2024-02-02 04:45:00,12.62,6.41,6.32,6.98,93.50,5.35,0.00,0.91,269.20,0.07
250,2024-02-02 05:00:00,12.55,6.22,6.30,6.84,93.70,5.36,0.00,0.66,264.30,0.08
250,2024-02-02 05:15:00,12.48,6.19,6.22,6.68,93.80,5.30,0.00,0.97,15.33,0.08
250,2024-02-02 05:30:00,12.39,6.02,6.02,6.48,94.00,5.13,0.00,0.32,242.40,0.08
250,2024-02-02 05:45:00,12.32,6.04,6.11,6.40,94.20,5.24,0.00,0.36,297.30,0.08
250,2024-02-02 06:00:00,12.26,6.31,6.22,6.52,94.20,5.36,0.00,0.76,187.30,0.07
250,2024-02-02 06:15:00,12.22,6.30,6.26,6.68,94.30,5.41,0.00,1.18,228.90,0.08
250,2024-02-02 06:30:00,12.17,6.24,6.28,6.69,94.30,5.43,0.00,1.34,191.00,0.08
250,2024-02-02 06:45:00,12.10,6.18,6.16,6.66,94.40,5.33,0.00,0.90,200.20,0.08
250,2024-02-02 07:00:00,12.03,5.82,5.90,6.49,94.50,5.08,0.00,0.89,203.00,0.12
250,2024-02-02 07:15:00,11.96,5.49,5.41,6.18,94.70,4.63,0.00,0.75,237.90,1.15
250,2024-02-02 07:30:00,11.87,5.12,5.29,5.92,94.90,4.54,0.00,0.54,240.10,5.65
250,2024-02-02 07:45:00,11.77,4.93,5.39,5.75,95.40,4.71,0.00,0.68,3.54,15.12
250,2024-02-02 08:00:00,11.67,4.95,5.37,5.82,95.70,4.74,0.00,0.74,56.31,31.46
250,2024-02-02 08:15:00,11.58,5.65,6.36,6.57,96.30,5.82,0.00,0.74,191.00,101.30
250,2024-02-02 08:30:00,11.52,7.69,7.69,7.88,95.70,7.05,0.00,1.04,185.40,160.30
250,2024-02-02 08:45:00,11.53,9.74,9.36,9.47,94.60,8.54,0.00,1.17,226.00,196.20
250,2024-02-02 09:00:00,11.65,11.67,11.44,10.92,91.80,10.15,0.00,0.99,248.90,249.50
250,2024-02-02 09:15:00,11.87,13.57,12.66,12.63,77.92,8.91,0.00,4.41,353.20,336.30
250,2024-02-02 09:30:00,12.20,13.22,12.46,12.53,78.23,8.78,0.00,5.69,346.70,195.80
250,2024-02-02 09:45:00,12.52,14.25,14.15,13.41,70.00,8.76,0.00,4.10,347.70,377.80
250,2024-02-02 10:00:00,12.84,14.90,14.43,13.86,69.54,8.93,0.00,6.48,335.90,373.10
250,2024-02-02 10:15:00,13.23,15.69,14.52,14.47,67.72,8.63,0.00,5.81,353.70,442.80
250,2024-02-02 10:30:00,13.70,15.47,15.05,14.53,69.56,9.53,0.00,4.19,355.60,357.70
250,2024-02-02 10:45:00,14.11,16.32,15.17,15.16,64.32,8.48,0.00,4.19,342.50,447.30
250,2024-02-02 11:00:00,14.53,16.79,15.81,15.52,61.71,8.48,0.00,5.66,355.30,550.00
250,2024-02-02 11:15:00,14.99,16.99,16.29,15.74,60.83,8.72,0.00,5.45,349.00,569.70
250,2024-02-02 11:30:00,15.48,17.56,17.01,16.08,59.39,9.04,0.00,5.82,350.90,590.20
250,2024-02-02 11:45:00,15.98,18.12,16.87,16.67,57.49,8.43,0.00,6.13,339.20,610.70
250,2024-02-02 12:00:00,16.47,18.37,17.57,16.94,55.16,8.47,0.00,5.44,324.20,627.70
250,2024-02-02 12:15:00,16.94,18.93,17.93,17.47,53.61,8.39,0.00,5.69,315.50,622.00
250,2024-02-02 12:30:00,17.37,19.18,18.37,17.71,53.80,8.85,0.00,4.49,322.30,631.70
250,2024-02-02 12:45:00,17.76,19.68,18.92,18.33,51.57,8.73,0.00,4.67,311.00,648.50
250,2024-02-02 13:00:00,18.12,19.98,19.03,18.57,49.60,8.26,0.00,4.84,266.40,646.90
250,2024-02-02 13:15:00,18.43,20.40,19.45,18.83,48.25,8.24,0.00,6.51,318.90,640.60
250,2024-02-02 13:30:00,18.67,20.37,19.60,18.90,48.53,8.46,0.00,5.98,299.20,631.80
250,2024-02-02 13:45:00,18.88,20.84,19.63,19.56,44.85,7.33,0.00,4.14,259.80,623.00
250,2024-02-02 14:00:00,19.08,20.86,19.88,19.38,45.60,7.80,0.00,6.65,250.40,608.00
250,2024-02-02 14:15:00,19.27,21.27,20.56,19.81,43.58,7.75,0.00,5.26,210.70,587.60
250,2024-02-02 14:30:00,19.48,21.47,20.41,20.05,42.96,7.41,0.00,5.53,235.60,567.30
250,2024-02-02 14:45:00,19.69,21.66,20.48,20.39,40.23,6.51,0.00,5.35,200.90,539.30
250,2024-02-02 15:00:00,19.91,21.50,20.62,20.36,39.16,6.25,0.00,6.55,214.80,500.10
250,2024-02-02 15:15:00,20.12,21.85,20.93,20.67,38.62,6.32,0.00,4.91,235.50,481.20
250,2024-02-02 15:30:00,20.31,22.15,21.46,20.80,38.77,6.85,0.00,5.88,271.80,451.30
250,2024-02-02 15:45:00,20.50,22.22,21.30,20.92,36.61,5.88,0.00,7.57,256.30,419.50
250,2024-02-02 16:00:00,20.65,22.02,21.13,20.86,39.44,6.81,0.00,6.94,229.00,362.50
250,2024-02-02 16:15:00,20.75,21.85,21.07,20.79,39.65,6.83,0.00,7.66,233.70,318.40
250,2024-02-02 16:30:00,20.79,21.90,21.25,20.97,41.06,7.50,0.00,6.84,260.90,271.90
250,2024-02-02 16:45:00,20.78,21.67,20.78,20.83,41.30,7.16,0.00,7.93,242.90,225.00
250,2024-02-02 17:00:00,20.72,21.45,20.90,20.74,40.75,7.08,0.00,6.37,242.80,180.00
250,2024-02-02 17:15:00,20.63,21.08,20.51,20.66,42.26,7.26,0.00,6.46,260.90,132.20
250,2024-02-02 17:30:00,20.49,20.52,19.93,20.36,44.62,7.53,0.00,6.54,249.50,92.20
250,2024-02-02 17:45:00,20.30,19.17,18.07,19.38,63.57,11.06,0.00,9.17,247.60,55.52
250,2024-02-02 18:00:00,20.09,17.75,17.21,17.97,66.41,10.90,0.00,10.90,246.50,24.06
250,2024-02-02 18:15:00,19.84,16.65,16.40,17.26,68.69,10.63,0.00,7.96,248.70,5.37
250,2024-02-02 18:30:00,19.58,15.72,15.54,16.75,71.83,10.48,0.00,7.22,254.20,0.97
250,2024-02-02 18:45:00,19.28,15.23,15.33,16.21,73.19,10.56,0.00,7.32,252.50,0.12
250,2024-02-02 19:00:00,18.99,14.80,14.86,15.82,74.58,10.39,0.00,6.57,253.90,0.08
250,2024-02-02 19:15:00,18.70,13.89,13.93,15.36,77.93,10.15,0.00,5.38,249.90,0.08
250,2024-02-02 19:30:00,18.42,13.38,13.57,14.89,78.97,9.99,0.00,6.08,250.80,0.08
250,2024-02-02 19:45:00,18.14,12.81,13.26,14.32,81.10,10.09,0.00,5.39,257.20,0.08
250,2024-02-02 20:00:00,17.88,12.65,12.92,13.92,81.20,9.78,0.00,4.57,265.10,0.08
250,2024-02-02 20:15:00,17.62,12.60,12.90,13.63,81.30,9.78,0.00,3.36,273.30,0.08
250,2024-02-02 20:30:00,17.37,12.36,12.67,13.33,81.80,9.64,0.00,1.78,271.40,0.08
250,2024-02-02 20:45:00,17.15,12.07,12.35,13.13,81.40,9.26,0.00,2.24,288.20,0.08
250,2024-02-02 21:00:00,16.92,11.76,12.08,12.92,80.80,8.88,0.00,1.64,291.40,0.08
250,2024-02-02 21:15:00,16.70,10.50,11.10,12.66,83.00,8.32,0.00,3.07,259.50,0.08
250,2024-02-02 21:30:00,16.49,9.51,10.80,12.34,85.50,8.47,0.00,2.31,242.60,0.08
250,2024-02-02 21:45:00,16.27,9.76,10.20,11.53,85.90,7.95,0.00,1.15,291.70,0.08
250,2024-02-02 22:00:00,16.05,9.37,9.94,11.00,88.70,8.16,0.00,0.66,317.50,0.08
250,2024-02-02 22:15:00,15.85,8.92,9.29,10.63,89.60,7.67,0.00,0.60,80.80,0.08
250,2024-02-02 22:30:00,15.65,8.34,8.71,10.11,90.30,7.21,0.00,0.94,43.42,0.08
250,2024-02-02 22:45:00,15.45,7.42,7.75,9.42,91.30,6.42,0.00,0.45,126.90,0.09
250,2024-02-02 23:00:00,15.26,6.97,7.88,9.01,92.40,6.72,0.00,0.82,313.70,0.09
250,2024-02-02 23:15:00,15.05,6.42,6.94,9.34,92.70,5.84,0.00,1.11,277.50,0.09
250,2024-02-02 23:30:00,14.86,6.78,7.45,8.94,93.50,6.47,0.00,1.23,259.20,0.08
250,2024-02-02 23:45:00,14.67,6.55,7.22,8.68,93.80,6.29,0.00,0.81,163.30,0.09
250,2024-02-03 00:00:00,14.49,6.59,6.76,7.90,94.00,5.86,0.00,0.41,222.60,0.09
250,2024-02-03 00:15:00,14.32,6.15,6.78,7.85,95.10,6.05,0.00,0.78,126.20,0.09
250,2024-02-03 00:30:00,14.15,6.26,6.65,7.77,94.90,5.89,0.00,1.10,70.49,0.08
250,2024-02-03 00:45:00,13.99,5.35,5.95,7.50,95.00,5.21,0.00,0.72,15.32,0.09
250,2024-02-03 01:00:00,13.83,5.20,5.98,7.24,95.70,5.35,0.00,1.20,190.70,0.09
250,2024-02-03 01:15:00,13.67,5.45,6.16,7.39,96.00,5.57,0.00,1.10,237.30,0.09
250,2024-02-03 01:30:00,13.52,5.10,5.09,7.43,96.20,4.53,0.00,0.48,256.30,0.08
250,2024-02-03 01:45:00,13.37,5.01,5.67,6.91,96.70,5.19,0.00,0.65,236.80,0.09
250,2024-02-03 02:00:00,13.23,4.98,5.13,6.89,96.30,4.59,0.00,0.87,298.90,0.09
250,2024-02-03 02:15:00,13.10,4.34,4.86,6.56,96.50,4.35,0.00,0.91,270.40,0.09
250,2024-02-03 02:30:00,12.97,4.42,5.02,6.43,97.00,4.58,0.00,1.74,224.90,0.10
250,2024-02-03 02:45:00,12.83,4.56,4.96,6.43,97.00,4.52,0.00,1.12,311.00,0.09
250,2024-02-03 03:00:00,12.70,4.38,4.71,6.08,97.00,4.27,0.00,0.66,342.90,0.10
250,2024-02-03 03:15:00,12.58,4.05,4.88,5.78,97.40,4.50,0.00,0.59,195.30,0.12
250,2024-02-03 03:30:00,12.46,3.88,4.20,5.94,96.70,3.72,0.00,1.02,245.70,0.10
250,2024-02-03 03:45:00,12.34,3.77,4.25,5.72,97.60,3.91,0.00,1.30,240.20,0.09
250,2024-02-03 04:00:00,12.21,4.27,4.43,5.38,97.00,3.99,0.00,0.87,200.10,0.09
250,2024-02-03 04:15:00,12.10,4.13,4.33,4.98,97.30,3.94,0.00,0.76,38.75,0.09
250,2024-02-03 04:30:00,11.99,3.57,3.94,4.69,97.40,3.57,0.00,0.39,124.00,0.09
250,2024-02-03 04:45:00,11.88,3.35,3.91,4.42,97.60,3.57,0.00,0.43,159.30,0.10
250,2024-02-03 05:00:00,11.77,2.91,3.69,4.56,97.50,3.33,0.00,1.05,210.50,0.10
250,2024-02-03 05:15:00,11.66,3.18,3.82,4.47,97.70,3.49,0.00,0.66,203.90,0.09
250,2024-02-03 05:30:00,11.55,3.14,3.58,4.35,97.70,3.25,0.00,0.77,191.10,0.09
250,2024-02-03 05:45:00,11.45,2.66,3.16,4.40,97.30,2.78,0.00,1.24,243.80,0.10
250,2024-02-03 06:00:00,11.35,2.64,3.10,4.43,98.00,2.81,0.00,1.60,240.60,0.09
250,2024-02-03 06:15:00,11.25,3.30,3.52,4.28,98.00,3.23,0.00,0.92,149.90,0.10
250,2024-02-03 06:30:00,11.15,3.40,3.18,3.92,97.60,2.83,0.00,0.62,213.70,0.10
250,2024-02-03 06:45:00,11.08,2.86,3.08,3.54,98.10,2.81,0.00,0.32,49.57,0.10
250,2024-02-03 07:00:00,10.99,2.44,2.71,3.47,97.80,2.40,0.00,0.71,215.00,0.25
250,2024-02-03 07:15:00,10.91,2.60,2.81,3.37,98.10,2.54,0.00,0.59,173.20,2.09
250,2024-02-03 07:30:00,10.82,2.76,2.98,3.69,98.20,2.72,0.00,1.29,197.60,8.98
250,2024-02-03 07:45:00,10.75,2.95,3.07,3.61,98.30,2.82,0.00,1.34,227.20,24.63
250,2024-02-03 08:00:00,10.70,3.52,3.59,3.85,98.50,3.37,0.00,1.57,253.40,54.57
250,2024-02-03 08:15:00,10.67,4.60,5.27,4.91,98.90,5.12,0.00,1.45,199.30,135.00
250,2024-02-03 08:30:00,10.66,6.67,6.66,6.36,99.00,6.51,0.00,1.10,147.10,184.00
250,2024-02-03 08:45:00,10.72,8.51,8.27,7.83,98.90,8.11,0.00,0.77,146.60,231.40
250,2024-02-03 09:00:00,10.86,10.18,9.42,9.55,98.50,9.20,0.00,0.76,124.30,270.00
250,2024-02-03 09:15:00,11.10,12.09,11.83,11.34,98.30,11.57,0.00,1.21,51.62,303.90
250,2024-02-03 09:30:00,11.41,13.55,12.72,12.65,95.70,12.05,0.00,2.12,324.10,353.80
250,2024-02-03 09:45:00,11.79,14.41,13.43,13.29,90.50,11.91,0.00,3.01,351.50,330.30
250,2024-02-03 10:00:00,12.20,15.40,14.69,14.26,77.85,10.87,0.00,1.99,351.40,380.10
250,2024-02-03 10:15:00,12.64,16.37,15.62,15.23,67.52,9.63,0.00,2.30,5.91,445.40
250,2024-02-03 10:30:00,13.13,16.96,16.06,16.00,62.88,8.99,0.00,3.63,44.43,443.50
250,2024-02-03 10:45:00,13.65,16.05,15.99,15.46,62.77,8.90,0.00,5.43,55.42,283.70
250,2024-02-03 11:00:00,14.04,17.65,17.36,16.45,56.62,8.66,0.00,5.20,59.67,550.90
250,2024-02-03 11:15:00,14.46,18.27,17.22,17.31,50.06,6.73,0.00,6.42,63.22,356.20
250,2024-02-03 11:30:00,14.93,18.94,18.37,17.98,42.27,5.33,0.00,4.74,63.62,522.60
250,2024-02-03 11:45:00,15.32,19.71,19.23,18.54,40.53,5.50,0.00,6.94,61.80,606.20
250,2024-02-03 12:00:00,15.79,20.48,19.88,19.27,37.64,5.02,0.00,7.37,75.96,611.30
250,2024-02-03 12:15:00,16.28,21.07,20.37,19.79,35.45,4.59,0.00,7.56,78.15,629.50
250,2024-02-03 12:30:00,16.76,21.11,20.44,19.89,37.04,5.28,0.00,7.73,68.58,597.90
250,2024-02-03 12:45:00,17.19,21.56,20.59,20.42,37.55,5.61,0.00,5.22,110.50,641.00
250,2024-02-03 13:00:00,17.59,21.39,20.83,20.40,40.94,7.08,0.00,6.07,130.20,635.10
250,2024-02-03 13:15:00,17.96,22.05,21.43,20.79,40.27,7.38,0.00,6.59,96.50,626.10
250,2024-02-03 13:30:00,18.25,22.19,21.56,21.15,41.91,8.08,0.00,6.46,111.70,608.20
250,2024-02-03 13:45:00,18.52,22.32,21.47,21.22,40.22,7.40,0.00,6.69,100.60,592.50
250,2024-02-03 14:00:00,18.75,22.78,21.82,21.56,39.53,7.46,0.00,7.35,81.90,591.80
250,2024-02-03 14:15:00,18.96,22.96,21.80,21.71,42.57,8.53,0.00,6.04,79.28,557.30
250,2024-02-03 14:30:00,19.18,22.82,22.05,21.77,39.76,7.75,0.00,6.99,87.80,523.70
250,2024-02-03 14:45:00,19.39,22.97,22.36,22.01,40.78,8.40,0.00,7.26,84.80,479.10
250,2024-02-03 15:00:00,19.59,22.83,22.31,21.94,40.57,8.28,0.00,6.53,78.63,463.00
250,2024-02-03 15:15:00,19.78,23.12,22.19,22.13,42.40,8.82,0.00,6.90,71.54,441.00
250,2024-02-03 15:30:00,19.94,23.14,22.04,22.20,43.15,8.95,0.00,6.67,49.29,398.80
250,2024-02-03 15:45:00,20.09,22.74,22.16,21.89,43.55,9.19,0.00,8.66,58.22,362.80
250,2024-02-03 16:00:00,20.20,22.87,22.19,22.15,43.22,9.10,0.00,7.70,55.66,318.80
250,2024-02-03 16:15:00,20.27,22.70,22.05,22.10,42.34,8.67,0.00,8.15,68.57,272.00
250,2024-02-03 16:30:00,20.30,22.60,21.97,22.09,43.06,8.85,0.00,7.50,68.84,245.80
250,2024-02-03 16:45:00,20.29,22.49,21.97,21.98,43.37,8.96,0.00,8.18,64.18,210.20
250,2024-02-03 17:00:00,20.24,22.30,21.74,21.93,43.94,8.94,0.00,6.91,76.01,170.60
250,2024-02-03 17:15:00,20.17,21.96,21.43,21.72,44.70,8.92,0.00,6.42,67.52,131.90
250,2024-02-03 17:30:00,20.07,21.46,20.83,21.39,47.66,9.32,0.00,6.58,71.25,76.29
250,2024-02-03 17:45:00,19.92,20.53,20.05,20.78,50.77,9.54,0.00,4.39,75.78,33.67
250,2024-02-03 18:00:00,19.74,19.51,19.54,20.15,51.68,9.34,0.00,4.93,71.75,9.77
250,2024-02-03 18:15:00,19.52,19.15,18.89,19.75,53.91,9.36,0.00,4.73,81.10,3.03
250,2024-02-03 18:30:00,19.28,18.63,18.61,19.31,55.53,9.54,0.00,4.10,79.68,0.55
250,2024-02-03 18:45:00,19.03,18.10,18.08,18.89,58.05,9.71,0.00,3.59,84.00,0.09
250,2024-02-03 19:00:00,18.78,17.84,17.77,18.59,60.11,9.94,0.00,3.73,80.80,0.08
250,2024-02-03 19:15:00,18.55,17.55,17.66,18.30,61.37,10.14,0.00,4.54,77.79,0.08
250,2024-02-03 19:30:00,18.33,17.44,17.59,18.11,62.57,10.37,0.00,5.46,70.19,0.08
250,2024-02-03 19:45:00,18.12,17.37,17.24,17.78,68.66,11.43,0.00,7.22,65.52,0.08
250,2024-02-03 20:00:00,17.95,17.04,16.80,17.29,72.34,11.80,0.00,7.33,58.77,0.08
250,2024-02-03 20:15:00,17.80,16.60,16.30,16.76,80.10,12.87,0.00,9.83,59.32,0.08
250,2024-02-03 20:30:00,17.67,16.19,15.85,16.32,83.30,13.02,0.00,9.03,56.72,0.08
250,2024-02-03 20:45:00,17.55,15.79,15.44,15.90,85.40,13.00,0.00,9.44,62.00,0.08
250,2024-02-03 21:00:00,17.43,15.40,15.05,15.51,87.10,12.92,0.00,8.50,60.81,0.08
250,2024-02-03 21:15:00,17.30,15.04,14.82,15.15,88.60,12.96,0.00,8.21,62.57,0.08
250,2024-02-03 21:30:00,17.17,14.77,14.55,14.88,89.70,12.88,0.00,8.12,65.45,0.08
250,2024-02-03 21:45:00,17.05,14.52,14.29,14.65,90.40,12.74,0.00,7.69,65.50,0.08
250,2024-02-03 22:00:00,16.90,14.32,14.09,14.44,91.00,12.64,0.00,5.41,66.99,0.08
250,2024-02-03 22:15:00,16.78,14.10,13.92,14.29,91.60,12.58,0.00,4.17,59.90,0.08
250,2024-02-03 22:30:00,16.65,14.03,13.88,14.19,91.90,12.59,0.00,3.59,54.73,0.08
250,2024-02-03 22:45:00,16.52,13.92,13.74,14.09,92.40,12.53,0.00,4.57,51.77,0.08
250,2024-02-03 23:00:00,16.43,13.93,13.75,14.03,92.70,12.59,0.00,5.21,54.17,0.08
250,2024-02-03 23:15:00,16.34,13.90,13.67,14.00,92.80,12.53,0.00,3.80,49.49,0.08
250,2024-02-03 23:30:00,16.25,13.81,13.67,13.93,93.20,12.59,0.00,4.12,52.61,0.08
250,2024-02-03 23:45:00,16.18,13.75,13.60,13.86,93.60,12.59,0.00,4.90,55.79,0.08
250,2024-02-04 00:00:00,16.10,13.75,13.54,13.82,93.70,12.54,0.00,3.38,50.13,0.09
250,2024-02-04 00:15:00,16.04,13.56,13.38,13.70,93.80,12.40,0.00,3.24,46.75,0.08
250,2024-02-04 00:30:00,15.96,13.56,13.36,13.65,94.10,12.43,0.00,3.22,49.88,0.08
250,2024-02-04 00:45:00,15.89,13.66,13.46,13.69,94.10,12.53,0.00,3.39,51.48,0.08
250,2024-02-04 01:00:00,15.84,13.71,13.50,13.79,94.00,12.55,0.00,4.82,64.04,0.08
250,2024-02-04 01:15:00,15.80,13.75,13.60,13.87,93.80,12.62,0.00,3.66,72.73,0.08
250,2024-02-04 01:30:00,15.74,13.82,13.58,13.92,93.40,12.54,0.00,4.32,65.73,0.08
250,2024-02-04 01:45:00,15.69,13.89,13.84,13.99,92.90,12.71,0.00,5.35,71.66,0.08
250,2024-02-04 02:00:00,15.64,14.11,13.89,14.20,92.10,12.63,0.00,3.78,86.70,0.08
250,2024-02-04 02:15:00,15.59,14.14,13.98,14.27,91.70,12.65,0.00,1.97,97.60,0.08
250,2024-02-04 02:30:00,15.56,14.17,14.01,14.26,91.50,12.65,0.00,2.80,87.50,0.08
250,2024-02-04 02:45:00,15.55,14.02,13.84,14.21,91.40,12.46,0.00,3.02,78.75,0.08
250,2024-02-04 03:00:00,15.52,13.82,13.80,14.08,91.50,12.44,0.00,1.37,67.58,0.08
250,2024-02-04 03:15:00,15.48,13.83,13.85,14.08,91.90,12.56,0.00,1.80,51.15,0.08
250,2024-02-04 03:30:00,15.45,14.05,13.91,14.19,91.70,12.58,0.00,2.08,78.13,0.08
250,2024-02-04 03:45:00,15.44,14.27,14.16,14.37,91.50,12.80,0.00,1.76,118.80,0.08
250,2024-02-04 04:00:00,15.45,14.41,14.21,14.46,91.30,12.81,0.00,1.12,69.35,0.08
250,2024-02-04 04:15:00,15.46,14.46,14.35,14.59,91.20,12.93,0.00,1.97,87.90,0.08
250,2024-02-04 04:30:00,15.47,14.66,14.43,14.71,90.60,12.91,0.00,0.86,98.10,0.08
250,2024-02-04 04:45:00,15.49,14.63,14.36,14.74,90.90,12.89,0.00,0.93,259.90,0.08
250,2024-02-04 05:00:00,15.50,14.52,14.35,14.71,91.30,12.95,0.00,0.99,31.76,0.08
250,2024-02-04 05:15:00,15.51,14.51,14.32,14.69,91.50,12.95,0.00,0.46,112.40,0.08
250,2024-02-04 05:30:00,15.53,14.45,14.23,14.66,92.30,13.00,0.00,2.15,59.60,0.08
250,2024-02-04 05:45:00,15.54,14.56,14.49,14.78,91.90,13.19,0.00,2.61,72.62,0.08
250,2024-02-04 06:00:00,15.53,14.83,14.76,15.02,91.20,13.34,0.00,2.44,80.60,0.08
250,2024-02-04 06:15:00,15.54,15.38,15.41,15.55,89.50,13.69,0.00,3.80,93.10,0.08
250,2024-02-04 06:30:00,15.54,15.74,15.58,15.88,88.60,13.71,0.00,2.84,107.10,0.08
250,2024-02-04 06:45:00,15.54,15.73,15.66,15.94,88.70,13.80,0.00,3.01,95.00,0.08
250,2024-02-04 07:00:00,15.53,16.01,15.92,16.17,87.70,13.88,0.00,4.49,94.60,0.10
250,2024-02-04 07:15:00,15.54,16.23,16.08,16.38,87.30,13.97,0.00,4.51,101.30,0.41
250,2024-02-04 07:30:00,15.54,16.40,16.26,16.52,86.90,14.08,0.00,4.79,104.40,1.96
250,2024-02-04 07:45:00,15.55,16.64,16.60,16.75,86.60,14.36,0.00,5.95,98.90,7.51
250,2024-02-04 08:00:00,15.56,16.84,16.67,16.91,86.70,14.44,0.00,5.30,100.60,12.99
250,2024-02-04 08:15:00,15.59,17.04,16.84,17.09,86.90,14.65,0.00,5.18,105.60,20.34
250,2024-02-04 08:30:00,15.63,17.19,17.01,17.19,87.20,14.87,0.00,4.13,103.30,29.48
250,2024-02-04 08:45:00,15.68,17.40,17.21,17.39,86.80,14.99,0.00,5.05,102.80,26.89
250,2024-02-04 09:00:00,15.73,17.53,17.29,17.51,86.90,15.09,0.00,3.61,121.20,26.57
250,2024-02-04 09:15:00,15.80,17.66,17.41,17.62,87.20,15.26,0.00,3.71,132.50,27.79
250,2024-02-04 09:30:00,15.87,17.55,17.22,17.56,89.10,15.41,0.00,3.72,125.60,31.70
250,2024-02-04 09:45:00,15.93,17.34,17.04,17.30,90.90,15.54,0.00,4.28,109.30,43.95
250,2024-02-04 10:00:00,16.01,17.51,17.29,17.43,91.10,15.82,0.00,4.81,112.30,79.64
250,2024-02-04 10:15:00,16.08,17.95,17.70,17.80,90.20,16.07,0.00,5.14,114.40,116.00
250,2024-02-04 10:30:00,16.18,18.40,18.08,18.24,88.60,16.17,0.00,5.91,121.50,105.20
250,2024-02-04 10:45:00,16.31,18.60,18.30,18.48,87.80,16.24,0.00,5.98,134.40,79.48
250,2024-02-04 11:00:00,16.41,18.62,18.33,18.53,88.50,16.40,0.01,6.65,145.40,90.60
250,2024-02-04 11:15:00,16.50,18.68,18.38,18.50,89.70,16.66,0.01,6.76,144.40,158.60
250,2024-02-04 11:30:00,16.63,18.65,18.27,18.50,90.00,16.60,0.01,8.17,143.10,114.60
250,2024-02-04 11:45:00,16.77,18.50,18.14,18.32,91.00,16.65,0.01,8.36,136.60,96.20
250,2024-02-04 12:00:00,16.88,18.40,18.10,18.24,91.80,16.75,0.02,10.41,110.00,158.30
250,2024-02-04 12:15:00,16.98,18.72,18.89,18.46,91.50,17.48,0.00,9.58,117.60,351.80
250,2024-02-04 12:30:00,17.17,19.74,19.49,19.14,88.40,17.52,0.00,8.68,134.50,547.50
250,2024-02-04 12:45:00,17.54,20.10,19.53,19.71,83.30,16.62,0.00,15.38,152.50,417.60
250,2024-02-04 13:00:00,17.91,20.40,20.14,20.05,80.10,16.60,0.00,16.32,154.40,478.30
250,2024-02-04 13:15:00,18.14,21.51,21.44,20.95,70.40,15.84,0.00,13.98,160.10,623.60
250,2024-02-04 13:30:00,18.39,21.00,20.52,20.74,73.75,15.68,0.00,15.43,152.20,192.30
250,2024-02-04 13:45:00,18.54,21.05,20.49,20.73,73.07,15.50,0.00,13.70,163.60,243.90
250,2024-02-04 14:00:00,18.61,20.82,20.44,20.58,73.32,15.51,0.00,13.87,167.00,170.40
250,2024-02-04 14:15:00,18.64,20.90,20.56,20.63,71.01,15.13,0.00,12.52,161.60,216.20
250,2024-02-04 14:30:00,18.67,21.10,20.82,20.78,70.22,15.20,0.00,12.97,159.30,349.90
250,2024-02-04 14:45:00,18.74,21.65,21.61,21.16,69.23,15.74,0.00,11.32,161.50,483.20
250,2024-02-04 15:00:00,18.85,22.40,21.54,21.76,68.90,15.59,0.00,11.03,159.10,466.20
250,2024-02-04 15:15:00,19.04,21.72,21.95,21.42,70.05,16.25,0.00,10.62,167.80,240.00
250,2024-02-04 15:30:00,19.18,23.15,22.73,22.38,65.04,15.83,0.00,13.78,178.80,446.60
250,2024-02-04 15:45:00,19.36,23.15,22.58,22.36,65.88,15.89,0.00,12.19,180.20,422.60
250,2024-02-04 16:00:00,19.57,22.96,22.00,22.30,68.33,15.90,0.00,12.68,184.50,273.80
250,2024-02-04 16:15:00,19.75,22.44,22.21,22.02,67.90,16.01,0.00,13.34,192.10,236.90
250,2024-02-04 16:30:00,19.83,22.83,22.19,22.23,65.94,15.53,0.00,14.59,205.00,256.20
250,2024-02-04 16:45:00,19.87,21.95,21.51,21.98,67.88,15.33,0.00,13.97,213.80,67.46
250,2024-02-04 17:00:00,19.82,21.88,21.68,21.82,62.63,14.25,0.00,13.70,217.50,135.40
250,2024-02-04 17:15:00,19.70,21.54,20.95,21.57,66.22,14.42,0.00,17.58,240.60,62.73
250,2024-02-04 17:30:00,19.59,20.99,20.68,21.16,67.89,14.54,0.00,14.57,230.10,24.41
250,2024-02-04 17:45:00,19.45,20.69,20.39,20.91,68.88,14.49,0.00,12.37,215.30,19.49
250,2024-02-04 18:00:00,19.30,20.37,20.14,20.61,69.57,14.41,0.00,11.29,238.10,15.94
250,2024-02-04 18:15:00,19.15,20.02,19.70,20.35,70.89,14.27,0.00,11.32,235.00,4.05
250,2024-02-04 18:30:00,18.99,19.80,19.54,20.17,70.01,13.93,0.00,11.98,240.50,0.41
250,2024-02-04 18:45:00,18.83,18.90,18.54,19.46,70.27,13.03,0.01,11.99,272.00,0.08
250,2024-02-04 19:00:00,18.65,18.04,17.50,18.59,66.18,11.12,0.01,12.13,222.90,0.09
250,2024-02-04 19:15:00,18.42,17.35,17.29,18.17,65.64,10.80,0.00,12.43,232.50,0.08
250,2024-02-04 19:30:00,18.14,16.35,16.29,17.19,73.41,11.53,0.00,10.11,258.60,0.08
250,2024-02-04 19:45:00,17.85,16.09,15.84,16.77,76.74,11.77,0.00,8.59,242.10,0.08
250,2024-02-04 20:00:00,17.59,15.30,15.27,16.33,78.33,11.52,0.00,7.79,244.10,0.08
250,2024-02-04 20:15:00,17.35,15.13,14.93,15.95,82.40,11.96,0.00,8.44,237.80,0.08
250,2024-02-04 20:30:00,17.11,14.51,14.21,15.44,85.10,11.74,0.00,7.02,241.40,0.08
250,2024-02-04 20:45:00,16.88,13.89,13.91,15.28,86.20,11.64,0.00,4.84,237.50,0.08
250,2024-02-04 21:00:00,16.65,13.78,13.57,14.96,86.90,11.43,0.00,4.55,212.30,0.08
250,2024-02-04 21:15:00,16.43,13.32,13.30,14.60,88.90,11.51,0.00,4.22,213.80,0.08
250,2024-02-04 21:30:00,16.23,12.80,12.79,14.51,88.80,10.99,0.00,3.50,209.70,0.08
250,2024-02-04 21:45:00,16.03,12.39,12.51,14.06,89.30,10.80,0.00,3.26,183.30,0.08
250,2024-02-04 22:00:00,15.84,12.07,12.24,13.46,90.40,10.72,0.00,3.42,215.30,0.08
250,2024-02-04 22:15:00,15.66,11.32,11.33,13.08,91.60,10.01,0.00,5.10,228.80,0.08
250,2024-02-04 22:30:00,15.48,11.10,11.40,13.23,92.60,10.24,0.00,5.93,227.00,0.08
250,2024-02-04 22:45:00,15.29,10.91,11.51,13.21,93.40,10.48,0.00,6.43,230.40,0.08
250,2024-02-04 23:00:00,15.12,11.83,12.29,13.20,93.30,11.24,0.00,7.36,240.50,0.08
250,2024-02-04 23:15:00,14.96,12.09,12.06,13.52,91.20,10.67,0.00,6.19,249.90,0.08
250,2024-02-04 23:30:00,14.83,11.41,11.74,13.33,91.20,10.35,0.00,5.07,243.20,0.08
250,2024-02-04 23:45:00,14.69,10.95,11.05,13.04,91.90,9.78,0.00,4.11,219.20,0.08
250,2024-02-05 00:00:00,14.55,10.96,11.19,12.76,92.40,10.00,0.00,3.12,206.60,0.08
250,2024-02-05 00:15:00,14.42,10.65,10.74,12.23,93.20,9.69,0.00,2.86,208.60,0.08
250,2024-02-05 00:30:00,14.31,10.30,10.64,11.67,93.70,9.67,0.00,1.71,214.80,0.08
250,2024-02-05 00:45:00,14.18,10.25,10.65,11.48,94.40,9.79,0.00,2.52,108.30,0.08
250,2024-02-05 01:00:00,14.07,9.96,9.93,11.33,93.80,8.98,0.00,1.51,102.20,0.08
250,2024-02-05 01:15:00,13.96,9.11,9.23,10.68,95.20,8.50,0.00,1.16,349.60,0.07
250,2024-02-05 01:30:00,13.84,9.23,9.59,10.38,95.50,8.91,0.00,0.74,135.70,0.07
250,2024-02-05 01:45:00,13.73,8.77,9.07,10.24,95.80,8.44,0.00,0.80,223.60,0.07
250,2024-02-05 02:00:00,13.63,8.55,9.16,10.04,96.30,8.60,0.00,0.62,163.70,0.08
250,2024-02-05 02:15:00,13.52,8.70,8.95,9.93,96.00,8.35,0.00,0.88,68.91,0.08
250,2024-02-05 02:30:00,13.41,8.58,8.82,9.70,96.90,8.35,0.00,2.39,153.20,0.07
250,2024-02-05 02:45:00,13.30,8.64,8.68,9.52,96.70,8.18,0.00,1.56,107.10,0.07
250,2024-02-05 03:00:00,13.20,8.74,9.07,9.54,97.10,8.63,0.00,1.48,102.70,0.08
250,2024-02-05 03:15:00,13.11,8.69,8.56,9.48,96.40,8.02,0.00,0.95,108.50,0.08
250,2024-02-05 03:30:00,13.03,7.76,7.96,9.32,97.00,7.51,0.00,1.01,190.50,0.07
250,2024-02-05 03:45:00,12.94,7.76,8.02,9.02,97.40,7.63,0.00,0.57,141.20,0.08
250,2024-02-05 04:00:00,12.84,7.96,8.22,9.04,97.30,7.82,0.00,0.84,122.90,0.08
250,2024-02-05 04:15:00,12.77,8.28,8.39,8.99,97.30,7.99,0.00,1.04,115.60,0.08
250,2024-02-05 04:30:00,12.71,8.41,8.71,8.99,97.60,8.35,0.00,1.52,76.35,0.08
250,2024-02-05 04:45:00,12.66,8.73,8.39,9.25,97.00,7.94,0.00,0.96,93.30,0.07
250,2024-02-05 05:00:00,12.63,8.35,8.51,9.16,97.80,8.18,0.00,1.32,325.30,0.08
250,2024-02-05 05:15:00,12.61,8.75,8.71,9.07,97.70,8.37,0.00,0.78,19.64,0.08
250,2024-02-05 05:30:00,12.59,9.02,9.16,9.51,97.90,8.85,0.00,1.62,84.00,0.08
250,2024-02-05 05:45:00,12.58,9.86,9.97,10.06,98.00,9.67,0.00,1.59,136.70,0.08
250,2024-02-05 06:00:00,12.57,10.11,9.66,10.20,97.40,9.27,0.00,2.43,157.30,0.08
250,2024-02-05 06:15:00,12.59,9.95,9.97,10.18,97.90,9.65,0.00,1.79,105.00,0.08
250,2024-02-05 06:30:00,12.60,10.09,9.93,10.22,97.80,9.60,0.00,1.35,77.89,0.08
250,2024-02-05 06:45:00,12.61,10.20,10.16,10.39,97.90,9.84,0.00,1.97,72.59,0.08
250,2024-02-05 07:00:00,12.62,10.18,9.93,10.46,97.50,9.55,0.00,1.02,79.32,0.15
250,2024-02-05 07:15:00,12.60,9.72,9.80,10.40,97.80,9.47,0.00,1.48,75.37,1.33
250,2024-02-05 07:30:00,12.53,9.29,9.63,10.54,97.90,9.31,0.00,1.76,78.15,5.98
250,2024-02-05 07:45:00,12.46,10.37,10.61,10.75,98.20,10.34,0.00,2.86,84.10,9.81
250,2024-02-05 08:00:00,12.43,10.87,10.74,10.96,98.00,10.44,0.00,1.73,92.00,21.75
250,2024-02-05 08:15:00,12.43,10.95,10.83,11.01,98.00,10.53,0.00,1.14,78.89,33.75
250,2024-02-05 08:30:00,12.48,11.13,10.95,11.12,98.00,10.65,0.00,1.21,129.60,53.09
250,2024-02-05 08:45:00,12.53,11.29,11.03,11.22,97.90,10.71,0.00,1.72,82.50,54.55
250,2024-02-05 09:00:00,12.60,11.55,11.29,11.37,97.90,10.97,0.00,1.91,100.00,89.50
250,2024-02-05 09:15:00,12.72,11.78,11.46,11.54,98.00,11.16,0.00,1.35,103.50,99.40
250,2024-02-05 09:30:00,12.89,12.14,11.66,11.81,97.60,11.29,0.00,2.75,122.30,103.80
250,2024-02-05 09:45:00,13.07,12.36,11.97,11.98,97.60,11.60,0.00,2.86,130.10,153.40
250,2024-02-05 10:00:00,13.28,12.73,12.27,12.33,97.50,11.89,0.00,1.88,128.50,154.30
250,2024-02-05 10:15:00,13.51,13.01,12.42,12.65,96.80,11.93,0.00,1.78,164.30,121.40
250,2024-02-05 10:30:00,13.73,13.15,12.69,12.84,96.20,12.10,0.00,4.38,157.00,110.90
250,2024-02-05 10:45:00,13.89,13.50,13.10,13.16,95.50,12.40,0.00,2.68,172.50,114.10
250,2024-02-05 11:00:00,14.01,13.79,13.21,13.45,94.10,12.28,0.00,1.71,123.50,77.80
250,2024-02-05 11:15:00,14.13,13.72,13.33,13.49,93.40,12.29,0.00,3.43,108.20,68.04
250,2024-02-05 11:30:00,14.22,13.79,13.44,13.55,93.00,12.33,0.00,2.23,119.50,102.50
250,2024-02-05 11:45:00,14.30,14.04,13.72,13.76,91.80,12.41,0.01,3.78,165.10,138.40
250,2024-02-05 12:00:00,14.42,14.44,14.08,14.14,89.10,12.31,0.00,3.11,153.20,139.50
250,2024-02-05 12:15:00,14.55,14.95,14.67,14.65,88.00,12.70,0.00,2.45,140.80,170.50
250,2024-02-05 12:30:00,14.70,15.23,14.64,14.86,87.30,12.55,0.00,4.14,80.60,185.40
250,2024-02-05 12:45:00,14.88,15.26,14.72,14.88,87.50,12.67,0.00,5.33,50.41,222.50
250,2024-02-05 13:00:00,15.07,15.17,14.73,14.76,88.30,12.82,0.00,3.96,45.71,205.40
250,2024-02-05 13:15:00,15.26,15.15,14.80,14.79,87.90,12.82,0.00,3.78,36.66,132.60
250,2024-02-05 13:30:00,15.40,15.32,14.84,14.97,86.10,12.54,0.00,2.83,48.37,129.10
250,2024-02-05 13:45:00,15.48,15.48,15.23,15.20,86.50,12.99,0.00,2.61,36.74,126.50
250,2024-02-05 14:00:00,15.56,16.08,15.75,15.66,85.00,13.24,0.00,2.38,8.07,224.00
250,2024-02-05 14:15:00,15.68,16.72,16.03,16.13,82.90,13.13,0.00,3.02,10.72,286.50
250,2024-02-05 14:30:00,15.89,17.28,16.83,16.58,81.60,13.67,0.00,3.29,12.63,275.00
250,2024-02-05 14:45:00,16.12,17.60,17.09,16.98,79.87,13.59,0.00,3.84,35.45,260.80
250,2024-02-05 15:00:00,16.34,17.92,17.45,17.29,73.73,12.71,0.00,6.37,45.87,337.90
250,2024-02-05 15:15:00,16.55,18.13,17.32,17.47,73.89,12.62,0.00,5.63,17.20,287.30
250,2024-02-05 15:30:00,16.75,17.61,16.98,17.15,77.93,13.11,0.00,6.67,10.21,159.80
250,2024-02-05 15:45:00,16.87,17.43,16.90,16.97,77.33,12.91,0.00,6.06,15.94,183.80
250,2024-02-05 16:00:00,16.91,17.48,16.98,17.04,74.25,12.37,0.00,6.24,27.12,187.80
250,2024-02-05 16:15:00,16.95,17.39,16.77,16.93,77.82,12.88,0.00,5.60,30.13,184.60
250,2024-02-05 16:30:00,16.99,16.66,16.05,16.35,82.00,12.98,0.00,4.54,24.73,98.20
250,2024-02-05 16:45:00,16.98,16.35,16.03,16.15,82.30,13.02,0.00,4.88,17.40,85.50
250,2024-02-05 17:00:00,16.89,16.40,16.08,16.25,81.30,12.88,0.00,5.72,16.02,72.56
250,2024-02-05 17:15:00,16.79,16.34,16.00,16.24,81.30,12.80,0.00,5.35,18.15,45.89
250,2024-02-05 17:30:00,16.67,16.24,15.84,16.16,79.89,12.38,0.00,5.77,33.28,31.95
250,2024-02-05 17:45:00,16.55,15.83,15.41,15.79,80.70,12.11,0.00,7.23,43.02,24.49
250,2024-02-05 18:00:00,16.41,15.43,15.10,15.42,82.60,12.16,0.00,7.67,44.84,11.04
250,2024-02-05 18:15:00,16.27,15.21,14.86,15.19,84.10,12.20,0.00,7.78,39.26,2.56
250,2024-02-05 18:30:00,16.12,15.02,14.69,15.01,84.90,12.18,0.00,5.86,26.65,0.49
250,2024-02-05 18:45:00,15.98,14.74,14.40,14.74,85.80,12.05,0.00,5.07,29.33,0.11
250,2024-02-05 19:00:00,15.85,14.55,14.25,14.50,86.20,11.98,0.00,6.22,24.89,0.08
250,2024-02-05 19:15:00,15.74,14.36,13.88,14.28,86.80,11.72,0.00,8.25,19.38,0.08
250,2024-02-05 19:30:00,15.64,13.87,13.40,13.77,88.20,11.49,0.00,8.48,17.41,0.08
250,2024-02-05 19:45:00,15.55,13.55,13.26,13.44,88.70,11.44,0.00,7.30,17.17,0.08
250,2024-02-05 20:00:00,15.46,13.34,12.95,13.22,88.90,11.16,0.00,7.39,14.41,0.08
250,2024-02-05 20:15:00,15.37,13.14,12.78,13.02,89.10,11.03,0.00,6.75,17.38,0.09
250,2024-02-05 20:30:00,15.28,12.90,12.51,12.78,89.00,10.75,0.00,6.88,15.95,0.08
250,2024-02-05 20:45:00,15.19,12.63,12.24,12.51,88.60,10.41,0.00,8.32,3.61,0.08
250,2024-02-05 21:00:00,15.10,12.55,12.24,12.44,86.90,10.12,0.00,8.56,2.67,0.08
250,2024-02-05 21:15:00,15.01,12.45,12.14,12.36,86.90,10.02,0.00,9.60,1.60,0.08
250,2024-02-05 21:30:00,14.90,12.29,11.90,12.18,88.10,9.99,0.00,8.34,358.40,0.08
250,2024-02-05 21:45:00,14.81,12.01,11.67,11.92,89.50,10.00,0.00,8.94,359.20,0.08
250,2024-02-05 22:00:00,14.71,11.77,11.44,11.67,90.20,9.89,0.00,9.81,356.80,0.08
250,2024-02-05 22:15:00,14.62,11.68,11.37,11.58,90.70,9.90,0.00,8.71,3.67,0.08
250,2024-02-05 22:30:00,14.53,11.57,11.30,11.47,90.20,9.75,0.00,10.09,3.92,0.08
250,2024-02-05 22:45:00,14.43,11.52,11.29,11.43,90.00,9.71,0.00,9.90,5.07,0.08
250,2024-02-05 23:00:00,14.34,11.51,11.20,11.42,90.80,9.75,0.00,9.47,359.80,0.08
250,2024-02-05 23:15:00,14.26,11.40,11.09,11.32,90.50,9.60,0.00,10.81,349.70,0.08
250,2024-02-05 23:30:00,14.17,11.39,11.18,11.30,89.60,9.54,0.00,10.17,353.20,0.08
250,2024-02-05 23:45:00,14.09,11.38,11.06,11.28,89.80,9.45,0.00,9.41,350.20,0.08
250,2024-02-06 00:00:00,14.02,11.26,10.98,11.16,90.30,9.45,0.00,10.46,357.80,0.09
250,2024-02-06 00:15:00,13.96,11.24,11.00,11.14,89.50,9.34,0.00,9.85,0.57,0.08
250,2024-02-06 00:30:00,13.90,11.20,10.94,11.09,89.10,9.22,0.00,10.80,1.09,0.08
250,2024-02-06 00:45:00,13.83,11.13,10.78,11.02,88.60,8.97,0.00,11.34,357.70,0.08
250,2024-02-06 01:00:00,13.77,10.92,10.52,10.81,89.70,8.90,0.00,9.92,5.11,0.08
250,2024-02-06 01:15:00,13.72,10.84,10.64,10.73,89.30,8.95,0.00,9.05,6.34,0.08
250,2024-02-06 01:30:00,13.66,10.93,10.69,10.83,87.30,8.67,0.00,7.97,9.69,0.08
250,2024-02-06 01:45:00,13.60,11.02,10.79,10.93,85.80,8.51,0.00,8.34,4.34,0.08
250,2024-02-06 02:00:00,13.55,11.11,10.92,11.03,84.30,8.38,0.00,8.46,2.17,0.08
250,2024-02-06 02:15:00,13.50,11.19,10.94,11.11,83.00,8.17,0.00,9.68,358.70,0.08
250,2024-02-06 02:30:00,13.45,11.22,11.02,11.15,82.60,8.17,0.00,9.58,0.90,0.08
250,2024-02-06 02:45:00,13.40,11.31,11.08,11.25,81.40,8.02,0.00,8.48,3.70,0.08
250,2024-02-06 03:00:00,13.36,11.32,11.09,11.26,80.80,7.92,0.00,8.31,358.10,0.08
250,2024-02-06 03:15:00,13.32,11.38,11.15,11.32,80.90,8.00,0.00,10.41,350.50,0.08
250,2024-02-06 03:30:00,13.28,11.35,11.10,11.29,80.50,7.87,0.00,9.96,349.10,0.08
250,2024-02-06 03:45:00,13.25,11.24,10.85,11.17,83.00,8.08,0.00,10.57,356.50,0.08
250,2024-02-06 04:00:00,13.21,10.84,10.64,10.79,85.60,8.33,0.00,8.31,9.20,0.08
250,2024-02-06 04:15:00,13.17,10.80,10.59,10.74,86.60,8.45,0.00,7.85,357.60,0.08
250,2024-02-06 04:30:00,13.12,10.91,10.68,10.84,85.80,8.40,0.00,8.57,352.10,0.08
250,2024-02-06 04:45:00,13.09,10.70,10.44,10.73,86.80,8.34,0.00,9.49,348.50,0.08
250,2024-02-06 05:00:00,13.02,10.62,10.45,10.62,85.00,8.04,0.00,8.89,343.50,0.08
250,2024-02-06 05:15:00,12.94,10.80,10.67,10.78,83.30,7.96,0.00,10.28,342.00,0.08
250,2024-02-06 05:30:00,12.88,10.74,10.47,10.76,83.30,7.76,0.00,8.64,340.60,0.08
250,2024-02-06 05:45:00,12.83,10.47,10.28,10.57,83.90,7.68,0.00,9.09,342.40,0.08
250,2024-02-06 06:00:00,12.74,10.31,10.07,10.44,83.20,7.35,0.00,9.51,343.80,0.08
250,2024-02-06 06:15:00,12.63,10.18,10.04,10.29,81.80,7.07,0.00,9.73,344.90,0.08
250,2024-02-06 06:30:00,12.51,10.03,9.82,10.17,81.60,6.82,0.00,8.67,345.20,0.08
250,2024-02-06 06:45:00,12.39,9.92,9.73,10.07,81.10,6.65,0.00,8.86,345.70,0.08
250,2024-02-06 07:00:00,12.27,9.76,9.59,9.92,80.80,6.46,0.00,9.71,343.20,0.19
250,2024-02-06 07:15:00,12.15,9.64,9.50,9.80,80.30,6.28,0.00,9.29,346.80,1.71
250,2024-02-06 07:30:00,12.03,9.67,9.54,9.82,79.66,6.20,0.00,10.05,351.20,7.34
250,2024-02-06 07:45:00,11.92,9.71,9.62,9.92,79.44,6.24,0.00,9.06,354.90,15.54
250,2024-02-06 08:00:00,11.83,9.91,9.93,10.12,78.53,6.37,0.00,9.42,355.40,46.70
250,2024-02-06 08:15:00,11.75,10.35,10.24,10.23,74.91,5.99,0.00,10.57,351.20,118.10
250,2024-02-06 08:30:00,11.72,10.76,10.52,10.40,73.84,6.05,0.00,10.95,352.50,161.00
250,2024-02-06 08:45:00,11.76,11.04,10.80,10.60,72.55,6.07,0.00,12.07,349.00,206.00
250,2024-02-06 09:00:00,11.87,11.52,11.22,10.91,69.66,5.88,0.00,10.98,356.70,250.80
250,2024-02-06 09:15:00,12.04,11.98,11.51,11.25,68.26,5.87,0.00,10.36,3.83,296.10
250,2024-02-06 09:30:00,12.27,12.60,12.25,11.71,67.23,6.35,0.00,8.38,4.76,340.30
250,2024-02-06 09:45:00,12.52,13.16,12.70,12.18,63.82,6.03,0.00,9.48,3.21,383.20
250,2024-02-06 10:00:00,12.83,13.63,13.37,12.69,64.90,6.91,0.00,8.90,6.67,423.60
250,2024-02-06 10:15:00,13.19,14.31,13.81,13.23,62.24,6.71,0.00,9.51,5.61,462.00
250,2024-02-06 10:30:00,13.57,15.12,14.64,13.89,59.45,6.83,0.00,9.38,6.55,498.10
250,2024-02-06 10:45:00,13.99,15.57,15.03,14.44,58.24,6.90,0.00,10.11,8.49,530.90
250,2024-02-06 11:00:00,14.41,16.27,15.81,15.07,55.90,7.03,0.00,9.59,6.67,561.90
250,2024-02-06 11:15:00,14.85,16.56,15.72,15.35,53.66,6.35,0.00,10.87,7.28,588.00
250,2024-02-06 11:30:00,15.29,17.13,16.56,15.91,52.31,6.76,0.00,9.73,11.26,610.90
250,2024-02-06 11:45:00,15.72,17.56,17.00,16.36,51.14,6.84,0.00,9.85,15.71,630.80
250,2024-02-06 12:00:00,16.14,17.94,17.38,16.65,48.58,6.44,0.00,8.95,18.84,646.40
250,2024-02-06 12:15:00,16.55,17.96,17.36,16.72,49.45,6.68,0.00,9.44,19.68,653.90
250,2024-02-06 12:30:00,16.92,18.27,17.19,16.92,46.80,5.72,0.00,10.61,15.21,610.10
250,2024-02-06 12:45:00,17.25,18.25,17.62,17.04,46.02,5.87,0.00,8.85,25.57,670.70
250,2024-02-06 13:00:00,17.51,18.91,18.50,17.56,45.53,6.52,0.00,7.76,24.44,670.20
250,2024-02-06 13:15:00,17.75,18.87,17.82,17.42,45.49,5.89,0.00,9.19,6.33,665.10
250,2024-02-06 13:30:00,17.94,18.99,17.89,17.52,44.95,5.78,0.00,10.26,4.92,657.00
250,2024-02-06 13:45:00,18.09,19.08,18.21,17.61,45.65,6.30,0.00,11.16,0.10,645.80
250,2024-02-06 14:00:00,18.22,19.26,18.62,17.85,42.60,5.67,0.00,10.60,358.70,630.60
250,2024-02-06 14:15:00,18.34,19.43,18.48,17.98,40.93,4.97,0.00,10.16,1.37,611.90
250,2024-02-06 14:30:00,18.49,19.48,18.67,18.13,37.70,3.96,0.00,9.41,12.13,591.40
250,2024-02-06 14:45:00,18.65,19.61,18.78,18.27,38.95,4.52,0.00,9.62,6.59,564.40
250,2024-02-06 15:00:00,18.82,19.48,18.51,18.16,39.11,4.34,0.00,9.96,1.75,534.20
250,2024-02-06 15:15:00,18.99,19.26,18.46,18.13,38.36,4.02,0.00,11.78,0.01,500.00
250,2024-02-06 15:30:00,19.13,19.35,18.37,18.20,38.15,3.86,0.00,9.93,356.80,464.70
250,2024-02-06 15:45:00,19.25,19.05,18.28,18.00,35.36,2.71,0.00,11.89,355.90,426.10
250,2024-02-06 16:00:00,19.32,18.89,18.16,17.91,36.20,2.93,0.00,10.68,2.18,386.10
250,2024-02-06 16:15:00,19.34,19.04,18.18,18.05,36.87,3.21,0.00,8.81,2.67,341.10
250,2024-02-06 16:30:00,19.33,18.50,17.82,17.69,36.72,2.83,0.00,11.00,357.50,295.90
250,2024-02-06 16:45:00,19.28,18.36,17.63,17.65,38.58,3.36,0.00,9.38,3.55,249.70
250,2024-02-06 17:00:00,19.18,18.18,17.45,17.55,38.92,3.32,0.00,9.66,4.41,202.60
250,2024-02-06 17:15:00,19.04,18.03,17.41,17.49,39.12,3.36,0.00,7.56,6.41,156.90
250,2024-02-06 17:30:00,18.86,17.71,17.09,17.34,41.70,3.98,0.00,7.56,2.58,114.30
250,2024-02-06 17:45:00,18.64,17.24,16.61,17.09,40.94,3.29,0.00,7.92,7.89,75.55
250,2024-02-06 18:00:00,18.41,16.65,16.15,16.66,41.98,3.23,0.00,5.70,17.81,40.43
250,2024-02-06 18:15:00,18.14,15.82,15.44,16.09,44.24,3.33,0.00,4.11,21.92,8.28
250,2024-02-06 18:30:00,17.84,15.23,15.21,15.69,46.24,3.74,0.00,4.36,16.76,1.64
250,2024-02-06 18:45:00,17.54,15.06,15.11,15.48,45.89,3.54,0.00,4.76,19.11,0.19
250,2024-02-06 19:00:00,17.24,14.98,14.88,15.33,46.77,3.60,0.00,6.30,12.50,0.08
250,2024-02-06 19:15:00,16.96,14.55,14.36,15.01,49.18,3.84,0.00,4.62,17.77,0.08
250,2024-02-06 19:30:00,16.70,14.30,14.16,14.78,50.79,4.11,0.00,5.22,19.08,0.08
250,2024-02-06 19:45:00,16.44,13.86,13.85,14.42,51.43,4.01,0.00,4.56,14.17,0.08
250,2024-02-06 20:00:00,16.20,13.65,13.62,14.18,52.46,4.08,0.00,4.61,14.28,0.08
250,2024-02-06 20:15:00,15.97,13.19,13.13,13.81,55.64,4.46,0.00,4.18,3.33,0.08
250,2024-02-06 20:30:00,15.75,12.68,12.80,13.35,56.40,4.34,0.00,3.65,7.92,0.08
250,2024-02-06 20:45:00,15.53,12.80,12.89,13.35,53.72,3.74,0.00,4.26,16.79,0.08
250,2024-02-06 21:00:00,15.33,12.97,13.00,13.37,52.02,3.38,0.00,5.46,18.29,0.08
250,2024-02-06 21:15:00,15.14,12.80,12.62,13.15,53.97,3.55,0.00,4.77,15.80,0.08
250,2024-02-06 21:30:00,14.96,12.44,12.41,12.84,54.31,3.44,0.00,4.95,16.23,0.08
250,2024-02-06 21:45:00,14.79,12.12,12.14,12.64,55.64,3.54,0.00,4.29,22.36,0.08
250,2024-02-06 22:00:00,14.62,12.08,12.10,12.52,55.37,3.43,0.00,4.50,22.41,0.08
250,2024-02-06 22:15:00,14.46,12.05,12.01,12.41,55.57,3.40,0.00,4.70,29.94,0.08
250,2024-02-06 22:30:00,14.31,11.95,11.95,12.34,55.63,3.36,0.00,4.58,27.54,0.08
250,2024-02-06 22:45:00,14.16,11.76,11.85,12.19,56.84,3.57,0.00,4.47,18.95,0.08
250,2024-02-06 23:00:00,14.01,11.85,11.70,12.13,56.61,3.37,0.00,4.68,22.80,0.08
250,2024-02-06 23:15:00,13.88,11.65,11.66,11.99,54.75,2.86,0.00,5.31,33.07,0.08
250,2024-02-06 23:30:00,13.75,11.53,11.44,11.92,53.84,2.42,0.00,5.26,27.36,0.08
250,2024-02-06 23:45:00,13.62,11.45,11.25,11.76,53.42,2.13,0.00,4.72,30.45,0.08
250,2024-02-07 00:00:00,13.50,11.19,11.16,11.59,53.32,2.02,0.00,4.26,31.29,0.08
250,2024-02-07 00:15:00,13.37,11.03,10.98,11.42,54.47,2.15,0.00,4.13,22.84,0.08
250,2024-02-07 00:30:00,13.25,10.85,10.85,11.26,54.38,2.01,0.00,4.20,26.94,0.08
250,2024-02-07 00:45:00,13.12,10.83,10.78,11.16,54.96,2.09,0.00,4.50,25.86,0.08
250,2024-02-07 01:00:00,13.01,10.60,10.54,11.04,56.74,2.32,0.00,4.30,23.40,0.08
250,2024-02-07 01:15:00,12.89,10.38,10.33,10.88,58.47,2.54,0.00,3.89,18.81,0.08
250,2024-02-07 01:30:00,12.77,10.10,10.11,10.70,60.22,2.75,0.00,4.07,15.80,0.08
250,2024-02-07 01:45:00,12.67,10.08,10.00,10.51,60.51,2.71,0.00,3.74,19.97,0.08
250,2024-02-07 02:00:00,12.56,9.60,9.57,10.09,62.24,2.70,0.00,2.94,22.89,0.08
250,2024-02-07 02:15:00,12.45,9.20,9.33,9.77,63.91,2.85,0.00,2.48,20.90,0.08
250,2024-02-07 02:30:00,12.35,8.92,9.16,9.59,65.27,2.98,0.00,3.06,24.65,0.08
250,2024-02-07 02:45:00,12.23,8.87,9.25,9.54,65.69,3.16,0.00,4.02,27.06,0.08
250,2024-02-07 03:00:00,12.12,9.22,9.26,9.65,65.79,3.19,0.00,3.95,34.12,0.08
250,2024-02-07 03:15:00,12.01,9.06,8.92,9.51,67.41,3.21,0.00,4.04,22.84,0.08
250,2024-02-07 03:30:00,11.92,9.01,9.22,9.52,68.45,3.72,0.00,4.95,15.22,0.08
250,2024-02-07 03:45:00,11.82,9.14,9.08,9.62,71.04,4.11,0.00,4.51,11.44,0.09
250,2024-02-07 04:00:00,11.74,8.66,8.48,9.14,72.08,3.74,0.00,6.25,357.20,0.08
250,2024-02-07 04:15:00,11.65,8.25,8.30,8.76,73.49,3.84,0.00,5.97,2.54,0.08
250,2024-02-07 04:30:00,11.57,8.25,8.30,8.72,73.30,3.80,0.00,6.67,357.70,0.08
250,2024-02-07 04:45:00,11.48,8.26,8.16,8.61,72.38,3.49,0.00,5.87,5.65,0.08
250,2024-02-07 05:00:00,11.40,8.14,8.22,8.57,72.68,3.61,0.00,5.96,2.75,0.09
250,2024-02-07 05:15:00,11.33,8.16,8.20,8.60,72.57,3.57,0.00,5.42,5.70,0.08
250,2024-02-07 05:30:00,11.25,8.01,8.03,8.42,73.37,3.56,0.00,4.64,10.57,0.08
250,2024-02-07 05:45:00,11.17,7.78,7.69,8.20,74.26,3.40,0.00,3.76,11.61,0.08
250,2024-02-07 06:00:00,11.09,7.68,7.65,8.11,74.49,3.41,0.00,3.93,18.54,0.09
250,2024-02-07 06:15:00,11.01,7.51,7.54,7.99,74.92,3.38,0.00,3.40,18.56,0.09
250,2024-02-07 06:30:00,10.93,7.35,7.41,7.78,76.61,3.57,0.00,2.81,23.98,0.09
250,2024-02-07 06:45:00,10.85,7.36,7.47,7.78,75.93,3.50,0.00,4.22,13.52,0.10
250,2024-02-07 07:00:00,10.77,7.17,7.24,7.61,76.57,3.40,0.00,3.70,19.45,0.34
250,2024-02-07 07:15:00,10.67,7.12,7.08,7.52,77.51,3.42,0.00,5.03,16.13,2.72
250,2024-02-07 07:30:00,10.59,7.03,6.99,7.40,79.35,3.66,0.00,4.33,14.05,9.67
250,2024-02-07 07:45:00,10.50,7.05,7.08,7.49,79.57,3.79,0.00,5.43,9.33,17.94
250,2024-02-07 08:00:00,10.43,7.26,7.32,7.60,79.09,3.94,0.00,6.31,2.02,56.94
250,2024-02-07 08:15:00,10.37,7.99,7.93,7.80,76.90,4.13,0.00,5.75,10.84,125.80
250,2024-02-07 08:30:00,10.36,8.74,8.30,8.19,74.88,4.11,0.00,5.51,13.80,169.80
250,2024-02-07 08:45:00,10.43,9.11,8.68,8.45,73.97,4.30,0.00,6.04,9.10,215.10
250,2024-02-07 09:00:00,10.58,9.63,9.11,8.80,72.39,4.41,0.00,6.94,8.80,261.00
250,2024-02-07 09:15:00,10.80,10.20,9.87,9.26,71.88,5.04,0.00,5.89,24.05,307.60
250,2024-02-07 09:30:00,11.08,10.62,10.38,9.61,70.93,5.34,0.00,5.91,23.46,353.10
250,2024-02-07 09:45:00,11.38,11.05,10.27,10.06,69.85,5.01,0.00,6.85,44.94,395.70
250,2024-02-07 10:00:00,11.74,11.73,11.29,10.65,66.05,5.18,0.00,7.36,53.70,437.20
250,2024-02-07 10:15:00,12.13,12.14,11.63,11.11,66.52,5.61,0.00,10.20,62.76,476.70
250,2024-02-07 10:30:00,12.56,12.71,12.27,11.52,63.24,5.49,0.00,8.33,48.68,513.60
250,2024-02-07 10:45:00,12.99,13.44,13.09,12.19,59.95,5.49,0.00,7.16,51.40,546.40
250,2024-02-07 11:00:00,13.45,13.84,12.97,12.57,56.36,4.49,0.00,9.12,54.56,577.50
250,2024-02-07 11:15:00,13.92,14.02,13.37,12.80,55.74,4.71,0.00,7.61,51.28,604.00
250,2024-02-07 11:30:00,14.40,14.72,13.99,13.33,54.96,5.09,0.00,7.25,43.19,625.40
250,2024-02-07 11:45:00,14.87,15.19,14.67,13.82,54.66,5.64,0.00,6.13,42.10,644.40
250,2024-02-07 12:00:00,15.35,15.02,14.52,13.69,53.38,5.16,0.00,7.39,51.82,659.50
250,2024-02-07 12:15:00,15.79,15.63,15.08,14.19,50.45,4.87,0.00,6.22,37.78,666.70
250,2024-02-07 12:30:00,16.21,15.84,14.62,14.51,53.63,5.32,0.00,7.37,61.87,618.10
250,2024-02-07 12:45:00,16.58,16.20,15.35,14.87,51.81,5.50,0.00,6.62,46.50,676.10
250,2024-02-07 13:00:00,16.88,16.62,15.90,15.19,49.62,5.38,0.00,5.84,17.76,673.40
250,2024-02-07 13:15:00,17.14,17.14,16.27,15.68,50.35,5.94,0.00,6.09,28.89,669.80
250,2024-02-07 13:30:00,17.35,16.91,16.26,15.50,50.03,5.84,0.00,8.35,63.48,658.90
250,2024-02-07 13:45:00,17.53,17.30,16.36,15.91,46.98,5.02,0.00,6.72,62.63,643.40
250,2024-02-07 14:00:00,17.70,17.51,17.05,16.09,43.83,4.65,0.00,8.83,48.83,625.70
250,2024-02-07 14:15:00,17.85,17.81,16.87,16.47,44.00,4.55,0.00,7.62,49.54,608.30
250,2024-02-07 14:30:00,18.01,17.59,16.58,16.21,45.56,4.78,0.00,8.80,50.57,589.40
250,2024-02-07 14:45:00,18.17,17.85,16.94,16.52,44.87,4.89,0.00,7.13,44.29,557.10
250,2024-02-07 15:00:00,18.35,17.46,16.46,16.20,44.73,4.41,0.00,9.59,57.79,508.50
250,2024-02-07 15:15:00,18.49,17.48,16.68,16.37,44.94,4.68,0.00,8.07,55.89,496.50
250,2024-02-07 15:30:00,18.61,17.57,16.83,16.54,43.11,4.22,0.00,7.20,62.04,471.00
250,2024-02-07 15:45:00,18.73,17.56,16.84,16.50,44.44,4.66,0.00,6.61,55.33,432.00
250,2024-02-07 16:00:00,18.83,17.40,16.63,16.42,44.13,4.37,0.00,7.22,60.15,389.90
250,2024-02-07 16:15:00,18.90,17.18,16.39,16.27,43.69,4.01,0.00,7.66,56.62,346.50
250,2024-02-07 16:30:00,18.92,17.13,16.31,16.25,47.91,5.26,0.00,7.55,58.18,298.90
250,2024-02-07 16:45:00,18.89,16.98,16.57,16.22,50.05,6.13,0.00,6.45,31.67,254.20
250,2024-02-07 17:00:00,18.82,16.61,15.90,15.99,49.43,5.33,0.00,7.63,48.43,206.50
250,2024-02-07 17:15:00,18.71,16.30,15.69,15.81,49.98,5.30,0.00,6.16,56.60,161.40
250,2024-02-07 17:30:00,18.55,15.85,15.21,15.53,53.17,5.74,0.00,6.69,59.68,117.20
250,2024-02-07 17:45:00,18.36,15.30,14.80,15.14,55.73,6.04,0.00,5.04,49.04,76.08
250,2024-02-07 18:00:00,18.12,14.68,14.18,14.66,58.27,6.11,0.00,4.55,39.03,39.63
250,2024-02-07 18:15:00,17.86,13.81,13.43,13.98,61.83,6.26,0.00,4.16,33.51,8.47
250,2024-02-07 18:30:00,17.57,13.15,12.87,13.44,64.99,6.45,0.00,4.01,34.18,1.11
250,2024-02-07 18:45:00,17.26,12.65,12.45,12.97,66.89,6.47,0.00,3.70,38.74,0.13
250,2024-02-07 19:00:00,16.96,12.10,12.04,12.56,69.26,6.58,0.00,3.30,39.84,0.08
250,2024-02-07 19:15:00,16.66,11.61,11.67,12.16,72.21,6.84,0.00,4.27,46.00,0.08
250,2024-02-07 19:30:00,16.39,11.55,11.39,11.83,72.07,6.54,0.00,6.01,47.55,0.08
250,2024-02-07 19:45:00,16.11,11.28,11.09,11.49,72.63,6.36,0.00,7.52,49.84,0.08
250,2024-02-07 20:00:00,15.87,10.98,10.76,11.15,73.27,6.17,0.00,7.68,53.53,0.08
250,2024-02-07 20:15:00,15.63,10.57,10.41,10.79,74.46,6.07,0.00,7.46,57.74,0.08
250,2024-02-07 20:30:00,15.39,10.26,10.01,10.47,75.88,5.95,0.00,7.13,53.82,0.08
250,2024-02-07 20:45:00,15.18,10.00,9.83,10.20,76.64,5.92,0.00,8.07,56.09,0.08
250,2024-02-07 21:00:00,14.97,9.70,9.52,9.93,78.01,5.88,0.00,6.35,58.36,0.07
250,2024-02-07 21:15:00,14.77,9.36,9.16,9.64,79.46,5.79,0.00,5.31,60.80,0.08
250,2024-02-07 21:30:00,14.57,9.18,9.02,9.41,80.50,5.85,0.00,5.13,57.68,0.08
250,2024-02-07 21:45:00,14.39,8.92,8.71,9.17,81.30,5.69,0.00,3.20,46.42,0.08
250,2024-02-07 22:00:00,14.21,8.57,8.57,8.98,82.70,5.80,0.00,3.54,50.82,0.08
250,2024-02-07 22:15:00,14.04,8.09,8.07,8.68,83.80,5.50,0.00,1.38,42.50,0.08
250,2024-02-07 22:30:00,13.87,8.03,8.09,8.51,84.00,5.55,0.00,2.78,46.28,0.08
250,2024-02-07 22:45:00,13.70,7.90,7.89,8.42,85.10,5.54,0.00,3.10,52.77,0.08
250,2024-02-07 23:00:00,13.54,7.86,7.86,8.21,85.20,5.53,0.00,1.84,47.21,0.09
250,2024-02-07 23:15:00,13.39,7.48,7.42,7.94,85.90,5.22,0.00,1.36,24.78,0.09
250,2024-02-07 23:30:00,13.24,7.24,7.40,7.86,87.40,5.44,0.00,2.27,51.62,0.08
250,2024-02-07 23:45:00,13.09,7.23,7.48,7.79,87.70,5.58,0.00,2.40,44.82,0.09
250,2024-02-08 00:00:00,12.95,7.39,7.47,7.76,87.70,5.56,0.00,2.99,46.03,0.09
250,2024-02-08 00:15:00,12.81,7.51,7.45,7.75,88.10,5.61,0.00,3.29,31.71,0.09
250,2024-02-08 00:30:00,12.70,7.36,7.35,7.67,88.70,5.61,0.00,2.45,18.04,0.09
250,2024-02-08 00:45:00,12.57,7.20,7.28,7.60,89.40,5.65,0.00,2.02,26.30,0.08
250,2024-02-08 01:00:00,12.45,7.22,7.45,7.69,90.20,5.95,0.00,2.58,14.36,0.09
250,2024-02-08 01:15:00,12.34,7.54,7.62,7.92,90.70,6.20,0.00,2.60,33.26,0.09
250,2024-02-08 01:30:00,12.24,7.91,7.97,8.20,90.30,6.48,0.00,3.43,33.87,0.08
250,2024-02-08 01:45:00,12.15,7.92,7.89,8.22,90.50,6.43,0.00,2.03,22.71,0.09
250,2024-02-08 02:00:00,12.06,7.71,7.61,8.06,90.50,6.15,0.00,2.14,59.19,0.09
250,2024-02-08 02:15:00,11.99,7.81,7.79,8.07,90.80,6.38,0.00,3.13,37.21,0.09
250,2024-02-08 02:30:00,11.92,7.72,7.72,7.98,91.20,6.38,0.00,1.94,37.51,0.09
250,2024-02-08 02:45:00,11.85,7.70,7.62,7.91,91.50,6.33,0.00,2.13,23.50,0.09
250,2024-02-08 03:00:00,11.79,7.62,7.57,7.89,91.70,6.30,0.00,2.26,33.15,0.09
250,2024-02-08 03:15:00,11.73,7.57,7.51,7.84,92.10,6.31,0.00,1.83,21.47,0.09
250,2024-02-08 03:30:00,11.67,7.45,7.59,7.85,92.50,6.46,0.00,2.44,358.80,0.09
250,2024-02-08 03:45:00,11.61,7.64,7.72,8.05,92.60,6.60,0.00,2.87,54.92,0.09
250,2024-02-08 04:00:00,11.55,7.99,7.96,8.34,92.00,6.74,0.00,3.13,54.39,0.09
250,2024-02-08 04:15:00,11.51,8.12,8.13,8.46,91.70,6.86,0.00,2.65,36.74,0.09
250,2024-02-08 04:30:00,11.47,8.08,8.07,8.44,91.60,6.79,0.00,1.45,18.48,0.09
250,2024-02-08 04:45:00,11.42,7.72,7.68,8.29,91.50,6.38,0.00,0.70,73.29,0.09
250,2024-02-08 05:00:00,11.37,6.93,6.79,8.11,91.20,5.45,0.00,0.76,161.90,0.09
250,2024-02-08 05:15:00,11.30,6.38,6.63,7.97,92.90,5.57,0.00,1.05,205.20,0.09
250,2024-02-08 05:30:00,11.23,6.44,6.68,7.89,93.50,5.70,0.00,0.81,329.40,0.08
250,2024-02-08 05:45:00,11.17,6.59,6.79,7.72,93.40,5.80,0.00,1.44,3.97,0.08
250,2024-02-08 06:00:00,11.13,6.80,7.17,8.06,93.90,6.25,0.00,1.24,3.67,0.09
250,2024-02-08 06:15:00,11.09,6.95,7.41,8.12,93.70,6.46,0.00,0.71,86.20,0.09
250,2024-02-08 06:30:00,11.04,6.92,7.15,8.06,93.30,6.15,0.00,0.90,128.90,0.09
250,2024-02-08 06:45:00,10.99,6.70,6.99,7.91,94.00,6.09,0.00,0.98,11.72,0.09
250,2024-02-08 07:00:00,10.92,6.58,7.08,8.12,94.10,6.20,0.00,1.18,58.51,0.30
250,2024-02-08 07:15:00,10.87,6.52,7.10,8.09,93.80,6.17,0.00,0.77,26.33,3.08
250,2024-02-08 07:30:00,10.80,6.39,7.15,7.99,94.20,6.28,0.00,0.88,79.42,12.85
250,2024-02-08 07:45:00,10.74,6.89,7.44,8.31,94.10,6.55,0.00,1.96,73.92,28.39
250,2024-02-08 08:00:00,10.71,7.46,7.88,8.77,94.20,7.00,0.00,1.15,43.10,48.27
250,2024-02-08 08:15:00,10.71,8.92,9.23,9.27,93.20,8.19,0.00,2.00,29.91,99.30
250,2024-02-08 08:30:00,10.72,10.59,10.47,10.24,88.70,8.69,0.00,3.37,43.97,184.30
250,2024-02-08 08:45:00,10.83,11.56,11.15,11.07,82.80,8.34,0.00,4.67,43.50,208.10
250,2024-02-08 09:00:00,11.03,12.33,11.97,11.80,80.70,8.76,0.00,4.33,39.32,240.90
250,2024-02-08 09:15:00,11.29,13.27,13.11,12.58,78.06,9.37,0.00,5.31,51.67,325.60
250,2024-02-08 09:30:00,11.62,14.02,13.86,13.28,75.50,9.61,0.00,5.59,46.37,324.90
250,2024-02-08 09:45:00,12.00,14.95,14.63,14.09,74.72,10.19,0.00,4.92,52.68,363.40
250,2024-02-08 10:00:00,12.42,15.31,14.80,14.56,73.65,10.14,0.00,4.34,61.13,267.40
250,2024-02-08 10:15:00,12.82,16.17,15.64,15.10,71.35,10.48,0.00,7.11,63.20,482.10
250,2024-02-08 10:30:00,13.24,16.73,16.30,15.80,70.49,10.93,0.00,7.01,68.54,440.20
250,2024-02-08 10:45:00,13.71,17.69,17.26,16.81,69.18,11.56,0.00,5.37,87.10,425.10
250,2024-02-08 11:00:00,14.19,18.48,17.87,17.50,66.63,11.58,0.00,6.13,98.10,477.80
250,2024-02-08 11:15:00,14.66,19.16,18.38,18.05,64.33,11.53,0.00,6.94,105.70,555.70
250,2024-02-08 11:30:00,15.15,19.75,19.13,18.70,61.52,11.57,0.00,7.10,110.10,607.10
250,2024-02-08 11:45:00,15.70,20.40,19.81,19.28,58.35,11.41,0.00,6.99,100.20,639.20
250,2024-02-08 12:00:00,16.26,20.97,20.05,19.76,56.96,11.27,0.00,7.05,98.00,637.90
250,2024-02-08 12:15:00,16.81,21.15,20.51,20.13,56.00,11.44,0.00,7.36,117.70,626.20
250,2024-02-08 12:30:00,17.31,21.91,21.46,20.83,54.38,11.88,0.00,6.25,135.30,628.60
250,2024-02-08 12:45:00,17.76,22.43,21.26,21.14,52.47,11.15,0.00,7.41,128.70,679.80
250,2024-02-08 13:00:00,18.18,22.18,21.25,21.03,53.01,11.30,0.00,6.95,120.80,686.80
250,2024-02-08 13:15:00,18.54,22.58,21.47,21.35,54.10,11.81,0.00,7.20,101.40,719.50
250,2024-02-08 13:30:00,18.89,22.44,21.56,21.32,53.51,11.73,0.00,5.30,112.10,551.70
250,2024-02-08 13:45:00,19.17,22.71,21.58,21.54,51.68,11.22,0.00,6.56,109.20,683.70
250,2024-02-08 14:00:00,19.39,22.87,22.07,21.71,50.14,11.22,0.00,6.86,139.20,672.50
250,2024-02-08 14:15:00,19.65,23.12,22.04,21.86,51.54,11.60,0.00,6.63,106.20,669.60
250,2024-02-08 14:30:00,19.93,22.75,22.46,21.70,50.90,11.80,0.00,7.05,102.60,502.30
250,2024-02-08 14:45:00,20.18,23.00,21.94,21.97,50.20,11.11,0.00,6.80,114.10,603.50
250,2024-02-08 15:00:00,20.40,23.16,22.02,22.03,49.67,11.03,0.00,7.01,80.10,559.50
250,2024-02-08 15:15:00,20.64,22.73,21.44,21.88,51.42,11.02,0.00,6.07,103.70,386.80
250,2024-02-08 15:30:00,20.82,23.06,22.42,22.10,49.15,11.24,0.00,5.13,94.10,507.50
250,2024-02-08 15:45:00,20.96,22.83,21.90,21.90,51.58,11.49,0.00,6.20,87.90,379.30
250,2024-02-08 16:00:00,21.10,22.85,22.01,22.06,50.20,11.18,0.00,4.82,103.00,385.00
250,2024-02-08 16:15:00,21.20,22.49,21.68,21.75,51.96,11.39,0.00,5.86,103.90,310.60
250,2024-02-08 16:30:00,21.27,22.22,21.34,21.59,52.95,11.37,0.00,4.79,97.10,230.20
250,2024-02-08 16:45:00,21.30,22.41,21.70,21.72,52.92,11.69,0.00,4.61,105.10,271.20
250,2024-02-08 17:00:00,21.29,22.19,21.19,21.58,53.89,11.49,0.00,5.00,108.00,209.40
250,2024-02-08 17:15:00,21.25,21.57,20.99,21.23,54.87,11.58,0.00,4.48,97.00,133.90
250,2024-02-08 17:30:00,21.13,21.16,20.56,20.97,56.70,11.67,0.00,4.66,98.80,98.80
250,2024-02-08 17:45:00,20.94,20.66,20.14,20.65,58.47,11.75,0.00,3.57,101.30,64.31
250,2024-02-08 18:00:00,20.71,20.01,19.52,20.17,60.25,11.62,0.00,3.03,93.20,30.51
250,2024-02-08 18:15:00,20.44,18.92,18.34,19.46,64.04,11.43,0.00,2.13,85.40,7.28
250,2024-02-08 18:30:00,20.15,17.61,17.76,18.72,66.66,11.48,0.00,1.45,79.61,1.61
250,2024-02-08 18:45:00,19.85,16.89,16.85,18.21,69.91,11.33,0.00,2.22,73.62,0.16
250,2024-02-08 19:00:00,19.55,16.65,17.07,17.84,71.31,11.84,0.00,3.10,83.60,0.09
250,2024-02-08 19:15:00,19.25,16.81,16.88,17.58,72.16,11.84,0.00,3.40,95.30,0.08
250,2024-02-08 19:30:00,18.99,16.47,16.34,17.12,73.89,11.68,0.00,2.02,81.70,0.09
250,2024-02-08 19:45:00,18.72,15.84,16.06,16.69,76.83,12.00,0.00,2.66,81.20,0.09
250,2024-02-08 20:00:00,18.48,15.59,15.69,16.41,78.10,11.89,0.00,2.05,80.50,0.08
250,2024-02-08 20:15:00,18.25,15.67,15.76,16.31,79.20,12.17,0.00,3.15,93.30,0.08
250,2024-02-08 20:30:00,18.06,15.65,15.58,16.10,79.77,12.10,0.00,3.01,101.90,0.08
250,2024-02-08 20:45:00,17.87,15.57,15.55,15.95,80.50,12.21,0.00,3.31,87.50,0.08
250,2024-02-08 21:00:00,17.70,15.52,15.45,15.83,81.30,12.26,0.00,3.07,68.72,0.09
250,2024-02-08 21:15:00,17.55,15.44,15.18,15.70,81.90,12.11,0.00,3.16,60.96,0.08
250,2024-02-08 21:30:00,17.40,14.91,14.73,15.38,83.80,12.02,0.00,1.87,38.04,0.08
250,2024-02-08 21:45:00,17.25,14.34,14.31,14.97,85.30,11.88,0.00,1.33,59.86,0.09
250,2024-02-08 22:00:00,17.08,13.54,13.55,14.54,87.10,11.45,0.00,1.10,49.51,0.08
250,2024-02-08 22:15:00,16.91,12.74,13.02,13.96,88.40,11.15,0.00,0.54,56.06,0.08
250,2024-02-08 22:30:00,16.72,11.96,12.45,13.63,89.80,10.82,0.00,0.68,130.30,0.08
250,2024-02-08 22:45:00,16.54,11.80,12.44,13.56,91.70,11.13,0.00,2.06,97.30,0.08
250,2024-02-08 23:00:00,16.36,11.40,11.78,13.25,92.40,10.59,0.00,0.80,167.80,0.08
250,2024-02-08 23:15:00,16.19,11.01,11.61,12.74,93.00,10.52,0.00,0.35,42.74,0.08
250,2024-02-08 23:30:00,16.02,10.87,11.27,12.32,93.10,10.20,0.00,0.58,9.69,0.08
250,2024-02-08 23:45:00,15.86,10.02,10.72,12.10,93.90,9.78,0.00,0.73,351.30,0.08
250,2024-02-09 00:00:00,15.69,9.78,10.67,11.67,94.20,9.78,0.00,0.51,288.30,0.08
250,2024-02-09 00:15:00,15.54,9.59,10.21,11.54,94.90,9.43,0.00,0.81,306.60,0.08
250,2024-02-09 00:30:00,15.39,9.56,10.11,11.49,95.00,9.35,0.00,1.25,356.10,0.09
250,2024-02-09 00:45:00,15.26,9.21,9.84,11.11,95.60,9.17,0.00,0.77,308.30,0.08
250,2024-02-09 01:00:00,15.11,9.49,10.11,11.02,95.70,9.45,0.00,1.39,183.80,0.08
250,2024-02-09 01:15:00,14.99,9.71,9.86,10.86,96.00,9.25,0.00,0.90,201.90,0.08
250,2024-02-09 01:30:00,14.88,9.57,9.67,10.64,96.10,9.08,0.00,0.47,149.20,0.08
250,2024-02-09 01:45:00,14.78,9.10,9.47,10.35,96.40,8.93,0.00,0.74,128.80,0.08
250,2024-02-09 02:00:00,14.67,9.09,9.22,10.06,96.30,8.66,0.00,0.54,97.40,0.08
250,2024-02-09 02:15:00,14.55,8.70,9.12,9.83,96.60,8.61,0.00,0.55,191.40,0.08
250,2024-02-09 02:30:00,14.44,8.40,8.81,9.52,96.70,8.31,0.00,0.75,296.80,0.08
250,2024-02-09 02:45:00,14.33,8.45,8.82,9.46,97.00,8.37,0.00,1.79,340.30,0.09
250,2024-02-09 03:00:00,14.23,8.44,8.64,9.56,97.10,8.21,0.00,3.28,350.70,0.09
250,2024-02-09 03:15:00,14.13,8.53,8.41,9.73,96.80,7.93,0.00,1.30,75.04,0.08
250,2024-02-09 03:30:00,14.02,8.23,8.43,9.28,97.20,8.01,0.00,0.96,186.60,0.08
250,2024-02-09 03:45:00,13.91,7.97,8.10,9.10,97.00,7.65,0.00,0.62,153.90,0.09
250,2024-02-09 04:00:00,13.81,8.01,8.36,9.24,97.80,8.03,0.00,2.28,339.10,0.09
250,2024-02-09 04:15:00,13.71,8.07,7.92,9.40,97.10,7.49,0.00,0.99,321.80,0.09
250,2024-02-09 04:30:00,13.61,8.41,8.87,9.50,97.90,8.56,0.00,1.56,239.40,0.09
250,2024-02-09 04:45:00,13.52,8.60,8.82,9.92,97.50,8.45,0.00,1.35,230.80,0.09
250,2024-02-09 05:00:00,13.44,8.18,7.97,9.32,97.30,7.57,0.00,1.24,253.20,0.09
250,2024-02-09 05:15:00,13.38,8.04,8.26,9.02,97.80,7.93,0.00,0.99,124.00,0.08
250,2024-02-09 05:30:00,13.31,8.12,8.13,8.80,97.80,7.80,0.00,0.38,130.40,0.09
250,2024-02-09 05:45:00,13.25,8.08,8.12,8.83,97.90,7.81,0.00,1.09,164.20,0.09
250,2024-02-09 06:00:00,13.20,8.31,8.20,8.71,97.80,7.87,0.00,0.55,67.10,0.08
250,2024-02-09 06:15:00,13.15,8.23,8.22,8.49,98.00,7.92,0.00,0.62,348.00,0.09
250,2024-02-09 06:30:00,13.11,8.21,8.00,8.48,97.90,7.69,0.00,0.69,180.20,0.09
250,2024-02-09 06:45:00,13.06,8.00,7.96,8.36,98.10,7.68,0.00,0.99,93.70,0.10
250,2024-02-09 07:00:00,13.01,8.14,8.14,8.46,98.20,7.87,0.00,1.10,160.50,0.27
250,2024-02-09 07:15:00,12.97,8.15,7.92,8.43,98.10,7.64,0.00,1.31,315.70,2.00
250,2024-02-09 07:30:00,12.93,8.30,8.26,8.40,98.30,8.01,0.00,0.77,28.48,
250,2024-02-09 07:45:00,12.90,8.73,8.72,8.69,98.50,8.50,0.00,0.78,299.30,20.67
250,2024-02-09 08:00:00,12.90,9.36,9.52,9.44,98.60,9.31,0.00,0.83,248.00,15.54
250,2024-02-09 08:15:00,12.94,10.33,10.55,10.60,98.70,10.35,0.00,0.94,153.20,69.55
250,2024-02-09 08:30:00,13.01,11.74,11.80,11.51,98.80,11.62,0.00,2.03,335.90,130.30
250,2024-02-09 08:45:00,13.14,12.49,12.14,12.12,98.40,11.90,0.00,2.30,15.30,183.10
250,2024-02-09 09:00:00,13.34,12.53,12.27,12.29,98.40,12.03,0.00,1.40,16.63,95.90
250,2024-02-09 09:15:00,13.55,12.96,12.48,12.68,98.20,12.20,0.00,2.12,156.00,186.00
250,2024-02-09 09:30:00,13.75,13.40,13.11,13.01,98.40,12.86,0.00,2.31,153.10,284.60
250,2024-02-09 09:45:00,14.02,14.93,14.07,14.13,98.30,13.81,0.00,1.72,158.30,412.30
250,2024-02-09 10:00:00,14.37,15.94,14.66,15.31,97.70,14.30,0.00,0.88,270.20,320.40
250,2024-02-09 10:15:00,14.77,17.11,15.68,16.25,96.30,15.09,0.00,1.72,209.10,347.90
250,2024-02-09 10:30:00,15.19,17.68,17.00,16.91,95.90,16.34,0.00,2.90,194.30,415.10
250,2024-02-09 10:45:00,15.59,19.35,18.28,18.22,87.30,16.13,0.00,3.88,159.10,476.80
250,2024-02-09 11:00:00,16.06,19.93,19.54,19.11,77.60,15.52,0.00,4.23,162.50,442.80
250,2024-02-09 11:15:00,16.53,20.53,20.27,19.74,75.15,15.73,0.00,3.55,152.30,404.40
250,2024-02-09 11:30:00,16.96,21.56,21.02,20.59,69.42,15.21,0.00,3.94,155.20,536.30
250,2024-02-09 11:45:00,17.41,22.02,21.74,21.04,65.83,15.08,0.00,4.21,186.10,517.50
250,2024-02-09 12:00:00,17.89,23.14,22.18,21.70,64.09,15.08,0.00,4.06,215.40,667.40
250,2024-02-09 12:15:00,18.41,23.08,21.70,21.99,63.59,14.50,0.00,4.26,219.70,466.00
250,2024-02-09 12:30:00,18.90,23.20,22.18,22.34,59.44,13.91,0.00,4.16,187.70,370.80
250,2024-02-09 12:45:00,19.25,23.58,23.24,22.44,54.06,13.44,0.00,7.16,216.80,607.80
250,2024-02-09 13:00:00,19.54,23.30,22.45,22.28,56.30,13.33,0.00,6.34,183.40,350.20
250,2024-02-09 13:15:00,19.83,23.63,22.48,22.60,56.79,13.49,0.00,6.16,178.80,476.30
250,2024-02-09 13:30:00,20.06,23.32,22.60,22.63,55.20,13.17,0.00,5.49,160.70,393.70
250,2024-02-09 13:45:00,20.26,23.44,22.90,22.83,56.02,13.67,0.00,4.53,164.50,407.80
250,2024-02-09 14:00:00,20.43,24.18,22.90,23.21,53.93,13.09,0.00,6.28,189.90,438.60
250,2024-02-09 14:15:00,20.61,23.62,22.76,22.89,55.26,13.33,0.00,6.99,187.10,257.60
250,2024-02-09 14:30:00,20.74,24.13,23.24,23.25,52.35,12.95,0.00,4.20,194.00,395.80
250,2024-02-09 14:45:00,20.86,24.51,23.89,23.53,52.96,13.73,0.00,5.07,209.00,531.30
250,2024-02-09 15:00:00,21.02,25.56,24.67,24.40,47.90,12.91,0.00,4.45,189.80,644.00
250,2024-02-09 15:15:00,21.29,25.12,23.82,23.80,51.67,13.29,0.00,7.77,234.70,401.60
250,2024-02-09 15:30:00,21.60,24.50,23.48,23.57,50.99,12.77,0.00,4.46,214.00,311.80
250,2024-02-09 15:45:00,21.78,24.33,23.47,23.80,51.33,12.86,0.00,3.02,177.70,224.60
250,2024-02-09 16:00:00,21.88,24.03,23.36,23.46,51.88,12.92,0.00,4.96,219.10,170.60
250,2024-02-09 16:15:00,21.90,24.86,24.16,24.01,49.32,12.89,0.00,3.21,251.20,305.70
250,2024-02-09 16:30:00,21.92,24.38,23.47,23.80,53.39,13.46,0.00,4.71,241.40,169.60
250,2024-02-09 16:45:00,21.93,23.49,23.10,23.31,53.12,13.04,0.00,5.14,226.00,100.50
250,2024-02-09 17:00:00,21.86,23.94,23.43,23.47,52.19,13.08,0.00,5.12,274.20,158.40
250,2024-02-09 17:15:00,21.76,23.70,22.96,23.29,53.47,13.01,0.00,5.02,270.60,107.40
250,2024-02-09 17:30:00,21.67,23.31,22.85,23.11,55.11,13.38,0.00,4.00,261.40,88.40
250,2024-02-09 17:45:00,21.55,23.59,22.93,23.37,54.00,13.14,0.00,2.66,265.30,87.10
250,2024-02-09 18:00:00,21.42,22.72,21.64,22.98,62.90,14.28,0.00,2.75,249.70,44.68
250,2024-02-09 18:15:00,21.23,20.75,19.93,21.96,66.93,13.61,0.00,2.52,256.60,12.29
250,2024-02-09 18:30:00,20.99,19.29,19.27,20.75,68.66,13.37,0.00,1.04,328.00,1.20
250,2024-02-09 18:45:00,20.72,18.17,18.50,20.28,69.62,12.85,0.00,1.58,304.20,0.14
250,2024-02-09 19:00:00,20.45,16.80,17.38,19.93,73.41,12.58,0.00,2.80,265.20,0.09
250,2024-02-09 19:15:00,20.17,17.02,17.73,19.56,74.11,13.06,0.00,1.51,292.10,0.09
250,2024-02-09 19:30:00,19.91,17.17,17.18,18.81,76.91,13.10,0.00,0.98,137.50,0.09
250,2024-02-09 19:45:00,19.68,16.94,17.26,18.51,80.90,13.95,0.00,2.09,126.00,0.09
250,2024-02-09 20:00:00,19.46,16.43,16.43,17.90,83.80,13.68,0.00,0.88,94.90,0.09
250,2024-02-09 20:15:00,19.25,15.38,15.70,16.90,85.30,13.24,0.00,0.78,345.80,0.09
250,2024-02-09 20:30:00,19.04,15.17,15.28,16.70,85.30,12.83,0.00,1.33,346.80,0.08
250,2024-02-09 20:45:00,18.84,14.59,14.86,16.07,87.60,12.82,0.00,0.82,149.00,0.09
250,2024-02-09 21:00:00,18.64,14.37,14.59,15.65,88.50,12.71,0.00,0.77,169.50,0.09
250,2024-02-09 21:15:00,18.44,14.21,14.37,15.12,89.10,12.60,0.00,0.49,8.93,0.09
250,2024-02-09 21:30:00,18.25,13.72,13.86,14.93,89.70,12.20,0.00,0.92,3.41,0.09
250,2024-02-09 21:45:00,18.06,13.03,13.51,14.64,90.90,12.05,0.00,1.27,204.80,0.09
250,2024-02-09 22:00:00,17.89,13.07,13.30,14.23,91.40,11.93,0.00,0.40,151.90,0.09
250,2024-02-09 22:15:00,17.71,12.80,13.09,14.03,91.80,11.79,0.00,0.98,21.53,0.09
250,2024-02-09 22:30:00,17.55,12.60,12.72,13.87,92.50,11.54,0.00,0.88,167.70,0.09
250,2024-02-09 22:45:00,17.40,12.43,12.60,13.76,92.90,11.48,0.00,0.70,218.80,0.08
250,2024-02-09 23:00:00,17.26,12.59,12.87,13.59,93.60,11.86,0.00,0.81,134.00,0.09
250,2024-02-09 23:15:00,17.13,12.70,12.66,13.37,93.40,11.62,0.00,0.40,149.90,0.09
250,2024-02-09 23:30:00,17.02,12.53,12.53,13.22,93.70,11.54,0.00,0.79,41.78,0.09
250,2024-02-09 23:45:00,16.91,12.41,12.59,13.22,93.90,11.63,0.00,1.30,111.70,0.09
250,2024-02-10 00:00:00,16.80,12.59,12.93,13.41,94.30,12.04,0.00,2.33,117.10,0.08
250,2024-02-10 00:15:00,16.68,12.54,12.45,13.33,94.40,11.58,0.00,1.80,96.90,0.09
250,2024-02-10 00:30:00,16.57,12.22,12.20,13.16,94.10,11.28,0.00,1.25,129.00,0.09
250,2024-02-10 00:45:00,16.45,11.43,11.94,12.75,94.90,11.15,0.00,0.54,164.80,0.08
250,2024-02-10 01:00:00,16.34,11.39,11.80,12.59,95.00,11.03,0.00,0.58,172.20,0.09
250,2024-02-10 01:15:00,16.23,11.35,11.61,12.68,94.90,10.82,0.00,1.45,193.40,0.09
250,2024-02-10 01:30:00,16.12,11.55,11.71,12.50,95.60,11.03,0.00,0.85,140.70,0.08
250,2024-02-10 01:45:00,16.02,11.44,11.36,12.14,95.60,10.68,0.00,0.93,313.40,0.08
250,2024-02-10 02:00:00,15.93,10.97,10.94,12.31,95.50,10.25,0.00,0.98,300.40,0.09
250,2024-02-10 02:15:00,15.83,10.77,11.22,12.09,96.20,10.64,0.00,0.93,84.60,0.09
250,2024-02-10 02:30:00,15.74,11.55,11.56,12.11,96.00,10.94,0.00,1.42,124.90,0.08
250,2024-02-10 02:45:00,15.64,11.10,11.12,11.89,96.10,10.52,0.00,1.15,62.63,0.09
250,2024-02-10 03:00:00,15.55,10.71,10.88,11.86,96.20,10.30,0.00,0.77,358.30,0.09
250,2024-02-10 03:15:00,15.46,10.53,10.91,11.76,96.30,10.34,0.00,0.45,143.90,0.08
250,2024-02-10 03:30:00,15.37,10.76,10.88,11.53,96.30,10.31,0.00,0.73,24.90,0.08
250,2024-02-10 03:45:00,15.30,10.63,10.78,11.47,96.60,10.26,0.00,0.68,245.60,0.08
250,2024-02-10 04:00:00,15.23,10.44,10.65,11.51,96.50,10.12,0.00,0.59,297.40,0.08
250,2024-02-10 04:15:00,15.16,10.47,10.80,11.47,96.80,10.31,0.00,0.62,189.90,0.09
250,2024-02-10 04:30:00,15.08,10.50,10.52,11.38,96.70,10.02,0.00,0.56,291.00,0.09
250,2024-02-10 04:45:00,15.01,10.47,10.72,11.31,97.00,10.26,0.00,0.48,88.40,0.08
250,2024-02-10 05:00:00,14.95,10.85,10.88,11.43,97.00,10.42,0.00,0.78,111.90,0.08
250,2024-02-10 05:15:00,14.92,11.32,11.22,11.54,97.00,10.76,0.00,0.73,126.70,0.08
250,2024-02-10 05:30:00,14.91,11.47,11.27,11.60,97.00,10.81,0.00,1.05,160.70,0.09
250,2024-02-10 05:45:00,14.91,11.55,11.37,11.71,97.00,10.91,0.00,0.99,157.10,0.09
250,2024-02-10 06:00:00,14.89,11.35,11.26,11.71,97.10,10.82,0.00,1.23,155.00,0.09
250,2024-02-10 06:15:00,14.84,10.97,10.75,11.43,96.80,10.26,0.00,0.43,137.20,0.09
250,2024-02-10 06:30:00,14.77,10.63,10.49,11.13,97.00,10.03,0.00,0.67,102.80,0.08
250,2024-02-10 06:45:00,14.70,10.27,10.23,10.96,97.00,9.78,0.00,0.76,138.60,0.09
250,2024-02-10 07:00:00,14.61,10.01,10.10,10.91,97.20,9.68,0.00,0.57,44.92,0.29
250,2024-02-10 07:15:00,14.52,9.75,10.00,10.64,97.20,9.58,0.00,0.76,117.40,2.15
250,2024-02-10 07:30:00,14.42,9.85,9.90,10.77,97.30,9.49,0.00,1.40,20.12,13.19
250,2024-02-10 07:45:00,14.34,9.89,10.01,10.75,97.60,9.65,0.00,0.82,144.90,34.89
250,2024-02-10 08:00:00,14.29,10.66,10.95,11.32,97.90,10.63,0.00,0.81,148.40,79.85
250,2024-02-10 08:15:00,14.26,12.56,12.79,12.49,98.30,12.53,0.00,0.44,337.30,157.00
250,2024-02-10 08:30:00,14.31,13.84,13.26,13.50,97.60,12.89,0.00,2.45,337.20,134.50
250,2024-02-10 08:45:00,14.44,14.45,13.82,14.03,96.90,13.34,0.00,1.20,56.47,116.60
250,2024-02-10 09:00:00,14.59,15.01,14.47,14.70,96.40,13.90,0.00,0.90,40.28,123.60
250,2024-02-10 09:15:00,14.73,15.64,15.28,15.23,96.00,14.65,0.00,1.23,20.28,171.10
250,2024-02-10 09:30:00,14.89,16.75,15.78,16.16,93.60,14.75,0.00,2.11,111.50,228.00
250,2024-02-10 09:45:00,15.11,16.78,16.33,16.28,89.50,14.60,0.00,2.76,133.70,250.70
250,2024-02-10 10:00:00,15.36,17.54,17.34,17.00,86.50,15.07,0.00,2.65,162.00,246.50
250,2024-02-10 10:15:00,15.65,19.09,18.76,18.28,78.20,14.89,0.00,3.10,178.20,474.70
250,2024-02-10 10:30:00,16.03,20.76,20.32,19.66,73.39,15.41,0.00,2.79,193.50,534.10
250,2024-02-10 10:45:00,16.59,21.98,21.34,20.91,69.58,15.56,0.00,2.28,193.90,520.10
250,2024-02-10 11:00:00,17.18,22.80,22.19,21.83,63.96,15.05,0.00,2.73,235.40,537.10
250,2024-02-10 11:15:00,17.79,23.23,22.55,22.17,62.42,15.02,0.00,4.59,188.00,586.00
250,2024-02-10 11:30:00,18.38,23.61,22.53,22.64,59.57,14.27,0.00,6.43,179.60,496.80
250,2024-02-10 11:45:00,18.94,23.59,23.43,22.72,54.88,13.85,0.00,12.50,191.10,520.70
250,2024-02-10 12:00:00,19.33,23.98,23.58,23.01,54.03,13.75,0.00,12.21,189.00,564.70
250,2024-02-10 12:15:00,19.69,24.34,24.19,23.39,54.88,14.56,0.00,10.48,184.30,622.10
250,2024-02-10 12:30:00,20.07,24.89,23.82,23.74,52.45,13.52,0.00,10.53,183.00,491.60
250,2024-02-10 12:45:00,20.45,24.40,24.42,23.59,51.21,13.70,0.00,9.17,190.60,445.60
250,2024-02-10 13:00:00,20.71,25.00,23.65,23.73,52.53,13.38,0.00,10.34,207.30,490.70
250,2024-02-10 13:15:00,20.95,24.66,24.66,23.68,50.56,13.73,0.00,7.23,204.50,484.90
250,2024-02-10 13:30:00,21.14,25.51,24.58,24.06,48.87,13.13,0.00,10.67,205.80,512.90
250,2024-02-10 13:45:00,21.35,25.75,24.90,24.39,50.21,13.84,0.00,10.58,188.70,671.80
250,2024-02-10 14:00:00,21.58,25.54,24.64,24.26,49.32,13.33,0.00,8.93,190.20,437.80
250,2024-02-10 14:15:00,21.81,25.53,24.94,24.49,48.74,13.42,0.00,8.55,213.90,383.60
250,2024-02-10 14:30:00,21.99,25.31,24.40,24.34,49.64,13.21,0.00,7.25,199.50,298.00
250,2024-02-10 14:45:00,22.13,26.09,25.60,24.96,45.56,12.99,0.00,7.46,176.80,617.20
250,2024-02-10 15:00:00,22.28,25.85,25.03,24.76,48.16,13.32,0.00,10.33,214.80,355.80
250,2024-02-10 15:15:00,22.46,26.35,25.09,25.17,46.21,12.74,0.00,9.44,215.00,463.30
250,2024-02-10 15:30:00,22.63,26.57,25.44,25.25,46.60,13.19,0.00,8.96,221.70,516.00
250,2024-02-10 15:45:00,22.81,25.76,24.79,25.17,48.45,13.19,0.00,7.22,192.00,239.40
250,2024-02-10 16:00:00,22.94,25.33,25.07,24.86,47.66,13.20,0.00,6.43,207.70,171.80
250,2024-02-10 16:15:00,22.93,25.52,24.90,25.02,47.74,13.07,0.00,9.00,178.70,251.40
250,2024-02-10 16:30:00,22.88,26.11,25.66,25.48,46.15,13.24,0.00,5.93,180.50,301.40
250,2024-02-10 16:45:00,22.86,25.96,25.48,25.43,46.06,13.05,0.00,9.00,176.00,243.10
250,2024-02-10 17:00:00,22.84,26.02,25.51,25.51,45.42,12.86,0.00,7.24,177.70,226.50
250,2024-02-10 17:15:00,22.81,25.73,24.97,25.38,47.76,13.14,0.00,7.76,174.30,135.10
250,2024-02-10 17:30:00,22.74,25.26,24.82,25.05,48.00,13.08,0.00,6.08,176.00,107.20
250,2024-02-10 17:45:00,22.63,24.78,24.16,24.77,50.12,13.13,0.00,4.89,181.90,52.00
250,2024-02-10 18:00:00,22.46,23.93,22.90,24.40,56.64,13.84,0.00,5.36,193.80,45.14
250,2024-02-10 18:15:00,22.26,21.82,21.63,23.82,60.28,13.61,0.00,5.98,246.90,15.31
250,2024-02-10 18:30:00,22.03,20.46,21.43,23.24,60.39,13.45,0.00,5.02,263.50,3.60
250,2024-02-10 18:45:00,21.77,20.05,20.52,22.59,63.59,13.38,0.00,2.35,256.10,0.23
250,2024-02-10 19:00:00,21.49,19.13,19.57,21.17,68.99,13.73,0.00,2.22,105.20,0.09
250,2024-02-10 19:15:00,21.22,18.73,18.78,20.96,68.15,12.79,0.00,1.58,105.80,0.09
250,2024-02-10 19:30:00,20.96,16.71,17.53,19.70,76.98,13.45,0.00,1.09,330.00,0.09
250,2024-02-10 19:45:00,20.71,16.76,17.25,18.99,76.48,13.08,0.00,0.78,7.01,0.09
250,2024-02-10 20:00:00,20.46,16.08,16.53,18.22,79.04,12.89,0.00,0.58,122.00,0.09
250,2024-02-10 20:15:00,20.22,15.62,16.26,17.66,82.10,13.20,0.00,0.61,164.70,0.09
250,2024-02-10 20:30:00,20.00,15.27,15.85,17.30,82.90,12.95,0.00,0.71,351.30,0.09
250,2024-02-10 20:45:00,19.77,14.75,15.44,16.69,83.50,12.66,0.00,0.34,344.60,0.09
250,2024-02-10 21:00:00,19.56,14.19,14.86,16.22,85.20,12.40,0.00,0.28,261.30,0.08
250,2024-02-10 21:15:00,19.36,14.07,14.69,15.93,86.40,12.44,0.00,0.58,154.80,0.09
250,2024-02-10 21:30:00,19.17,14.23,14.76,15.91,86.40,12.51,0.00,0.87,93.60,0.09
250,2024-02-10 21:45:00,19.00,13.95,14.64,15.63,88.50,12.76,0.00,0.67,173.50,0.09
250,2024-02-10 22:00:00,18.85,13.77,14.50,15.44,88.70,12.66,0.00,0.83,313.80,0.09
250,2024-02-10 22:15:00,18.70,14.32,14.72,15.41,88.10,12.77,0.00,0.52,81.20,0.09
250,2024-02-10 22:30:00,18.58,14.24,14.43,15.45,88.60,12.57,0.00,0.62,148.20,0.09
250,2024-02-10 22:45:00,18.49,14.63,14.67,15.39,88.40,12.77,0.00,0.34,90.10,0.09
250,2024-02-10 23:00:00,18.40,14.81,14.84,15.39,88.20,12.91,0.00,0.50,141.30,0.09
250,2024-02-10 23:15:00,18.34,14.75,14.76,15.45,88.60,12.90,0.00,1.04,246.50,0.09
250,2024-02-10 23:30:00,18.27,14.93,14.97,15.61,89.30,13.22,0.00,1.37,153.60,0.09
250,2024-02-10 23:45:00,18.20,15.06,14.98,15.56,89.50,13.27,0.00,1.13,78.97,0.09
250,2024-02-11 00:00:00,18.13,15.16,15.10,15.54,89.60,13.40,0.00,0.83,348.50,0.09
250,2024-02-11 00:15:00,18.08,15.24,15.04,15.51,90.50,13.50,0.00,1.11,245.00,0.09
250,2024-02-11 00:30:00,18.05,15.51,15.33,15.67,90.10,13.72,0.00,1.52,171.70,0.09
250,2024-02-11 00:45:00,18.02,15.73,15.48,15.86,89.40,13.75,0.00,1.23,52.88,0.09
250,2024-02-11 01:00:00,18.00,15.78,15.52,15.89,89.10,13.73,0.00,0.73,346.70,0.09
250,2024-02-11 01:15:00,17.98,15.77,15.47,15.98,88.60,13.60,0.00,1.08,160.20,0.08
250,2024-02-11 01:30:00,17.95,15.38,15.24,15.80,89.30,13.49,0.00,0.83,110.80,0.09
250,2024-02-11 01:45:00,17.89,15.05,14.98,15.66,89.70,13.30,0.00,1.20,48.68,0.09
250,2024-02-11 02:00:00,17.82,15.29,15.34,15.92,89.40,13.61,0.00,1.94,72.17,0.09
250,2024-02-11 02:15:00,17.77,15.56,15.42,16.11,90.30,13.84,0.00,1.95,241.70,0.09
250,2024-02-11 02:30:00,17.74,15.83,15.66,16.25,90.30,14.08,0.00,1.75,210.10,0.09
250,2024-02-11 02:45:00,17.72,16.00,15.72,16.30,89.10,13.93,0.00,0.93,50.61,0.09
250,2024-02-11 03:00:00,17.71,16.06,15.88,16.32,88.50,13.98,0.00,0.94,358.00,0.09
250,2024-02-11 03:15:00,17.70,16.34,16.36,16.72,86.60,14.12,0.00,2.53,161.80,0.09
250,2024-02-11 03:30:00,17.69,16.94,16.73,17.65,84.40,14.09,0.00,4.09,195.70,0.09
250,2024-02-11 03:45:00,17.68,17.31,17.42,18.02,82.30,14.37,0.00,3.71,189.40,0.09
250,2024-02-11 04:00:00,17.65,17.80,17.53,18.14,81.70,14.37,0.00,6.00,182.40,0.09
250,2024-02-11 04:15:00,17.63,17.67,17.56,18.02,81.80,14.42,0.00,4.72,178.70,0.09
250,2024-02-11 04:30:00,17.58,17.55,17.25,18.04,82.90,14.32,0.00,4.00,181.30,0.09
250,2024-02-11 04:45:00,17.52,17.32,17.08,17.85,83.00,14.17,0.00,3.11,169.90,0.08
250,2024-02-11 05:00:00,17.44,16.07,16.29,17.49,84.70,13.71,0.00,1.64,154.00,0.09
250,2024-02-11 05:15:00,17.36,15.06,15.39,16.98,87.30,13.29,0.00,1.59,150.40,0.09
250,2024-02-11 05:30:00,17.27,15.26,16.06,16.89,89.40,14.32,0.00,2.85,148.90,0.09
250,2024-02-11 05:45:00,17.21,16.59,16.51,17.10,87.50,14.43,0.00,3.86,166.00,0.09
250,2024-02-11 06:00:00,17.15,16.81,16.61,17.17,87.00,14.44,0.00,3.96,166.00,0.09
250,2024-02-11 06:15:00,17.10,16.41,16.40,17.15,88.00,14.41,0.00,3.25,168.90,0.09
250,2024-02-11 06:30:00,17.03,15.89,16.13,17.17,88.70,14.26,0.00,3.11,176.10,0.09
250,2024-02-11 06:45:00,16.95,15.72,16.10,16.87,89.90,14.44,0.00,3.31,149.50,0.10
250,2024-02-11 07:00:00,16.87,16.31,16.15,16.61,89.90,14.49,0.00,3.65,155.80,0.28
250,2024-02-11 07:15:00,16.81,16.43,16.39,16.73,90.20,14.78,0.00,4.30,162.10,2.54
250,2024-02-11 07:30:00,16.76,16.78,16.71,17.06,90.40,15.13,0.00,4.39,167.70,11.90
250,2024-02-11 07:45:00,16.74,17.19,17.05,17.37,90.20,15.43,0.00,3.44,163.90,25.07
250,2024-02-11 08:00:00,16.75,17.71,17.70,17.72,89.80,16.01,0.00,4.13,153.80,37.08
250,2024-02-11 08:15:00,16.81,18.29,18.14,18.20,89.30,16.35,0.00,4.63,159.50,67.54
250,2024-02-11 08:30:00,16.91,19.10,19.11,18.92,87.80,17.04,0.00,5.81,169.00,135.80
250,2024-02-11 08:45:00,17.04,20.01,19.76,19.69,86.70,17.48,0.00,6.10,179.80,166.90
250,2024-02-11 09:00:00,17.22,20.46,20.25,20.18,86.20,17.87,0.00,8.45,190.00,123.50
250,2024-02-11 09:15:00,17.43,21.21,20.92,20.75,84.90,18.29,0.00,10.36,197.40,200.80
250,2024-02-11 09:30:00,17.66,22.02,21.64,21.30,82.90,18.61,0.00,12.70,199.10,335.60
250,2024-02-11 09:45:00,17.95,22.59,22.16,21.67,80.60,18.67,0.00,13.47,202.90,359.00
250,2024-02-11 10:00:00,18.29,23.22,23.03,22.22,77.82,18.95,0.00,12.69,197.80,429.50
250,2024-02-11 10:15:00,18.67,24.14,23.75,22.97,72.46,18.51,0.00,10.51,199.40,464.10
250,2024-02-11 10:30:00,19.10,24.76,24.59,23.43,69.18,18.57,0.00,10.36,202.70,508.10
250,2024-02-11 10:45:00,19.56,25.29,24.44,24.01,67.12,17.95,0.00,9.12,212.10,471.80
250,2024-02-11 11:00:00,20.02,26.03,25.57,24.62,64.87,18.48,0.00,10.33,218.80,537.00
250,2024-02-11 11:15:00,20.46,26.36,25.20,24.88,60.98,17.15,0.00,17.25,214.70,561.90
250,2024-02-11 11:30:00,20.92,26.78,25.99,25.17,61.30,17.98,0.00,11.04,217.00,603.90
250,2024-02-11 11:45:00,21.37,26.87,25.98,25.28,60.45,17.74,0.00,11.45,223.30,546.10
250,2024-02-11 12:00:00,21.79,27.26,26.39,25.62,58.76,17.68,0.00,12.10,216.20,644.10
250,2024-02-11 12:15:00,22.18,27.25,26.86,25.85,55.23,17.14,0.00,10.66,219.40,530.80
250,2024-02-11 12:30:00,22.54,27.69,26.83,26.21,54.42,16.88,0.00,12.45,227.90,513.10
250,2024-02-11 12:45:00,22.85,27.78,27.40,26.41,52.13,16.73,0.00,11.30,232.70,489.60
250,2024-02-11 13:00:00,23.12,28.43,26.87,27.04,52.28,16.28,0.00,11.35,250.90,511.40
250,2024-02-11 13:15:00,23.38,28.76,27.51,27.21,50.07,16.19,0.00,10.57,235.50,618.30
250,2024-02-11 13:30:00,23.64,29.46,28.26,27.67,47.96,16.21,0.00,9.86,231.70,649.80
250,2024-02-11 13:45:00,23.89,28.90,27.88,27.64,48.45,16.02,0.00,11.27,234.00,413.00
250,2024-02-11 14:00:00,24.12,28.92,28.46,27.74,43.78,14.97,0.00,12.48,201.50,477.20
250,2024-02-11 14:15:00,24.28,29.75,28.81,28.21,41.45,14.43,0.00,12.36,209.70,545.50
250,2024-02-11 14:30:00,24.43,29.28,28.22,28.06,43.14,14.52,0.00,13.10,218.70,419.10
250,2024-02-11 14:45:00,24.58,29.48,28.77,28.20,42.15,14.66,0.00,12.01,230.80,473.90
250,2024-02-11 15:00:00,24.71,28.86,28.04,27.96,43.24,14.39,0.00,12.61,239.10,327.60
250,2024-02-11 15:15:00,24.81,28.99,28.10,28.10,43.15,14.42,0.00,10.09,234.60,316.90
250,2024-02-11 15:30:00,24.87,28.40,27.62,27.80,43.30,14.04,0.00,11.85,226.60,240.80
250,2024-02-11 15:45:00,24.88,28.71,28.46,27.93,41.48,14.13,0.00,9.96,246.70,324.10
250,2024-02-11 16:00:00,24.88,28.83,28.02,28.00,42.59,14.14,0.00,10.99,261.00,269.80
250,2024-02-11 16:15:00,24.88,28.20,27.44,27.78,45.72,14.71,0.00,8.59,258.60,127.50
250,2024-02-11 16:30:00,24.88,28.14,27.55,27.71,46.22,14.98,0.00,8.92,260.10,141.60
250,2024-02-11 16:45:00,24.81,27.92,27.25,27.57,46.53,14.81,0.00,8.84,250.60,114.20
250,2024-02-11 17:00:00,24.74,27.55,26.95,27.29,48.65,15.23,0.00,9.10,249.00,98.50
250,2024-02-11 17:15:00,24.65,27.24,26.51,27.01,52.75,16.09,0.00,9.06,241.80,91.30
250,2024-02-11 17:30:00,24.54,26.54,25.96,26.40,57.48,16.93,0.00,9.66,260.60,65.29
250,2024-02-11 17:45:00,24.42,26.71,26.10,26.43,56.83,16.88,0.00,8.89,248.70,98.50
250,2024-02-11 18:00:00,24.30,25.97,25.15,25.89,62.18,17.41,0.00,10.50,258.30,54.19
250,2024-02-11 18:15:00,24.16,24.57,23.75,24.88,67.41,17.36,0.00,9.19,240.80,9.36
250,2024-02-11 18:30:00,23.99,23.63,23.46,24.27,69.38,17.54,0.00,9.29,252.40,1.43
250,2024-02-11 18:45:00,23.77,23.18,23.11,23.89,71.45,17.67,0.00,7.62,248.40,0.18
250,2024-02-11 19:00:00,23.53,22.78,22.51,23.50,72.37,17.30,0.00,7.43,244.00,0.10
250,2024-02-11 19:15:00,23.29,22.07,21.71,23.08,75.79,17.25,0.00,6.75,238.10,0.09
250,2024-02-11 19:30:00,23.04,20.91,20.90,22.74,78.86,17.10,0.00,5.04,231.90,0.09
250,2024-02-11 19:45:00,22.81,20.28,20.04,22.44,81.30,16.74,0.00,4.03,216.80,0.10
250,2024-02-11 20:00:00,22.58,18.91,19.73,22.20,84.60,17.06,0.00,4.31,228.10,0.10
250,2024-02-11 20:15:00,22.35,19.92,20.29,21.92,81.70,17.06,0.00,3.50,220.90,0.10
250,2024-02-11 20:30:00,22.13,19.64,19.74,21.51,82.80,16.73,0.00,1.92,261.30,0.09
250,2024-02-11 20:45:00,21.94,18.88,19.26,20.88,84.40,16.57,0.00,1.70,273.00,0.10
250,2024-02-11 21:00:00,21.73,18.53,18.94,20.33,85.50,16.46,0.00,0.86,250.10,0.10
250,2024-02-11 21:15:00,21.53,17.95,18.67,20.26,87.00,16.46,0.00,3.36,253.30,0.10
250,2024-02-11 21:30:00,21.35,18.67,19.18,20.75,86.10,16.80,0.00,5.01,245.50,0.10
250,2024-02-11 21:45:00,21.17,18.98,19.49,20.75,86.50,17.18,0.00,5.76,233.00,0.10
250,2024-02-11 22:00:00,21.02,19.07,19.26,20.73,87.30,17.10,0.00,5.90,217.40,0.10
250,2024-02-11 22:15:00,20.88,19.25,19.18,20.71,87.60,17.07,0.00,5.03,206.30,0.10
250,2024-02-11 22:30:00,20.77,19.06,19.05,20.49,86.80,16.80,0.00,4.32,198.70,0.10
250,2024-02-11 22:45:00,20.64,18.76,19.33,20.24,88.30,17.35,0.00,3.39,181.50,0.10
250,2024-02-11 23:00:00,20.53,19.37,19.19,19.95,87.50,17.07,0.00,3.51,138.30,0.10
250,2024-02-11 23:15:00,20.42,19.22,18.99,19.49,87.80,16.92,0.00,2.80,144.80,0.10
250,2024-02-11 23:30:00,20.32,18.05,17.87,19.12,88.80,16.00,0.00,1.58,157.60,0.10
250,2024-02-11 23:45:00,20.22,17.07,17.48,18.50,91.10,16.01,0.00,0.36,201.90,0.09
250,2024-02-12 00:00:00,20.11,16.76,16.94,18.05,91.50,15.55,0.00,0.64,158.20,0.10
250,2024-02-12 00:15:00,20.00,16.42,16.77,17.82,92.40,15.53,0.00,1.24,138.80,0.10
250,2024-02-12 00:30:00,19.87,16.51,16.92,18.01,93.30,15.83,0.00,2.79,148.10,0.09
250,2024-02-12 00:45:00,19.75,16.87,17.43,18.29,93.70,16.40,0.00,2.89,161.00,0.09
250,2024-02-12 01:00:00,19.66,16.31,16.61,18.22,93.30,15.52,0.00,2.04,174.20,0.10
250,2024-02-12 01:15:00,19.55,17.06,17.62,18.24,94.00,16.64,0.00,3.36,168.90,0.10
250,2024-02-12 01:30:00,19.47,18.02,17.85,18.41,93.20,16.74,0.00,3.56,162.60,0.09
250,2024-02-12 01:45:00,19.39,17.42,17.25,18.49,92.80,16.07,0.00,3.05,174.50,0.09
250,2024-02-12 02:00:00,19.33,17.51,17.93,18.50,93.30,16.83,0.00,3.27,165.90,0.10
250,2024-02-12 02:15:00,19.26,18.22,17.93,18.45,92.50,16.70,0.00,3.69,151.10,0.09
250,2024-02-12 02:30:00,19.21,18.10,17.82,18.30,92.50,16.59,0.00,3.68,156.50,0.09
250,2024-02-12 02:45:00,19.14,17.67,17.45,18.20,93.20,16.34,0.00,3.90,174.30,0.09
250,2024-02-12 03:00:00,19.08,17.73,17.80,18.29,93.30,16.70,0.00,4.29,175.60,0.09
250,2024-02-12 03:15:00,19.00,18.15,17.93,18.36,93.20,16.82,0.00,3.49,154.70,0.09
250,2024-02-12 03:30:00,18.94,18.19,17.96,18.28,93.20,16.85,0.00,3.38,154.20,0.10
250,2024-02-12 03:45:00,18.91,18.13,17.89,18.30,93.70,16.86,0.00,4.12,170.80,0.09
250,2024-02-12 04:00:00,18.89,17.97,17.63,18.38,93.50,16.57,0.00,4.54,187.10,0.09
250,2024-02-12 04:15:00,18.84,17.86,17.93,18.46,94.30,17.00,0.00,4.02,183.50,0.09
250,2024-02-12 04:30:00,18.78,18.14,18.04,18.48,94.40,17.13,0.00,3.86,171.40,0.09
250,2024-02-12 04:45:00,18.72,18.28,18.11,18.55,94.30,17.18,0.00,4.63,166.00,0.10
250,2024-02-12 05:00:00,18.67,18.51,18.30,18.69,94.40,17.39,0.00,5.75,172.70,0.10
250,2024-02-12 05:15:00,18.63,18.68,18.41,18.84,94.20,17.46,0.00,6.73,179.80,0.09
250,2024-02-12 05:30:00,18.61,18.70,18.40,18.84,94.20,17.45,0.00,6.47,172.90,0.09
250,2024-02-12 05:45:00,18.59,18.68,18.31,18.81,94.20,17.36,0.00,6.49,178.70,0.10
250,2024-02-12 06:00:00,18.57,18.54,18.28,18.69,94.40,17.37,0.00,6.27,179.70,0.09
250,2024-02-12 06:15:00,18.54,18.47,18.21,18.61,94.70,17.35,0.00,5.52,169.60,0.10
250,2024-02-12 06:30:00,18.51,18.42,18.10,18.55,94.80,17.25,0.00,6.54,179.70,0.09
250,2024-02-12 06:45:00,18.49,18.44,18.16,18.54,94.90,17.33,0.00,6.57,177.80,0.11
250,2024-02-12 07:00:00,18.46,18.40,18.01,18.46,94.80,17.16,0.00,6.15,165.80,0.71
250,2024-02-12 07:15:00,18.45,18.17,17.92,18.25,95.20,17.14,0.00,5.77,167.10,5.96
250,2024-02-12 07:30:00,18.41,18.26,17.99,18.28,95.30,17.23,0.00,7.79,167.80,17.25
250,2024-02-12 07:45:00,18.40,18.36,18.10,18.34,95.30,17.34,0.00,7.78,168.10,30.24
250,2024-02-12 08:00:00,18.40,18.61,18.36,18.54,95.20,17.58,0.00,9.74,177.30,50.26
250,2024-02-12 08:15:00,18.41,19.05,18.82,18.95,94.60,17.94,0.00,11.57,179.60,65.38
250,2024-02-12 08:30:00,18.46,19.43,19.18,19.30,93.90,18.17,0.00,11.20,183.70,86.50
250,2024-02-12 08:45:00,18.53,19.87,19.64,19.71,92.60,18.41,0.00,11.05,187.00,116.00
250,2024-02-12 09:00:00,18.64,20.23,19.91,20.05,90.50,18.31,0.00,11.90,183.90,129.10
250,2024-02-12 09:15:00,18.75,20.51,20.28,20.34,88.90,18.39,0.00,12.93,182.30,144.00
250,2024-02-12 09:30:00,18.87,21.13,20.99,20.78,86.40,18.63,0.00,12.51,184.30,265.20
250,2024-02-12 09:45:00,19.03,22.01,21.65,21.45,82.70,18.58,0.00,12.97,188.40,377.60
250,2024-02-12 10:00:00,19.27,22.64,22.38,21.98,78.70,18.50,0.00,14.42,183.50,414.30
250,2024-02-12 10:15:00,19.58,23.53,23.17,22.62,76.35,18.78,0.00,14.68,200.80,455.30
250,2024-02-12 10:30:00,19.93,24.27,23.75,23.25,73.53,18.74,0.00,15.51,204.80,468.30
250,2024-02-12 10:45:00,20.32,25.18,24.53,23.89,71.43,19.03,0.00,13.42,209.80,546.00
250,2024-02-12 11:00:00,20.74,25.52,24.44,24.30,71.60,18.98,0.00,14.46,219.20,468.50
250,2024-02-12 11:15:00,21.17,26.39,25.44,25.14,66.63,18.78,0.00,12.13,224.50,509.60
250,2024-02-12 11:30:00,21.57,26.62,25.62,25.31,66.31,18.88,0.00,13.05,220.10,405.90
250,2024-02-12 11:45:00,21.95,26.04,25.46,25.39,66.64,18.81,0.00,12.36,228.70,198.10
250,2024-02-12 12:00:00,22.18,25.87,25.49,25.53,65.67,18.60,0.00,10.42,229.70,103.90
250,2024-02-12 12:15:00,22.27,26.11,25.84,25.88,65.35,18.85,0.00,13.98,229.50,126.70
250,2024-02-12 12:30:00,22.30,26.52,26.12,26.24,63.95,18.77,0.00,16.96,232.90,148.60
250,2024-02-12 12:45:00,22.33,26.57,26.10,26.33,63.13,18.55,0.00,19.18,232.60,151.50
250,2024-02-12 13:00:00,22.37,27.00,26.39,26.48,58.99,17.74,0.00,20.53,227.80,290.40
250,2024-02-12 13:15:00,22.45,27.03,26.43,26.45,60.68,18.23,0.00,25.36,227.80,349.60
250,2024-02-12 13:30:00,22.60,26.49,25.82,26.10,62.95,18.24,0.00,21.02,235.30,194.50
250,2024-02-12 13:45:00,22.73,26.28,25.78,25.91,65.12,18.74,0.00,17.20,230.40,183.60
250,2024-02-12 14:00:00,22.81,25.97,25.46,25.77,64.33,18.24,0.00,21.32,222.10,163.50
250,2024-02-12 14:15:00,22.86,26.51,26.15,25.89,62.82,18.52,0.00,17.77,233.70,311.60
250,2024-02-12 14:30:00,22.93,26.69,26.09,25.99,63.20,18.56,0.00,20.27,224.90,308.30
250,2024-02-12 14:45:00,23.06,27.18,26.67,26.29,62.22,18.85,0.00,16.84,218.50,402.10
250,2024-02-12 15:00:00,23.21,27.65,27.38,26.71,58.22,18.46,0.00,20.12,217.10,430.40
250,2024-02-12 15:15:00,23.40,28.42,28.06,27.47,53.36,17.71,0.00,21.34,222.70,451.10
250,2024-02-12 15:30:00,23.59,28.28,27.22,27.53,54.28,17.20,0.00,23.43,224.60,352.20
250,2024-02-12 15:45:00,23.77,28.05,27.14,27.40,54.14,17.08,0.00,21.31,230.50,294.10
250,2024-02-12 16:00:00,23.91,27.34,26.54,27.09,54.11,16.52,0.00,19.60,225.30,112.00
250,2024-02-12 16:15:00,23.96,26.61,26.06,26.59,55.60,16.50,0.00,22.24,230.40,48.82
250,2024-02-12 16:30:00,23.93,26.31,25.86,26.33,58.03,16.99,0.00,21.46,222.80,107.80
250,2024-02-12 16:45:00,23.86,26.12,25.76,26.18,57.72,16.81,0.00,21.37,221.20,75.07
250,2024-02-12 17:00:00,23.78,25.90,25.52,26.00,60.07,17.21,0.00,21.81,219.10,78.23
250,2024-02-12 17:15:00,23.69,25.70,25.25,25.76,64.44,18.07,0.00,21.80,216.50,67.62
250,2024-02-12 17:30:00,23.59,25.45,25.03,25.50,68.36,18.80,0.00,21.50,215.70,37.68
250,2024-02-12 17:45:00,23.50,25.17,24.76,25.23,70.53,19.05,0.00,20.70,218.50,34.50
250,2024-02-12 18:00:00,23.42,24.98,24.62,25.06,71.14,19.05,0.00,18.00,212.50,18.80
250,2024-02-12 18:15:00,23.32,24.74,24.38,24.86,72.43,19.11,0.00,18.34,216.60,3.51
250,2024-02-12 18:30:00,23.22,24.60,24.22,24.74,74.64,19.43,0.00,18.51,216.10,0.74
250,2024-02-12 18:45:00,23.12,24.36,23.92,24.56,77.76,19.80,0.00,17.01,216.60,0.10
250,2024-02-12 19:00:00,23.02,22.45,21.39,22.67,92.10,20.05,0.40,18.01,247.60,0.09
250,2024-02-12 19:15:00,22.75,21.53,21.43,21.57,93.10,20.27,0.02,12.33,254.00,0.09
250,2024-02-12 19:30:00,22.47,21.61,21.27,21.64,92.70,20.04,0.01,12.65,259.20,0.09
250,2024-02-12 19:45:00,22.29,21.27,20.79,21.33,92.40,19.51,0.00,11.89,250.70,0.09
250,2024-02-12 20:00:00,22.12,20.80,20.48,20.88,93.00,19.31,0.00,9.78,241.40,0.10
250,2024-02-12 20:15:00,21.96,20.64,20.45,20.71,93.10,19.30,0.00,11.10,242.90,0.09
250,2024-02-12 20:30:00,21.81,20.71,20.49,20.76,93.30,19.37,0.00,12.54,243.20,0.08
250,2024-02-12 20:45:00,21.67,20.80,20.64,20.86,93.10,19.49,0.00,12.46,248.60,0.08
250,2024-02-12 21:00:00,21.56,20.85,20.64,20.91,92.80,19.43,0.00,10.86,243.20,0.08
250,2024-02-12 21:15:00,21.46,20.88,20.64,20.93,92.60,19.40,0.00,11.29,244.20,0.08
250,2024-02-12 21:30:00,21.38,20.89,20.60,20.93,92.20,19.29,0.00,11.30,241.30,0.09
250,2024-02-12 21:45:00,21.29,20.81,20.49,20.86,92.20,19.18,0.00,10.69,239.80,0.08
250,2024-02-12 22:00:00,21.21,20.68,20.31,20.74,92.00,18.97,0.00,11.64,246.20,0.09
250,2024-02-12 22:15:00,21.12,20.46,19.94,20.55,89.60,18.18,0.00,13.92,254.00,0.09
250,2024-02-12 22:30:00,21.01,19.87,19.50,20.10,88.40,17.53,0.00,11.81,257.50,0.09
250,2024-02-12 22:45:00,20.86,19.48,19.18,19.75,85.60,16.71,0.00,10.03,256.60,0.09
250,2024-02-12 23:00:00,20.67,19.00,18.67,19.42,85.20,16.14,0.00,8.92,253.50,0.09
250,2024-02-12 23:15:00,20.46,18.69,18.41,19.15,83.90,15.64,0.00,10.46,256.40,0.09
250,2024-02-12 23:30:00,20.24,18.55,18.40,18.90,83.00,15.46,0.00,13.31,257.90,0.09
250,2024-02-12 23:45:00,20.00,18.34,18.10,18.63,83.80,15.32,0.00,12.44,260.60,0.09
250,2024-02-13 00:00:00,19.80,18.07,17.85,18.33,84.80,15.26,0.00,11.99,257.80,0.09
250,2024-02-13 00:15:00,19.61,17.94,17.66,18.19,84.00,14.93,0.00,13.20,260.00,0.09
250,2024-02-13 00:30:00,19.44,17.80,17.52,18.04,82.40,14.49,0.00,14.11,264.90,0.09
250,2024-02-13 00:45:00,19.29,17.60,17.41,17.85,80.40,14.00,0.00,14.08,265.90,0.08
250,2024-02-13 01:00:00,19.12,17.39,17.12,17.66,80.50,13.74,0.00,13.29,269.80,0.09
250,2024-02-13 01:15:00,18.95,17.11,16.92,17.41,79.26,13.31,0.00,13.34,271.70,0.08
250,2024-02-13 01:30:00,18.77,16.92,16.67,17.22,80.10,13.23,0.00,12.67,273.40,0.08
250,2024-02-13 01:45:00,18.59,16.81,16.56,17.07,79.84,13.07,0.00,11.67,275.40,0.09
250,2024-02-13 02:00:00,18.42,16.75,16.57,16.97,78.79,12.88,0.00,10.13,283.00,0.08
250,2024-02-13 02:15:00,18.27,16.71,16.44,16.97,79.40,12.87,0.00,11.18,277.40,0.09
250,2024-02-13 02:30:00,18.13,16.50,16.23,16.82,80.40,12.85,0.00,10.87,271.50,0.08
250,2024-02-13 02:45:00,17.98,16.38,16.26,16.71,80.90,12.98,0.00,10.93,275.20,0.09
250,2024-02-13 03:00:00,17.84,16.24,16.05,16.59,81.90,12.96,0.00,9.63,271.10,0.09
250,2024-02-13 03:15:00,17.72,16.22,16.09,16.53,81.90,13.00,0.00,10.01,266.70,0.08
250,2024-02-13 03:30:00,17.60,16.13,15.98,16.46,82.20,12.95,0.00,9.89,268.90,0.09
250,2024-02-13 03:45:00,17.50,16.12,16.02,16.42,81.00,12.76,0.00,9.40,273.80,0.09
250,2024-02-13 04:00:00,17.40,15.98,15.84,16.35,81.20,12.62,0.00,9.02,268.40,0.09
250,2024-02-13 04:15:00,17.30,15.97,15.76,16.31,80.70,12.45,0.00,8.75,269.20,0.09
250,2024-02-13 04:30:00,17.21,15.94,15.79,16.27,80.20,12.39,0.00,9.05,263.70,0.09
250,2024-02-13 04:45:00,17.12,16.00,15.78,16.23,79.79,12.30,0.00,6.89,278.30,0.09
250,2024-02-13 05:00:00,17.05,15.79,15.65,16.12,79.93,12.20,0.00,7.41,275.90,0.09
250,2024-02-13 05:15:00,16.96,15.61,15.57,15.96,80.20,12.17,0.00,6.49,280.40,0.09
250,2024-02-13 05:30:00,16.88,15.72,15.58,15.95,80.50,12.24,0.00,8.13,278.70,0.08
250,2024-02-13 05:45:00,16.80,15.67,15.44,15.82,81.00,12.20,0.00,7.26,290.40,0.08
250,2024-02-13 06:00:00,16.73,15.53,15.27,15.65,82.00,12.22,0.00,6.00,290.90,0.08
250,2024-02-13 06:15:00,16.68,15.38,15.17,15.50,82.40,12.19,0.00,5.29,286.50,0.09
250,2024-02-13 06:30:00,16.62,15.31,15.00,15.40,82.90,12.12,0.00,5.18,289.90,0.09
250,2024-02-13 06:45:00,16.58,15.11,14.86,15.23,83.40,12.07,0.00,4.81,297.50,0.09
250,2024-02-13 07:00:00,16.53,15.00,14.70,15.09,83.80,11.99,0.00,5.31,302.10,0.34
250,2024-02-13 07:15:00,16.48,14.82,14.58,14.94,84.30,11.96,0.00,5.30,290.30,3.05
250,2024-02-13 07:30:00,16.42,14.71,14.44,14.78,84.70,11.90,0.00,4.16,294.90,14.58
250,2024-02-13 07:45:00,16.37,14.61,14.39,14.70,84.20,11.76,0.00,6.05,289.30,28.77
250,2024-02-13 08:00:00,16.31,14.58,14.29,14.59,84.80,11.77,0.00,4.00,303.50,35.74
250,2024-02-13 08:15:00,16.27,14.42,13.98,14.38,83.40,11.21,0.00,6.22,303.00,55.42
250,2024-02-13 08:30:00,16.24,14.16,13.91,14.10,80.40,10.59,0.00,6.98,309.20,84.10
250,2024-02-13 08:45:00,16.20,14.94,14.40,14.46,76.74,10.37,0.00,7.23,308.60,253.40
250,2024-02-13 09:00:00,16.25,14.94,14.59,14.36,73.52,9.91,0.00,9.39,299.00,290.50
250,2024-02-13 09:15:00,16.37,14.96,14.72,14.38,72.69,9.87,0.00,9.58,292.50,322.40
250,2024-02-13 09:30:00,16.52,15.30,14.66,14.57,72.89,9.85,0.00,8.38,297.70,358.70
250,2024-02-13 09:45:00,16.73,14.87,14.43,14.07,67.30,8.45,0.00,10.19,303.80,416.60
250,2024-02-13 10:00:00,16.90,14.48,13.65,13.70,70.27,8.34,0.00,10.34,286.70,297.50
250,2024-02-13 10:15:00,17.04,14.40,14.07,13.66,68.88,8.45,0.00,7.94,292.10,359.40
250,2024-02-13 10:30:00,17.10,15.20,14.36,14.18,65.11,7.90,0.00,8.50,295.10,432.90
250,2024-02-13 10:45:00,17.25,14.59,14.05,13.77,64.41,7.44,0.00,9.18,332.20,385.70
250,2024-02-13 11:00:00,17.39,15.07,14.33,13.94,63.65,7.53,0.00,8.29,323.20,569.20
250,2024-02-13 11:15:00,17.63,15.68,14.55,14.34,61.05,7.13,0.00,7.95,302.20,587.10
250,2024-02-13 11:30:00,17.94,15.22,14.53,14.23,60.35,6.95,0.00,7.48,317.60,417.90
250,2024-02-13 11:45:00,18.13,15.32,15.13,14.39,59.54,7.31,0.00,7.37,308.50,467.30
250,2024-02-13 12:00:00,18.24,15.68,14.88,14.54,58.45,6.81,0.00,7.51,303.50,484.80
250,2024-02-13 12:15:00,18.40,16.41,15.37,15.08,60.26,7.71,0.00,6.87,311.60,690.80
250,2024-02-13 12:30:00,18.67,16.89,15.79,15.57,56.44,7.15,0.00,6.91,323.60,672.00
250,2024-02-13 12:45:00,18.98,17.21,16.63,15.77,56.57,7.97,0.00,7.56,300.30,715.60
250,2024-02-13 13:00:00,19.24,17.75,16.88,16.20,53.17,7.29,0.00,7.33,311.90,698.50
250,2024-02-13 13:15:00,19.45,18.09,17.39,16.72,53.41,7.83,0.00,7.07,334.40,713.40
250,2024-02-13 13:30:00,19.59,18.55,17.49,17.15,51.44,7.37,0.00,6.43,303.20,617.00
250,2024-02-13 13:45:00,19.73,18.61,18.27,17.26,48.50,7.23,0.00,6.45,339.70,634.60
250,2024-02-13 14:00:00,19.86,19.00,17.45,17.63,52.44,7.62,0.00,5.87,322.20,595.70
250,2024-02-13 14:15:00,20.04,18.88,17.86,17.65,52.44,8.00,0.00,7.58,338.90,466.30
250,2024-02-13 14:30:00,20.22,18.62,17.72,17.61,53.72,8.22,0.00,6.71,332.90,386.50
250,2024-02-13 14:45:00,20.33,19.09,18.60,17.80,49.75,7.91,0.00,6.60,326.60,506.70
250,2024-02-13 15:00:00,20.44,18.83,17.93,17.56,53.04,8.23,0.00,9.20,342.90,475.00
250,2024-02-13 15:15:00,20.52,18.63,17.94,17.62,52.83,8.18,0.00,6.20,316.30,381.90
250,2024-02-13 15:30:00,20.55,18.20,17.28,17.39,53.19,7.67,0.00,6.15,338.00,258.50
250,2024-02-13 15:45:00,20.52,17.78,17.24,17.04,53.19,7.63,0.00,5.76,325.80,232.30
250,2024-02-13 16:00:00,20.42,17.48,16.87,16.88,54.98,7.77,0.00,5.96,322.90,193.80
250,2024-02-13 16:15:00,20.29,17.30,16.74,16.77,55.19,7.71,0.00,5.89,318.80,176.70
250,2024-02-13 16:30:00,20.14,16.96,16.37,16.52,56.06,7.59,0.00,4.90,311.60,126.40
250,2024-02-13 16:45:00,19.97,16.93,16.50,16.50,56.92,7.94,0.00,4.16,312.00,132.90
250,2024-02-13 17:00:00,19.79,16.72,16.21,16.39,57.27,7.76,0.00,4.12,306.50,90.80
250,2024-02-13 17:15:00,19.62,16.71,16.21,16.37,57.08,7.71,0.00,3.55,317.10,108.30
250,2024-02-13 17:30:00,19.43,16.37,15.75,16.17,58.85,7.72,0.00,4.14,305.80,64.11
250,2024-02-13 17:45:00,19.23,15.95,15.58,15.84,60.29,7.92,0.00,3.27,304.00,47.72
250,2024-02-13 18:00:00,18.99,15.59,15.15,15.58,61.43,7.79,0.00,3.32,316.30,25.75
250,2024-02-13 18:15:00,18.76,15.02,14.67,15.19,64.34,8.01,0.00,2.04,307.70,6.80
250,2024-02-13 18:30:00,18.52,14.70,14.63,14.98,62.62,7.58,0.00,3.70,310.90,1.67
250,2024-02-13 18:45:00,18.29,14.48,14.26,14.74,63.90,7.53,0.00,2.96,321.30,0.23
250,2024-02-13 19:00:00,18.05,13.79,13.77,14.41,66.30,7.60,0.00,1.69,306.20,0.09
250,2024-02-13 19:15:00,17.82,13.49,13.55,14.13,66.95,7.53,0.00,2.66,322.40,0.08
250,2024-02-13 19:30:00,17.61,13.46,13.60,13.99,66.89,7.57,0.00,2.64,309.90,0.09
250,2024-02-13 19:45:00,17.42,13.51,13.48,14.02,65.90,7.23,0.00,2.78,325.40,0.09
250,2024-02-13 20:00:00,17.23,12.87,13.00,13.90,68.44,7.33,0.00,2.22,312.00,0.09
250,2024-02-13 20:15:00,17.04,11.99,12.14,13.52,70.33,6.90,0.00,2.01,300.30,0.09
250,2024-02-13 20:30:00,16.83,10.84,11.49,13.05,72.39,6.70,0.00,1.65,310.10,0.09
250,2024-02-13 20:45:00,16.62,11.28,12.05,12.82,72.29,7.22,0.00,2.84,326.10,0.10
250,2024-02-13 21:00:00,16.44,11.97,12.18,12.78,71.14,7.11,0.00,1.88,306.60,0.10
250,2024-02-13 21:15:00,16.29,11.78,11.87,12.71,70.93,6.77,0.00,1.88,288.90,0.10
250,2024-02-13 21:30:00,16.16,11.06,11.19,12.27,75.67,7.06,0.00,1.54,273.80,0.10
250,2024-02-13 21:45:00,16.03,10.30,10.04,11.89,83.40,7.36,0.00,2.18,251.30,0.11
250,2024-02-13 22:00:00,15.85,9.50,9.49,11.34,85.60,7.20,0.00,1.92,250.10,0.10
250,2024-02-13 22:15:00,15.66,8.75,8.75,10.76,85.00,6.37,0.00,2.06,266.80,0.09
250,2024-02-13 22:30:00,15.48,8.21,8.53,10.28,86.90,6.47,0.00,0.74,297.80,0.10
250,2024-02-13 22:45:00,15.30,8.04,8.25,9.47,87.60,6.31,0.00,0.33,204.20,0.10
250,2024-02-13 23:00:00,15.12,7.46,7.84,9.02,87.90,5.96,0.00,0.70,327.50,0.10
250,2024-02-13 23:15:00,14.94,7.66,7.85,8.57,88.60,6.08,0.00,0.62,145.60,0.10
250,2024-02-13 23:30:00,14.77,6.98,7.45,8.30,89.80,5.89,0.00,0.68,224.30,0.12
250,2024-02-13 23:45:00,14.61,6.98,7.31,7.87,90.70,5.89,0.00,0.55,60.50,0.12
250,2024-02-14 00:00:00,14.45,7.02,7.10,7.91,91.20,5.76,0.00,1.04,6.50,0.12
250,2024-02-14 00:15:00,14.28,6.65,6.69,8.12,91.70,5.43,0.00,1.30,322.00,0.13
250,2024-02-14 00:30:00,14.12,6.45,6.86,8.16,92.30,5.70,0.00,1.30,353.40,0.12
250,2024-02-14 00:45:00,13.96,6.56,6.56,7.96,92.20,5.38,0.00,1.12,10.45,0.12
250,2024-02-14 01:00:00,13.81,6.47,6.65,7.91,92.90,5.58,0.00,1.06,297.30,0.12
250,2024-02-14 01:15:00,13.66,6.40,6.73,8.94,93.30,5.73,0.00,1.46,332.50,0.12
250,2024-02-14 01:30:00,13.53,6.72,7.38,9.55,93.00,6.32,0.00,1.79,347.60,0.11
250,2024-02-14 01:45:00,13.40,6.80,7.59,9.53,92.40,6.44,0.00,1.00,9.47,0.12
250,2024-02-14 02:00:00,13.27,6.55,6.97,9.28,92.50,5.84,0.00,0.82,354.00,0.11
250,2024-02-14 02:15:00,13.15,6.59,7.25,8.77,92.20,6.07,0.00,0.25,11.65,0.12
250,2024-02-14 02:30:00,13.02,6.59,7.11,8.69,91.50,5.82,0.00,0.64,59.54,0.11
250,2024-02-14 02:45:00,12.90,6.65,7.11,8.66,91.70,5.85,0.00,0.72,52.33,0.12
250,2024-02-14 03:00:00,12.79,6.40,6.53,8.63,92.10,5.34,0.00,0.59,304.00,0.12
250,2024-02-14 03:15:00,12.67,6.10,6.12,8.82,92.20,4.95,0.00,1.39,268.70,0.12
250,2024-02-14 03:30:00,12.55,5.84,6.05,7.85,92.10,4.87,0.00,0.92,132.10,0.11
250,2024-02-14 03:45:00,12.44,5.62,6.01,7.13,92.90,4.95,0.00,1.12,161.90,0.11
250,2024-02-14 04:00:00,12.32,5.43,5.67,6.76,93.10,4.64,0.00,1.20,119.70,0.11
250,2024-02-14 04:15:00,12.20,5.17,5.50,6.39,93.20,4.49,0.00,0.77,64.88,0.11
250,2024-02-14 04:30:00,12.07,5.00,4.96,6.15,93.80,4.05,0.00,1.46,179.90,0.10
250,2024-02-14 04:45:00,11.96,4.89,5.05,5.98,94.30,4.21,0.00,1.30,157.30,0.10
250,2024-02-14 05:00:00,11.83,4.60,4.97,5.68,94.40,4.15,0.00,0.80,284.10,0.11
250,2024-02-14 05:15:00,11.72,4.53,4.86,5.81,95.00,4.13,0.00,1.46,5.88,0.10
250,2024-02-14 05:30:00,11.61,4.39,4.71,6.02,95.00,3.98,0.00,1.06,352.00,0.10
250,2024-02-14 05:45:00,11.49,4.48,4.92,6.12,95.30,4.23,0.00,0.75,342.40,0.09
250,2024-02-14 06:00:00,11.37,4.50,4.83,6.49,95.30,4.14,0.00,0.75,53.36,0.10
250,2024-02-14 06:15:00,11.27,4.70,5.23,7.07,95.20,4.53,0.00,1.71,15.15,0.09
250,2024-02-14 06:30:00,11.16,5.74,7.18,8.09,95.70,6.54,0.00,2.99,10.37,0.10
250,2024-02-14 06:45:00,11.06,7.64,8.03,8.72,90.70,6.60,0.00,3.30,20.98,0.12
250,2024-02-14 07:00:00,11.00,8.10,8.22,8.83,83.00,5.51,0.00,3.66,13.20,0.83
250,2024-02-14 07:15:00,10.93,8.00,8.20,8.74,81.40,5.21,0.00,3.53,15.54,5.82
250,2024-02-14 07:30:00,10.88,8.13,8.36,8.82,79.68,5.06,0.00,3.25,15.32,13.95
250,2024-02-14 07:45:00,10.84,8.39,8.67,9.16,78.42,5.13,0.00,3.35,16.81,42.64
250,2024-02-14 08:00:00,10.82,9.15,9.69,9.68,74.06,5.29,0.00,3.53,16.90,128.40
250,2024-02-14 08:15:00,10.82,10.55,10.28,10.28,68.62,4.77,0.00,3.37,15.97,168.60
250,2024-02-14 08:30:00,10.93,10.90,10.75,10.55,66.47,4.76,0.00,4.89,11.08,176.80
250,2024-02-14 08:45:00,11.10,11.66,11.22,11.01,62.54,4.33,0.00,4.94,15.65,243.10
250,2024-02-14 09:00:00,11.34,12.13,11.70,11.50,58.43,3.82,0.00,4.67,32.37,290.30
250,2024-02-14 09:15:00,11.64,12.60,12.21,11.95,56.05,3.70,0.00,4.46,24.87,338.30
250,2024-02-14 09:30:00,12.00,13.29,12.82,12.38,53.77,3.68,0.00,4.61,26.05,384.50
250,2024-02-14 09:45:00,12.38,13.56,12.93,12.67,51.94,3.29,0.00,5.90,35.34,428.20
250,2024-02-14 10:00:00,12.79,14.44,13.80,13.40,47.01,2.69,0.00,5.36,18.47,470.00
250,2024-02-14 10:15:00,13.24,14.91,14.13,13.71,46.16,2.73,0.00,5.74,20.43,509.90
250,2024-02-14 10:30:00,13.72,15.33,14.91,14.19,46.19,3.45,0.00,6.20,34.49,546.90
250,2024-02-14 10:45:00,14.20,15.82,15.05,14.58,40.49,1.73,0.00,5.45,27.83,580.30
250,2024-02-14 11:00:00,14.69,16.15,15.76,14.88,39.22,1.92,0.00,10.96,35.69,612.20
250,2024-02-14 11:15:00,15.17,16.76,16.15,15.46,39.10,2.23,0.00,5.67,20.03,640.20
250,2024-02-14 11:30:00,15.68,16.87,15.85,15.78,38.53,1.75,0.00,3.96,55.96,662.50
250,2024-02-14 11:45:00,16.19,17.39,16.40,16.02,36.61,1.53,0.00,5.47,11.44,682.90
250,2024-02-14 12:00:00,16.68,17.84,17.07,16.44,37.34,2.40,0.00,4.72,8.04,699.00
250,2024-02-14 12:15:00,17.13,17.85,16.90,16.42,38.22,2.58,0.00,5.58,21.62,711.10
250,2024-02-14 12:30:00,17.55,18.28,17.25,16.65,34.38,1.40,0.00,6.65,2.96,693.30
250,2024-02-14 12:45:00,17.89,18.57,17.63,17.11,35.42,2.16,0.00,5.48,27.50,722.80
250,2024-02-14 13:00:00,18.17,18.99,18.10,17.54,33.91,1.96,0.00,4.85,6.62,722.70
250,2024-02-14 13:15:00,18.40,19.01,17.97,17.54,33.04,1.48,0.00,5.76,8.20,718.30
250,2024-02-14 13:30:00,18.57,19.37,18.70,18.11,35.07,2.96,0.00,4.77,9.28,709.80
250,2024-02-14 13:45:00,18.70,19.73,18.60,18.18,34.54,2.66,0.00,6.28,6.62,696.90
250,2024-02-14 14:00:00,18.84,19.93,18.99,18.22,32.17,2.00,0.00,6.73,343.90,680.30
250,2024-02-14 14:15:00,18.98,20.10,18.88,18.54,33.14,2.32,0.00,5.61,344.50,660.20
250,2024-02-14 14:30:00,19.16,20.33,19.33,18.73,31.45,1.98,0.00,6.73,349.90,637.30
250,2024-02-14 14:45:00,19.38,20.48,19.87,19.03,31.40,2.43,0.00,7.37,6.63,606.90
250,2024-02-14 15:00:00,19.61,20.60,19.90,19.48,31.51,2.51,0.00,4.69,11.24,575.40
250,2024-02-14 15:15:00,19.84,20.98,19.95,19.64,34.09,3.66,0.00,5.30,342.50,542.80
250,2024-02-14 15:30:00,20.06,21.18,20.42,20.00,31.06,2.76,0.00,4.20,40.17,504.50
250,2024-02-14 15:45:00,20.26,21.60,20.78,20.42,29.54,2.36,0.00,4.91,35.63,467.50
250,2024-02-14 16:00:00,20.41,21.90,20.86,20.74,32.21,3.66,0.00,3.54,35.01,437.60
250,2024-02-14 16:15:00,20.53,21.51,20.66,20.49,30.92,2.90,0.00,5.86,69.49,393.60
250,2024-02-14 16:30:00,20.60,21.49,20.47,20.57,30.99,2.77,0.00,4.64,69.35,351.40
250,2024-02-14 16:45:00,20.61,21.12,20.44,20.42,29.38,1.99,0.00,5.96,94.60,303.00
250,2024-02-14 17:00:00,20.58,20.84,20.23,20.28,31.57,2.82,0.00,5.58,85.20,236.00
250,2024-02-14 17:15:00,20.47,20.64,20.05,20.16,31.50,2.63,0.00,6.43,76.14,210.70
250,2024-02-14 17:30:00,20.32,20.22,19.54,19.94,34.05,3.29,0.00,5.68,83.50,142.00
250,2024-02-14 17:45:00,20.10,19.61,19.18,19.57,35.60,3.60,0.00,5.67,77.66,95.50
250,2024-02-14 18:00:00,19.84,18.97,18.51,19.12,37.91,3.90,0.00,5.92,75.07,62.56
250,2024-02-14 18:15:00,19.54,18.04,17.56,18.38,39.81,3.74,0.00,5.94,71.76,24.78
250,2024-02-14 18:30:00,19.22,17.18,16.90,17.65,41.36,3.69,0.00,5.82,71.37,5.39
250,2024-02-14 18:45:00,18.88,16.79,16.70,17.19,43.82,4.33,0.00,6.99,62.99,0.41
250,2024-02-14 19:00:00,18.56,16.32,16.05,16.78,47.87,5.01,0.00,6.43,58.50,0.09
250,2024-02-14 19:15:00,18.25,15.73,15.61,16.33,53.23,6.13,0.00,5.61,60.29,0.08
250,2024-02-14 19:30:00,17.96,15.27,15.13,15.83,56.73,6.61,0.00,5.45,66.78,0.08
250,2024-02-14 19:45:00,17.66,14.59,14.73,15.39,59.85,7.01,0.00,4.23,67.48,0.08
250,2024-02-14 20:00:00,17.38,13.93,13.95,14.95,63.16,7.06,0.00,4.48,63.67,0.08
250,2024-02-14 20:15:00,17.12,13.64,13.82,14.51,65.89,7.56,0.00,4.20,61.76,0.08
250,2024-02-14 20:30:00,16.86,13.42,13.58,14.21,67.99,7.79,0.00,4.62,56.63,0.08
250,2024-02-14 20:45:00,16.62,13.11,13.16,13.94,70.44,7.91,0.00,5.22,57.87,0.08
250,2024-02-14 21:00:00,16.39,13.00,13.14,13.61,72.46,8.30,0.00,4.97,63.82,0.08
250,2024-02-14 21:15:00,16.18,12.67,12.66,13.36,74.40,8.23,0.00,4.13,66.78,0.08
250,2024-02-14 21:30:00,15.97,12.14,12.21,12.91,76.53,8.21,0.00,2.72,77.05,0.08
250,2024-02-14 21:45:00,15.77,11.69,11.87,12.48,78.24,8.20,0.00,2.15,77.46,0.08
250,2024-02-14 22:00:00,15.58,11.11,11.44,12.14,79.96,8.11,0.00,1.70,52.22,0.08
250,2024-02-14 22:15:00,15.39,10.51,10.92,11.77,81.60,7.90,0.00,1.34,44.60,0.08
250,2024-02-14 22:30:00,15.20,9.92,10.59,11.55,82.80,7.79,0.00,0.86,55.89,0.08
250,2024-02-14 22:45:00,15.02,9.34,9.87,11.09,84.80,7.43,0.00,0.61,18.96,0.08
250,2024-02-14 23:00:00,14.85,8.28,9.05,10.87,86.40,6.90,0.00,1.11,337.90,0.08
250,2024-02-14 23:15:00,14.68,8.04,8.58,10.70,88.10,6.72,0.00,0.67,256.00,0.09
250,2024-02-14 23:30:00,14.52,7.85,8.67,10.40,89.80,7.09,0.00,0.42,341.10,0.09
250,2024-02-14 23:45:00,14.35,8.09,8.78,9.93,90.20,7.26,0.00,0.58,51.46,0.09
250,2024-02-15 00:00:00,14.20,7.78,8.25,9.36,90.70,6.82,0.00,0.40,6.76,0.10
250,2024-02-15 00:15:00,14.05,7.70,8.36,9.08,91.50,7.06,0.00,0.43,41.89,0.09
250,2024-02-15 00:30:00,13.92,7.76,7.95,9.09,91.50,6.65,0.00,0.66,344.30,0.09
250,2024-02-15 00:45:00,13.82,7.53,7.95,9.45,92.70,6.84,0.00,0.77,59.32,0.09
250,2024-02-15 01:00:00,13.72,8.18,8.92,9.83,93.20,7.88,0.00,1.14,119.10,0.09
250,2024-02-15 01:15:00,13.65,8.84,9.08,9.88,92.30,7.90,0.00,0.44,148.50,0.09
250,2024-02-15 01:30:00,13.60,8.72,9.08,9.89,91.70,7.80,0.00,0.61,358.40,0.09
250,2024-02-15 01:45:00,13.56,8.34,8.57,9.98,91.50,7.26,0.00,0.80,327.30,0.09
250,2024-02-15 02:00:00,13.49,8.23,9.05,10.26,91.20,7.69,0.00,0.72,13.52,0.08
250,2024-02-15 02:15:00,13.40,8.97,9.72,10.37,89.90,8.14,0.00,1.60,3.04,0.09
250,2024-02-15 02:30:00,13.34,9.96,10.16,10.72,87.20,8.13,0.00,1.71,2.64,0.09
250,2024-02-15 02:45:00,13.33,10.47,10.67,10.99,85.40,8.32,0.00,1.44,36.63,0.09
250,2024-02-15 03:00:00,13.34,10.75,10.75,11.14,84.60,8.26,0.00,0.94,42.38,0.09
250,2024-02-15 03:15:00,13.35,10.76,10.74,11.12,84.60,8.25,0.00,1.45,91.10,0.09
250,2024-02-15 03:30:00,13.37,10.77,10.85,11.21,84.00,8.26,0.00,2.08,50.75,0.09
250,2024-02-15 03:45:00,13.38,10.87,10.92,11.26,83.60,8.25,0.00,1.70,45.75,0.08
250,2024-02-15 04:00:00,13.39,10.94,10.89,11.25,83.30,8.17,0.00,0.85,51.81,0.08
250,2024-02-15 04:15:00,13.39,10.93,10.85,11.13,83.10,8.10,0.00,0.91,21.59,0.09
250,2024-02-15 04:30:00,13.40,10.73,10.72,11.12,84.90,8.28,0.00,1.46,11.85,0.08
250,2024-02-15 04:45:00,13.40,10.91,10.92,11.27,84.60,8.43,0.00,1.44,36.98,0.09
250,2024-02-15 05:00:00,13.40,10.84,10.88,11.25,85.30,8.51,0.00,0.57,323.50,0.09
250,2024-02-15 05:15:00,13.39,10.84,10.94,11.34,85.80,8.66,0.00,1.88,25.31,0.08
250,2024-02-15 05:30:00,13.40,11.01,11.00,11.30,85.90,8.73,0.00,0.83,264.20,0.08
250,2024-02-15 05:45:00,13.39,11.04,10.96,11.29,85.90,8.69,0.00,1.01,348.00,0.09
250,2024-02-15 06:00:00,13.39,10.90,10.85,11.32,87.00,8.77,0.00,1.12,32.21,0.09
250,2024-02-15 06:15:00,13.39,11.02,11.02,11.35,86.60,8.87,0.00,1.37,37.51,0.08
250,2024-02-15 06:30:00,13.38,11.15,11.18,11.41,86.90,9.08,0.00,1.33,57.41,0.08
250,2024-02-15 06:45:00,13.38,11.29,11.20,11.51,86.90,9.10,0.00,2.11,9.06,0.09
250,2024-02-15 07:00:00,13.38,11.29,11.20,11.52,87.50,9.20,0.00,1.77,359.60,0.25
250,2024-02-15 07:15:00,13.37,11.41,11.33,11.56,87.60,9.35,0.00,1.72,32.87,2.05
250,2024-02-15 07:30:00,13.37,11.47,11.41,11.66,87.60,9.43,0.00,1.28,35.33,6.00
250,2024-02-15 07:45:00,13.38,11.65,11.61,11.78,87.60,9.62,0.00,1.38,77.01,11.92
250,2024-02-15 08:00:00,13.39,11.78,11.64,11.84,87.50,9.64,0.00,1.68,100.90,23.14
250,2024-02-15 08:15:00,13.40,11.98,11.84,11.95,87.70,9.87,0.00,0.76,88.00,38.08
250,2024-02-15 08:30:00,13.44,12.19,12.02,12.12,88.80,10.23,0.00,1.03,286.20,44.36
250,2024-02-15 08:45:00,13.50,12.53,12.27,12.42,88.60,10.44,0.00,0.89,94.00,58.17
250,2024-02-15 09:00:00,13.57,12.81,12.51,12.61,87.30,10.46,0.00,1.96,84.40,77.89
250,2024-02-15 09:15:00,13.67,13.23,13.04,12.95,86.60,10.86,0.00,1.79,48.72,119.00
250,2024-02-15 09:30:00,13.80,13.98,13.64,13.63,85.50,11.25,0.00,1.45,348.60,131.10
250,2024-02-15 09:45:00,13.97,14.50,14.07,14.08,84.20,11.45,0.00,1.56,3.51,160.70
250,2024-02-15 10:00:00,14.17,15.10,14.49,14.60,82.30,11.51,0.00,1.88,45.73,208.40
250,2024-02-15 10:15:00,14.42,15.89,15.55,15.34,80.20,12.15,0.00,6.83,202.10,318.10
250,2024-02-15 10:30:00,14.75,16.39,15.75,16.02,79.33,12.18,0.00,1.61,144.40,209.30
250,2024-02-15 10:45:00,15.10,17.01,16.53,16.44,77.51,12.59,0.00,1.77,129.20,241.00
250,2024-02-15 11:00:00,15.40,17.47,17.07,16.89,74.47,12.50,0.00,1.83,122.40,288.80
250,2024-02-15 11:15:00,15.70,18.07,17.55,17.57,73.29,12.72,0.00,1.97,149.40,257.00
250,2024-02-15 11:30:00,16.02,18.52,17.94,18.03,70.86,12.58,0.00,1.43,96.00,204.30
250,2024-02-15 11:45:00,16.28,19.07,18.58,18.68,67.82,12.52,0.00,1.61,122.80,216.90
250,2024-02-15 12:00:00,16.50,19.42,19.03,18.88,64.89,12.28,0.00,2.76,148.50,280.80
250,2024-02-15 12:15:00,16.72,19.99,19.59,19.35,64.28,12.67,0.00,3.23,141.20,313.30
250,2024-02-15 12:30:00,17.00,20.55,19.93,19.92,62.28,12.51,0.00,3.20,133.90,289.40
250,2024-02-15 12:45:00,17.28,20.92,20.65,20.34,59.55,12.50,0.00,3.89,164.50,316.40
250,2024-02-15 13:00:00,17.53,21.26,20.65,20.46,58.59,12.26,0.00,4.70,171.00,403.70
250,2024-02-15 13:15:00,17.83,21.79,21.19,20.87,58.15,12.65,0.00,4.96,173.40,502.00
250,2024-02-15 13:30:00,18.20,22.06,21.49,21.28,56.93,12.60,0.00,4.71,165.10,399.50
250,2024-02-15 13:45:00,18.57,22.23,21.88,21.41,56.98,12.98,0.00,5.25,172.30,414.10
250,2024-02-15 14:00:00,18.86,22.58,21.77,21.73,53.02,11.78,0.00,3.52,162.50,450.20
250,2024-02-15 14:15:00,19.17,22.43,21.84,21.70,53.44,11.97,0.00,5.45,223.50,311.10
250,2024-02-15 14:30:00,19.41,22.44,21.67,21.62,53.04,11.70,0.00,4.82,196.10,344.40
250,2024-02-15 14:45:00,19.60,22.78,22.21,22.01,51.00,11.60,0.00,3.10,201.00,346.50
250,2024-02-15 15:00:00,19.76,23.01,22.21,22.11,48.88,10.96,0.00,4.94,236.80,407.70
250,2024-02-15 15:15:00,19.97,23.41,22.75,22.36,47.48,11.02,0.00,3.43,259.50,474.90
250,2024-02-15 15:30:00,20.21,23.42,22.53,22.71,48.84,11.24,0.00,1.93,175.50,306.80
250,2024-02-15 15:45:00,20.42,23.25,22.07,22.44,45.60,9.79,0.00,5.02,292.90,292.50
250,2024-02-15 16:00:00,20.56,22.81,22.55,22.26,47.20,10.75,0.00,3.97,305.70,245.80
250,2024-02-15 16:15:00,20.59,23.03,21.87,22.37,50.71,11.20,0.00,3.85,317.20,229.00
250,2024-02-15 16:30:00,20.61,22.48,22.21,21.95,49.04,11.01,0.00,3.53,9.94,242.30
250,2024-02-15 16:45:00,20.59,23.24,22.44,22.46,51.06,11.83,0.00,3.38,2.81,248.60
250,2024-02-15 17:00:00,20.59,23.35,22.18,22.41,50.47,11.42,0.00,4.74,9.19,269.50
250,2024-02-15 17:15:00,20.60,22.70,21.47,22.09,52.44,11.34,0.00,3.60,3.52,153.00
250,2024-02-15 17:30:00,20.56,21.79,21.13,21.55,53.96,11.46,0.00,2.72,25.76,98.60
250,2024-02-15 17:45:00,20.43,21.03,20.47,21.05,57.60,11.83,0.00,2.27,17.69,43.27
250,2024-02-15 18:00:00,20.23,20.35,20.01,20.63,57.61,11.40,0.00,1.61,31.67,35.39
250,2024-02-15 18:15:00,20.01,19.76,19.36,20.33,61.28,11.72,0.00,1.95,40.39,17.98
250,2024-02-15 18:30:00,19.77,18.95,18.89,19.72,65.07,12.19,0.00,2.03,38.05,2.94
250,2024-02-15 18:45:00,19.52,18.10,17.90,19.14,68.81,12.10,0.00,1.47,356.90,0.21
250,2024-02-15 19:00:00,19.26,17.05,17.09,18.27,71.95,12.00,0.00,0.91,64.00,0.09
250,2024-02-15 19:15:00,19.01,16.25,16.12,17.70,77.50,12.19,0.00,1.17,321.10,0.09
250,2024-02-15 19:30:00,18.77,15.08,15.75,17.11,79.44,12.20,0.00,0.69,282.90,0.09
250,2024-02-15 19:45:00,18.55,15.16,15.44,16.86,82.50,12.48,0.00,0.57,219.90,0.09
250,2024-02-15 20:00:00,18.34,14.50,15.21,16.56,81.10,11.99,0.00,2.51,280.90,0.08
250,2024-02-15 20:15:00,18.11,13.68,14.33,16.26,84.00,11.66,0.00,1.71,260.90,0.09
250,2024-02-15 20:30:00,17.88,14.05,14.31,15.58,83.00,11.46,0.00,1.61,151.70,0.08
250,2024-02-15 20:45:00,17.65,13.20,13.53,14.80,86.20,11.27,0.00,0.84,46.38,0.09
250,2024-02-15 21:00:00,17.43,12.91,13.18,14.54,86.20,10.93,0.00,0.76,94.60,0.09
250,2024-02-15 21:15:00,17.22,12.26,12.80,13.93,88.60,10.97,0.00,0.31,199.90,0.09
250,2024-02-15 21:30:00,17.03,11.96,12.34,13.51,90.20,10.78,0.00,0.43,266.80,0.09
250,2024-02-15 21:45:00,16.84,11.96,12.53,13.48,90.40,11.00,0.00,1.00,118.70,0.09
250,2024-02-15 22:00:00,16.66,11.68,12.10,13.17,90.70,10.63,0.00,0.98,189.00,0.09
250,2024-02-15 22:15:00,16.48,11.46,11.70,12.95,91.70,10.40,0.00,0.64,332.20,0.09
250,2024-02-15 22:30:00,16.32,11.40,11.60,12.55,92.10,10.36,0.00,0.61,139.70,0.09
250,2024-02-15 22:45:00,16.17,11.51,11.76,12.57,92.60,10.60,0.00,1.13,78.30,0.09
250,2024-02-15 23:00:00,16.05,11.34,11.60,12.46,93.10,10.52,0.00,1.20,272.90,0.09
250,2024-02-15 23:15:00,15.95,11.28,11.83,12.59,93.30,10.78,0.00,1.27,211.10,0.09
250,2024-02-15 23:30:00,15.85,11.67,11.74,12.33,92.90,10.63,0.00,0.29,161.60,0.09
250,2024-02-15 23:45:00,15.76,11.26,11.26,12.10,92.60,10.11,0.00,1.06,265.60,0.09
250,2024-02-16 00:00:00,15.63,10.71,11.15,12.09,93.30,10.11,0.00,1.16,284.70,0.08
250,2024-02-16 00:15:00,15.52,10.76,11.00,12.01,93.70,10.02,0.00,1.10,1.79,0.08
250,2024-02-16 00:30:00,15.41,10.59,10.75,11.72,93.80,9.79,0.00,0.81,341.40,0.09
250,2024-02-16 00:45:00,15.30,10.51,10.86,11.55,94.20,9.96,0.00,1.04,345.40,0.09
250,2024-02-16 01:00:00,15.18,10.21,10.41,11.46,94.00,9.49,0.00,1.07,341.20,0.08
250,2024-02-16 01:15:00,15.06,9.69,10.03,11.27,94.50,9.19,0.00,0.96,272.00,0.09
250,2024-02-16 01:30:00,14.94,9.90,10.40,11.18,95.30,9.68,0.00,1.47,211.50,0.09
250,2024-02-16 01:45:00,14.82,10.28,10.30,10.92,95.00,9.53,0.00,0.78,242.60,0.09
250,2024-02-16 02:00:00,14.72,10.07,10.08,10.73,95.20,9.35,0.00,0.85,189.20,0.09
250,2024-02-16 02:15:00,14.63,10.04,10.01,10.72,95.30,9.29,0.00,0.91,293.60,0.09
250,2024-02-16 02:30:00,14.55,9.99,10.01,10.72,95.40,9.31,0.00,1.01,309.30,0.08
250,2024-02-16 02:45:00,14.49,9.88,9.98,10.73,95.50,9.29,0.00,1.22,348.20,0.08
250,2024-02-16 03:00:00,14.41,9.77,9.87,10.62,95.60,9.20,0.00,1.13,96.10,0.09
250,2024-02-16 03:15:00,14.33,9.86,10.14,10.61,95.90,9.52,0.00,1.36,128.00,0.08
250,2024-02-16 03:30:00,14.24,9.80,9.82,10.60,95.70,9.17,0.00,0.73,155.20,0.09
250,2024-02-16 03:45:00,14.16,9.68,9.69,10.32,95.80,9.05,0.00,0.53,327.20,0.08
250,2024-02-16 04:00:00,14.08,9.55,9.52,10.36,95.50,8.84,0.00,0.64,307.10,0.09
250,2024-02-16 04:15:00,14.01,9.41,9.35,10.34,96.10,8.76,0.00,1.22,309.00,0.09
250,2024-02-16 04:30:00,13.95,9.40,9.57,10.14,96.30,9.01,0.00,0.65,357.30,0.09
250,2024-02-16 04:45:00,13.91,9.61,9.62,10.09,96.40,9.08,0.00,0.36,259.60,0.08
250,2024-02-16 05:00:00,13.86,9.65,9.62,10.02,96.20,9.04,0.00,0.47,315.20,0.08
250,2024-02-16 05:15:00,13.81,9.73,9.72,10.12,96.60,9.21,0.00,0.59,206.80,0.09
250,2024-02-16 05:30:00,13.77,9.90,9.92,10.23,96.60,9.40,0.00,1.62,212.70,0.09
250,2024-02-16 05:45:00,13.74,10.03,9.86,10.28,96.50,9.33,0.00,1.07,120.00,0.09
250,2024-02-16 06:00:00,13.72,10.14,10.01,10.32,96.70,9.51,0.00,0.51,251.70,0.09
250,2024-02-16 06:15:00,13.71,10.33,10.24,10.38,96.80,9.75,0.00,0.68,204.10,0.09
250,2024-02-16 06:30:00,13.71,10.56,10.28,10.54,96.60,9.76,0.00,0.42,288.60,0.09
250,2024-02-16 06:45:00,13.73,10.71,10.58,10.67,96.90,10.11,0.00,1.41,249.20,0.10
250,2024-02-16 07:00:00,13.74,10.87,10.58,10.84,96.60,10.06,0.00,0.59,183.70,0.37
250,2024-02-16 07:15:00,13.76,10.95,10.74,10.99,96.60,10.22,0.00,1.12,105.10,2.00
250,2024-02-16 07:30:00,13.77,11.05,10.86,11.08,96.80,10.37,0.00,0.51,33.78,8.33
250,2024-02-16 07:45:00,13.79,11.30,11.08,11.22,96.70,10.58,0.00,0.75,285.60,21.18
250,2024-02-16 08:00:00,13.81,11.55,11.33,11.45,96.70,10.82,0.00,0.53,343.80,35.10
250,2024-02-16 08:15:00,13.84,11.87,11.60,11.75,96.70,11.09,0.00,0.59,327.60,60.94
250,2024-02-16 08:30:00,13.89,12.46,12.08,12.27,96.40,11.52,0.00,0.78,227.20,68.39
250,2024-02-16 08:45:00,13.98,12.80,12.57,12.60,96.40,12.01,0.00,1.35,174.60,54.53
250,2024-02-16 09:00:00,14.08,13.22,12.96,13.05,96.10,12.35,0.00,1.65,144.90,60.66
250,2024-02-16 09:15:00,14.19,13.59,13.31,13.40,95.90,12.67,0.00,1.90,160.80,68.42
250,2024-02-16 09:30:00,14.30,14.18,13.89,13.85,95.50,13.18,0.00,2.11,229.30,126.10
250,2024-02-16 09:45:00,14.44,15.73,15.34,14.95,92.80,14.18,0.00,2.49,322.60,322.70
250,2024-02-16 10:00:00,14.73,16.95,16.33,16.22,86.20,14.02,0.00,2.34,310.80,250.30
250,2024-02-16 10:15:00,15.11,17.90,17.53,17.15,75.56,13.17,0.00,1.81,312.70,253.50
250,2024-02-16 10:30:00,15.48,18.98,18.75,18.32,71.78,13.56,0.00,1.99,313.60,374.40
250,2024-02-16 10:45:00,15.89,19.71,19.11,18.90,70.62,13.65,0.00,3.26,352.90,425.70
250,2024-02-16 11:00:00,16.39,20.02,19.11,18.91,70.83,13.70,0.00,4.35,1.73,375.50
250,2024-02-16 11:15:00,16.87,20.42,19.48,19.40,68.92,13.63,0.00,2.69,44.53,438.30
250,2024-02-16 11:30:00,17.33,20.92,20.29,20.27,66.46,13.84,0.00,1.52,152.10,435.00
250,2024-02-16 11:45:00,17.79,21.28,20.88,20.84,65.93,14.28,0.00,1.67,233.60,423.80
250,2024-02-16 12:00:00,18.23,22.46,21.25,22.33,64.29,14.24,0.00,1.57,116.50,542.70
250,2024-02-16 12:15:00,18.70,22.92,21.46,22.10,62.58,14.03,0.00,1.87,193.60,571.10
250,2024-02-16 12:30:00,19.25,23.00,22.21,22.16,61.08,14.36,0.00,2.00,169.20,426.30
250,2024-02-16 12:45:00,19.67,23.05,22.21,22.04,63.08,14.86,0.00,3.76,332.50,447.60
250,2024-02-16 13:00:00,20.02,23.57,22.58,22.37,59.56,14.32,0.00,5.54,282.70,433.30
250,2024-02-16 13:15:00,20.34,23.56,22.60,22.48,60.46,14.57,0.00,9.11,251.00,364.30
250,2024-02-16 13:30:00,20.58,23.33,22.34,22.36,60.88,14.43,0.00,10.49,264.80,351.50
250,2024-02-16 13:45:00,20.76,23.31,22.22,22.26,61.28,14.42,0.00,9.82,275.00,351.60
250,2024-02-16 14:00:00,20.90,23.49,22.70,22.25,59.64,14.45,0.00,8.83,272.60,425.10
250,2024-02-16 14:15:00,21.05,24.21,22.95,22.78,58.29,14.33,0.00,8.47,254.60,498.90
250,2024-02-16 14:30:00,21.26,23.66,23.06,22.65,58.35,14.45,0.00,9.47,266.50,350.10
250,2024-02-16 14:45:00,21.44,23.56,22.83,22.58,59.26,14.47,0.00,9.89,258.00,315.80
250,2024-02-16 15:00:00,21.56,23.45,22.62,22.52,60.44,14.58,0.00,11.56,256.00,263.80
250,2024-02-16 15:15:00,21.63,23.04,22.21,22.22,63.51,14.96,0.00,11.84,255.60,214.80
250,2024-02-16 15:30:00,21.64,22.55,21.90,22.03,56.42,12.85,0.00,13.64,248.50,157.60
250,2024-02-16 15:45:00,21.56,22.37,21.77,21.87,61.88,14.15,0.00,11.23,259.20,160.00
250,2024-02-16 16:00:00,21.46,22.07,21.31,21.54,62.60,13.89,0.00,12.61,255.20,153.90
250,2024-02-16 16:15:00,21.35,21.78,21.27,21.32,63.41,14.05,0.00,11.68,265.90,125.80
250,2024-02-16 16:30:00,21.24,21.78,21.19,21.26,62.47,13.74,0.00,10.87,272.00,133.90
250,2024-02-16 16:45:00,21.14,21.67,21.22,21.26,64.46,14.26,0.00,8.99,267.40,119.30
250,2024-02-16 17:00:00,21.04,21.61,21.11,21.20,63.94,14.03,0.00,9.41,252.90,120.10
250,2024-02-16 17:15:00,20.94,21.36,20.88,21.02,62.41,13.44,0.00,11.08,251.10,102.80
250,2024-02-16 17:30:00,20.84,21.21,20.66,20.94,62.53,13.26,0.00,9.85,251.70,82.60
250,2024-02-16 17:45:00,20.73,20.74,20.32,20.69,63.24,13.11,0.00,10.34,261.60,35.83
250,2024-02-16 18:00:00,20.59,20.31,19.84,20.43,65.29,13.14,0.00,7.59,257.30,19.73
250,2024-02-16 18:15:00,20.42,19.84,19.54,20.16,66.89,13.23,0.00,7.30,268.60,8.73
250,2024-02-16 18:30:00,20.22,19.13,18.79,19.79,70.02,13.21,0.00,5.97,257.60,1.12
250,2024-02-16 18:45:00,20.00,18.32,18.61,19.48,70.50,13.14,0.00,4.99,271.80,0.16
250,2024-02-16 19:00:00,19.78,18.74,18.62,19.23,69.24,12.88,0.00,3.60,289.00,0.09
250,2024-02-16 19:15:00,19.58,18.46,18.50,19.02,66.93,12.25,0.00,4.75,284.00,0.09
250,2024-02-16 19:30:00,19.38,18.23,17.93,18.65,68.44,12.04,0.00,2.59,301.00,0.09
250,2024-02-16 19:45:00,19.19,17.38,17.08,18.25,70.59,11.70,0.00,2.22,282.70,0.09
250,2024-02-16 20:00:00,19.01,16.05,16.53,18.04,74.00,11.88,0.00,3.35,260.50,0.09
250,2024-02-16 20:15:00,18.83,15.83,16.24,17.77,76.39,12.08,0.00,2.62,243.90,0.09
250,2024-02-16 20:30:00,18.67,16.02,16.16,17.35,76.51,12.03,0.00,1.60,262.70,0.09
250,2024-02-16 20:45:00,18.52,16.03,16.12,17.10,76.20,11.93,0.00,1.75,295.30,0.09
250,2024-02-16 21:00:00,18.39,15.95,15.92,16.96,77.42,11.98,0.00,2.15,336.30,0.09
250,2024-02-16 21:15:00,18.27,15.73,15.85,16.72,77.10,11.85,0.00,0.75,322.40,0.09
250,2024-02-16 21:30:00,18.15,15.34,15.48,16.39,79.51,11.95,0.00,0.91,87.20,0.09
250,2024-02-16 21:45:00,18.03,15.19,15.27,16.14,80.60,11.96,0.00,1.00,118.20,0.09
250,2024-02-16 22:00:00,17.93,14.97,14.74,15.91,84.30,12.12,0.00,1.15,264.40,0.09
250,2024-02-16 22:15:00,17.83,14.88,14.88,15.74,82.70,11.97,0.00,1.20,315.50,0.08
250,2024-02-16 22:30:00,17.72,14.66,14.67,15.44,83.80,11.96,0.00,0.39,313.30,0.09
250,2024-02-16 22:45:00,17.62,14.34,14.22,15.20,85.50,11.82,0.00,1.61,255.90,0.09
250,2024-02-16 23:00:00,17.53,14.21,14.50,15.34,84.40,11.90,0.00,1.34,298.30,0.09
250,2024-02-16 23:15:00,17.43,14.55,14.72,15.52,82.60,11.79,0.00,1.67,328.70,0.09
250,2024-02-16 23:30:00,17.33,14.57,14.67,15.35,82.20,11.67,0.00,0.94,340.30,0.08
250,2024-02-16 23:45:00,17.25,14.18,14.39,15.35,83.30,11.60,0.00,1.33,292.40,0.09
250,2024-02-17 00:00:00,17.16,13.75,14.01,15.22,84.80,11.49,0.00,1.31,307.30,0.09
250,2024-02-17 00:15:00,17.07,13.74,13.95,14.99,85.60,11.58,0.00,1.18,298.80,0.09
250,2024-02-17 00:30:00,16.99,13.71,13.82,14.86,86.20,11.55,0.00,1.23,310.80,0.09
250,2024-02-17 00:45:00,16.91,13.73,13.64,14.59,86.50,11.43,0.00,0.66,30.71,0.08
250,2024-02-17 01:00:00,16.84,13.37,13.46,14.28,87.60,11.44,0.00,0.64,288.40,0.09
250,2024-02-17 01:15:00,16.76,13.38,13.50,14.17,88.90,11.71,0.00,1.15,201.80,0.09
250,2024-02-17 01:30:00,16.69,13.59,13.47,14.10,89.70,11.81,0.00,1.93,202.90,0.09
250,2024-02-17 01:45:00,16.63,13.73,13.51,13.98,89.50,11.82,0.00,0.73,170.70,0.09
250,2024-02-17 02:00:00,16.59,13.85,13.60,13.98,88.50,11.74,0.00,0.37,143.40,0.09
250,2024-02-17 02:15:00,16.56,13.92,13.75,13.98,89.10,11.99,0.00,0.74,311.70,0.09
250,2024-02-17 02:30:00,16.53,13.96,13.68,14.00,89.60,12.00,0.00,1.08,229.40,0.09
250,2024-02-17 02:45:00,16.51,13.93,13.61,13.99,89.80,11.97,0.00,1.23,185.80,0.09
250,2024-02-17 03:00:00,16.48,13.96,13.70,14.04,89.50,12.01,0.00,0.91,109.80,0.09
250,2024-02-17 03:15:00,16.46,13.99,13.70,14.03,89.10,11.94,0.00,0.89,43.15,0.09
250,2024-02-17 03:30:00,16.44,13.94,13.61,14.02,89.50,11.92,0.00,2.34,343.30,0.09
250,2024-02-17 03:45:00,16.41,13.94,13.62,14.08,89.20,11.88,0.00,1.49,324.80,0.09
250,2024-02-17 04:00:00,16.39,14.09,13.88,14.25,88.00,11.93,0.00,2.11,342.10,0.08
250,2024-02-17 04:15:00,16.36,14.35,14.18,14.49,81.80,11.12,0.00,3.01,339.50,0.09
250,2024-02-17 04:30:00,16.33,14.26,13.89,14.35,81.00,10.69,0.00,2.75,327.60,0.09
250,2024-02-17 04:45:00,16.28,13.96,13.65,14.03,81.00,10.45,0.00,2.55,318.00,0.09
250,2024-02-17 05:00:00,16.23,13.54,13.10,13.52,83.50,10.37,0.00,1.96,330.00,0.09
250,2024-02-17 05:15:00,16.17,13.12,12.70,13.09,85.20,10.28,0.00,1.20,329.20,0.09
250,2024-02-17 05:30:00,16.12,12.68,12.11,12.63,84.10,9.51,0.00,1.90,314.40,0.08
250,2024-02-17 05:45:00,16.05,12.25,11.87,12.18,84.80,9.40,0.00,1.92,334.40,0.08
250,2024-02-17 06:00:00,15.99,12.06,11.78,11.99,86.70,9.64,0.00,0.94,348.10,0.08
250,2024-02-17 06:15:00,15.92,12.00,11.81,11.84,87.20,9.75,0.01,1.26,272.10,0.09
250,2024-02-17 06:30:00,15.84,12.15,11.90,12.03,86.90,9.79,0.00,1.45,210.80,0.09
250,2024-02-17 06:45:00,15.78,12.24,11.98,12.12,86.30,9.76,0.00,1.15,221.60,0.09
250,2024-02-17 07:00:00,15.71,12.22,11.87,12.07,86.40,9.67,0.00,2.46,179.40,0.23
250,2024-02-17 07:15:00,15.65,12.21,11.91,12.11,86.50,9.73,0.00,2.28,187.60,1.53
250,2024-02-17 07:30:00,15.60,12.38,12.12,12.26,86.40,9.92,0.00,0.90,179.00,5.89
250,2024-02-17 07:45:00,15.56,12.58,12.36,12.39,87.10,10.28,0.00,0.43,163.80,9.33
250,2024-02-17 08:00:00,15.54,12.75,12.45,12.58,87.30,10.40,0.00,0.70,230.00,14.53
250,2024-02-17 08:15:00,15.53,12.97,12.72,12.76,87.30,10.66,0.00,0.71,153.50,53.82
250,2024-02-17 08:30:00,15.55,13.26,12.97,13.01,85.70,10.63,0.00,1.10,97.80,71.77
250,2024-02-17 08:45:00,15.61,13.42,13.16,13.23,85.20,10.73,0.00,0.73,24.78,53.19
250,2024-02-17 09:00:00,15.67,13.63,13.24,13.41,86.30,11.00,0.00,1.12,304.80,46.02
250,2024-02-17 09:15:00,15.72,13.81,13.48,13.52,87.00,11.36,0.00,1.64,340.30,62.94
250,2024-02-17 09:30:00,15.78,13.94,13.68,13.69,87.70,11.68,0.00,1.36,299.90,38.62
250,2024-02-17 09:45:00,15.82,14.24,14.01,13.99,88.50,12.14,0.00,0.88,316.00,83.80
250,2024-02-17 10:00:00,15.90,14.44,13.88,14.18,88.40,12.00,0.00,1.25,335.10,92.20
250,2024-02-17 10:15:00,16.00,14.51,14.11,14.22,89.50,12.41,0.00,1.50,304.40,87.50
250,2024-02-17 10:30:00,16.11,14.88,14.56,14.56,90.80,13.07,0.01,1.91,295.20,132.70
250,2024-02-17 10:45:00,16.22,15.36,14.83,15.01,91.30,13.43,0.00,1.72,295.70,185.90
250,2024-02-17 11:00:00,16.40,15.76,15.39,15.43,91.90,14.08,0.00,1.74,284.60,153.90
250,2024-02-17 11:15:00,16.60,16.23,15.79,15.81,91.90,14.48,0.00,1.94,321.20,143.20
250,2024-02-17 11:30:00,16.77,16.55,16.12,16.13,92.30,14.87,0.00,1.77,316.90,159.80
250,2024-02-17 11:45:00,16.93,16.85,16.34,16.38,90.60,14.80,0.00,1.97,328.10,159.00
250,2024-02-17 12:00:00,17.10,16.83,16.26,16.40,90.40,14.69,0.00,3.14,326.40,132.80
250,2024-02-17 12:15:00,17.24,17.06,16.49,16.58,90.30,14.90,0.00,1.89,329.20,162.60
250,2024-02-17 12:30:00,17.37,17.19,16.64,16.71,89.20,14.85,0.00,2.33,341.50,110.10
250,2024-02-17 12:45:00,17.47,17.03,16.41,16.67,89.20,14.63,0.00,3.16,2.63,94.40
250,2024-02-17 13:00:00,17.52,16.83,16.36,16.51,90.00,14.72,0.00,2.50,7.49,83.60
250,2024-02-17 13:15:00,17.54,16.78,16.26,16.54,90.60,14.72,0.00,2.08,15.09,70.70
250,2024-02-17 13:30:00,17.54,16.73,16.24,16.44,90.80,14.74,0.00,2.36,9.17,60.31
250,2024-02-17 13:45:00,17.54,16.71,16.24,16.45,91.00,14.77,0.00,1.90,10.10,44.90
250,2024-02-17 14:00:00,17.52,16.59,16.20,16.37,91.50,14.81,0.00,2.71,349.80,40.28
250,2024-02-17 14:15:00,17.49,16.69,16.31,16.47,92.10,15.03,0.01,1.05,354.60,51.21
250,2024-02-17 14:30:00,17.47,16.63,16.21,16.44,92.90,15.06,0.01,1.54,90.60,52.49
250,2024-02-17 14:45:00,17.47,16.48,16.10,16.33,93.40,15.03,0.00,2.02,97.40,41.54
250,2024-02-17 15:00:00,17.47,16.33,16.05,16.11,94.00,15.08,0.01,2.77,75.02,50.36
250,2024-02-17 15:15:00,17.45,16.29,15.84,16.05,93.80,14.84,0.01,2.57,35.92,55.12
250,2024-02-17 15:30:00,17.44,16.15,15.79,15.96,94.10,14.84,0.00,2.04,26.27,30.88
250,2024-02-17 15:45:00,17.42,16.15,15.82,15.97,94.40,14.92,0.02,2.48,40.58,46.60
250,2024-02-17 16:00:00,17.39,16.10,15.61,15.91,94.40,14.71,0.03,2.51,40.58,40.20
250,2024-02-17 16:15:00,17.37,15.89,15.51,15.69,94.70,14.66,0.01,2.48,53.68,28.22
250,2024-02-17 16:30:00,17.32,15.84,15.52,15.68,95.10,14.74,0.04,1.30,56.56,25.89
250,2024-02-17 16:45:00,17.27,15.84,15.52,15.71,95.10,14.74,0.04,0.39,116.40,20.73
250,2024-02-17 17:00:00,17.23,15.82,15.48,15.70,95.20,14.72,0.02,0.86,103.00,15.08
250,2024-02-17 17:15:00,17.19,15.80,15.48,15.71,95.30,14.73,0.02,0.99,42.81,11.55
250,2024-02-17 17:30:00,17.14,15.72,15.38,15.64,95.50,14.66,0.01,3.03,57.68,10.16
250,2024-02-17 17:45:00,17.09,15.57,15.23,15.46,95.60,14.53,0.00,2.06,81.20,5.76
250,2024-02-17 18:00:00,17.03,15.48,15.20,15.38,95.80,14.53,0.04,1.22,37.75,4.80
250,2024-02-17 18:15:00,16.97,15.42,15.05,15.33,95.80,14.39,0.02,1.80,75.08,1.65
250,2024-02-17 18:30:00,16.91,15.31,15.00,15.25,96.00,14.37,0.02,2.03,72.31,0.33
250,2024-02-17 18:45:00,16.84,15.30,15.05,15.24,96.20,14.45,0.03,1.29,73.13,0.11
250,2024-02-17 19:00:00,16.78,15.27,14.98,15.21,96.20,14.38,0.02,1.79,71.83,0.09
250,2024-02-17 19:15:00,16.72,15.19,14.87,15.12,96.30,14.29,0.05,1.88,95.60,0.08
250,2024-02-17 19:30:00,16.66,15.13,14.84,15.07,96.40,14.27,0.02,1.09,49.37,0.09
250,2024-02-17 19:45:00,16.60,15.15,14.90,15.09,96.40,14.33,0.03,1.60,161.60,0.09
250,2024-02-17 20:00:00,16.56,15.10,14.82,15.03,96.60,14.28,0.05,2.10,92.90,0.09
250,2024-02-17 20:15:00,16.50,15.03,14.76,14.98,96.70,14.24,0.03,1.36,165.80,0.09
250,2024-02-17 20:30:00,16.46,14.98,14.70,14.93,96.70,14.18,0.02,1.84,148.70,0.09
250,2024-02-17 20:45:00,16.41,14.95,14.69,14.91,96.80,14.19,0.02,1.82,142.20,0.09
250,2024-02-17 21:00:00,16.37,14.91,14.64,14.88,96.90,14.15,0.02,1.95,122.10,0.09
250,2024-02-17 21:15:00,16.33,14.90,14.63,14.86,96.90,14.14,0.01,2.11,108.00,0.09
250,2024-02-17 21:30:00,16.28,14.89,14.64,14.86,97.00,14.17,0.01,1.66,112.20,0.09
250,2024-02-17 21:45:00,16.25,14.87,14.60,14.84,97.00,14.13,0.00,2.07,107.10,0.09
250,2024-02-17 22:00:00,16.21,14.85,14.59,14.81,97.10,14.14,0.01,2.35,104.20,0.09
250,2024-02-17 22:15:00,16.18,14.79,14.53,14.75,97.10,14.08,0.01,1.91,111.20,0.09
250,2024-02-17 22:30:00,16.15,14.81,14.53,14.76,97.10,14.08,0.00,1.20,188.40,0.09
250,2024-02-17 22:45:00,16.12,14.77,14.52,14.72,97.20,14.08,0.01,1.59,194.90,0.09
250,2024-02-17 23:00:00,16.10,14.79,14.53,14.74,97.20,14.09,0.01,1.48,194.40,0.09
250,2024-02-17 23:15:00,16.08,14.80,14.47,14.71,97.20,14.03,0.01,2.33,228.40,0.09
250,2024-02-17 23:30:00,16.06,14.71,14.44,14.67,97.30,14.02,0.01,0.88,201.60,0.08
250,2024-02-17 23:45:00,16.04,14.73,14.52,14.71,97.30,14.10,0.01,1.87,150.10,0.09
250,2024-02-18 00:00:00,16.01,14.73,14.49,14.70,97.30,14.07,0.01,1.06,145.90,0.09
250,2024-02-18 00:15:00,15.99,14.70,14.43,14.64,97.30,14.01,0.01,1.98,188.30,0.09
250,2024-02-18 00:30:00,15.97,14.74,14.52,14.66,97.40,14.11,0.01,2.03,206.90,0.09
250,2024-02-18 00:45:00,15.96,14.72,14.47,14.66,97.40,14.06,0.01,0.77,236.00,0.09
250,2024-02-18 01:00:00,15.94,14.71,14.47,14.65,97.50,14.08,0.03,0.41,328.20,0.09
250,2024-02-18 01:15:00,15.92,14.68,14.39,14.65,97.40,13.98,0.04,1.54,311.10,0.09
250,2024-02-18 01:30:00,15.91,14.67,14.43,14.64,97.50,14.04,0.03,1.40,337.30,0.09
250,2024-02-18 01:45:00,15.89,14.69,14.42,14.63,97.60,14.04,0.07,2.62,351.30,0.09
250,2024-02-18 02:00:00,15.86,14.66,14.29,14.58,97.50,13.90,0.03,3.84,59.88,0.09
250,2024-02-18 02:15:00,15.83,14.34,13.53,14.23,96.80,13.03,0.02,5.88,18.20,0.09
250,2024-02-18 02:30:00,15.80,13.39,12.86,13.20,97.30,12.44,0.01,8.48,356.00,0.09
250,2024-02-18 02:45:00,15.72,12.77,12.31,12.60,97.20,11.88,0.02,8.59,3.10,0.09
250,2024-02-18 03:00:00,15.60,12.33,11.85,12.17,97.10,11.40,0.01,8.60,4.66,0.09
250,2024-02-18 03:15:00,15.47,11.98,11.59,11.84,97.10,11.15,0.01,7.30,4.84,0.09
250,2024-02-18 03:30:00,15.34,11.78,11.34,11.64,97.00,10.88,0.02,6.39,15.11,0.09
250,2024-02-18 03:45:00,15.21,11.32,10.89,11.16,96.90,10.42,0.01,5.11,19.86,0.09
250,2024-02-18 04:00:00,15.07,11.02,10.59,10.85,97.00,10.13,0.01,6.62,7.10,0.09
250,2024-02-18 04:15:00,14.95,10.75,10.35,10.53,97.00,9.89,0.01,5.65,13.44,0.09
250,2024-02-18 04:30:00,14.82,10.59,10.28,10.37,97.00,9.82,0.01,6.45,15.82,0.09
250,2024-02-18 04:45:00,14.69,10.61,10.40,10.43,97.10,9.96,0.02,5.71,10.05,0.08
250,2024-02-18 05:00:00,14.57,10.66,10.38,10.47,97.00,9.92,0.02,4.65,15.48,0.09
250,2024-02-18 05:15:00,14.46,10.63,10.35,10.47,97.00,9.89,0.01,3.87,17.63,0.09
250,2024-02-18 05:30:00,14.37,10.65,10.35,10.47,97.00,9.89,0.01,3.51,11.91,0.09
250,2024-02-18 05:45:00,14.29,10.62,10.34,10.45,97.00,9.88,0.01,3.53,35.30,0.09
250,2024-02-18 06:00:00,14.22,10.61,10.27,10.42,96.90,9.80,0.02,4.10,27.33,0.09
250,2024-02-18 06:15:00,14.16,10.50,10.16,10.34,97.00,9.71,0.02,5.30,15.78,0.09
250,2024-02-18 06:30:00,14.08,10.33,10.00,10.15,97.10,9.56,0.01,5.94,17.03,0.09
250,2024-02-18 06:45:00,14.00,10.15,9.76,9.96,97.00,9.31,0.01,4.70,21.19,0.09
250,2024-02-18 07:00:00,13.92,9.91,9.54,9.69,96.90,9.07,0.01,7.01,22.14,0.14
250,2024-02-18 07:15:00,13.84,9.76,9.45,9.54,96.90,8.98,0.01,5.79,32.25,0.55
250,2024-02-18 07:30:00,13.74,9.64,9.23,9.43,96.70,8.73,0.01,4.66,38.13,2.71
250,2024-02-18 07:45:00,13.66,9.57,9.41,9.40,96.90,8.94,0.00,2.86,19.22,4.46
250,2024-02-18 08:00:00,13.61,9.59,9.26,9.38,96.80,8.78,0.02,4.54,8.25,6.97
250,2024-02-18 08:15:00,13.55,9.52,9.21,9.29,96.70,8.71,0.01,3.65,10.15,10.21
250,2024-02-18 08:30:00,13.49,9.47,9.15,9.21,96.70,8.65,0.02,3.81,11.69,13.85
250,2024-02-18 08:45:00,13.44,9.35,9.08,9.09,96.70,8.58,0.02,5.48,9.83,18.22
250,2024-02-18 09:00:00,13.38,9.35,9.08,9.11,96.70,8.58,0.02,3.47,29.54,25.95
250,2024-02-18 09:15:00,13.33,9.50,9.29,9.21,96.70,8.79,0.02,2.75,7.14,23.61
250,2024-02-18 09:30:00,13.30,9.61,9.33,9.29,96.80,8.85,0.03,1.98,17.93,25.20
250,2024-02-18 09:45:00,13.28,9.75,9.47,9.42,96.80,8.99,0.02,2.62,41.16,26.96
250,2024-02-18 10:00:00,13.28,9.87,9.63,9.57,96.90,9.16,0.02,2.46,20.16,31.23
250,2024-02-18 10:15:00,13.27,9.99,9.83,9.72,97.10,9.39,0.02,2.74,27.99,42.12
250,2024-02-18 10:30:00,13.29,10.21,9.98,9.95,97.00,9.53,0.02,2.73,28.60,50.63
250,2024-02-18 10:45:00,13.32,10.41,10.17,10.13,96.90,9.70,0.02,3.95,21.46,62.08
250,2024-02-18 11:00:00,13.36,10.54,10.31,10.25,97.20,9.89,0.01,3.03,15.40,54.73
250,2024-02-18 11:15:00,13.40,10.63,10.34,10.36,97.00,9.88,0.01,3.12,26.76,68.74
250,2024-02-18 11:30:00,13.45,10.85,10.59,10.57,97.00,10.13,0.01,2.81,22.90,73.28
250,2024-02-18 11:45:00,13.52,11.13,10.89,10.80,97.10,10.45,0.01,3.34,24.02,90.20
250,2024-02-18 12:00:00,13.61,11.41,11.19,11.03,97.20,10.76,0.01,4.08,36.13,113.00
250,2024-02-18 12:15:00,13.72,11.68,11.31,11.24,97.10,10.87,0.00,4.47,16.19,125.90
250,2024-02-18 12:30:00,13.84,11.89,11.59,11.49,97.20,11.16,0.00,5.31,12.68,102.10
250,2024-02-18 12:45:00,13.95,12.01,11.63,11.67,96.90,11.15,0.01,5.38,10.58,72.25
250,2024-02-18 13:00:00,14.02,12.01,11.56,11.72,96.70,11.05,0.01,5.50,358.00,54.13
250,2024-02-18 13:15:00,14.06,11.98,11.69,11.68,96.80,11.20,0.02,4.46,6.88,76.40
250,2024-02-18 13:30:00,14.10,12.12,11.71,11.77,96.90,11.23,0.01,5.62,4.74,72.82
250,2024-02-18 13:45:00,14.14,12.15,11.84,11.80,97.00,11.38,0.02,10.07,8.82,57.64
250,2024-02-18 14:00:00,14.17,12.18,11.87,11.85,97.00,11.41,0.01,4.48,15.64,49.63
250,2024-02-18 14:15:00,14.19,12.20,11.88,11.91,97.00,11.42,0.01,4.59,28.03,52.89
250,2024-02-18 14:30:00,14.20,12.25,11.93,11.98,97.00,11.47,0.02,3.39,29.75,54.05
250,2024-02-18 14:45:00,14.21,12.28,12.01,12.01,97.00,11.55,0.02,3.13,33.08,46.04
250,2024-02-18 15:00:00,14.23,12.36,12.04,12.09,97.00,11.58,0.02,3.88,43.66,48.09
250,2024-02-18 15:15:00,14.24,12.36,12.05,12.12,97.10,11.60,0.02,4.84,41.56,53.63
250,2024-02-18 15:30:00,14.25,12.45,12.15,12.21,97.00,11.69,0.01,4.63,42.24,61.31
250,2024-02-18 15:45:00,14.27,12.51,12.24,12.26,97.10,11.79,0.03,3.79,22.77,49.37
250,2024-02-18 16:00:00,14.29,12.57,12.28,12.27,97.00,11.82,0.02,5.06,17.26,52.12
250,2024-02-18 16:15:00,14.30,12.65,12.41,12.38,97.10,11.96,0.01,4.56,20.97,44.31
250,2024-02-18 16:30:00,14.30,12.66,12.36,12.44,97.00,11.90,0.01,4.76,23.97,40.95
250,2024-02-18 16:45:00,14.30,12.70,12.39,12.48,97.00,11.93,0.00,4.57,29.32,30.52
250,2024-02-18 17:00:00,14.31,12.69,12.38,12.50,97.00,11.92,0.00,4.50,24.38,25.02
250,2024-02-18 17:15:00,14.30,12.67,12.35,12.49,96.90,11.87,0.00,4.99,27.03,17.95
250,2024-02-18 17:30:00,14.28,12.61,12.32,12.45,96.90,11.84,0.01,5.67,38.17,18.35
250,2024-02-18 17:45:00,14.26,12.58,12.27,12.44,96.80,11.78,0.00,5.38,33.62,9.52
250,2024-02-18 18:00:00,14.23,12.51,12.24,12.39,96.80,11.75,0.01,4.68,30.06,4.00
250,2024-02-18 18:15:00,14.19,12.44,12.10,12.31,96.70,11.59,0.00,5.87,33.16,1.51
250,2024-02-18 18:30:00,14.15,12.31,12.00,12.19,96.70,11.49,0.01,6.14,19.65,0.44
250,2024-02-18 18:45:00,14.10,12.34,12.02,12.23,96.40,11.46,0.00,7.45,357.30,0.11
250,2024-02-18 19:00:00,14.05,12.18,11.91,12.08,96.60,11.39,0.00,6.22,11.64,0.09
250,2024-02-18 19:15:00,14.00,12.03,11.70,11.93,96.30,11.13,0.01,7.84,10.06,0.09
250,2024-02-18 19:30:00,13.95,11.94,11.64,11.87,96.30,11.07,0.00,6.50,6.44,0.09
250,2024-02-18 19:45:00,13.89,11.85,11.56,11.77,96.40,11.01,0.01,6.36,10.89,0.09
250,2024-02-18 20:00:00,13.84,11.67,11.27,11.56,96.30,10.70,0.00,6.94,8.16,0.09
250,2024-02-18 20:15:00,13.80,11.43,11.16,11.34,96.40,10.61,0.00,5.31,18.11,0.08
250,2024-02-18 20:30:00,13.73,11.34,11.09,11.25,96.60,10.57,0.00,4.59,25.97,0.09
250,2024-02-18 20:45:00,13.69,11.29,11.05,11.19,96.60,10.53,0.00,4.41,19.00,0.09
250,2024-02-18 21:00:00,13.64,11.27,11.02,11.16,96.70,10.52,0.00,5.03,30.44,0.08
250,2024-02-18 21:15:00,13.61,11.24,10.94,11.12,96.50,10.41,0.01,4.50,27.79,0.09
250,2024-02-18 21:30:00,13.57,11.14,10.80,11.01,96.50,10.27,0.00,5.99,16.11,0.09
250,2024-02-18 21:45:00,13.53,11.05,10.82,10.94,96.60,10.30,0.00,5.82,14.20,0.09
250,2024-02-18 22:00:00,13.48,10.85,10.38,10.71,96.30,9.82,0.00,7.94,6.10,0.09
250,2024-02-18 22:15:00,13.43,10.61,10.31,10.48,96.50,9.78,0.00,5.69,15.64,0.08
250,2024-02-18 22:30:00,13.37,10.58,10.28,10.45,96.50,9.75,0.00,8.03,2.59,0.09
250,2024-02-18 22:45:00,13.31,10.48,10.14,10.34,96.60,9.62,0.00,7.36,4.28,0.09
250,2024-02-18 23:00:00,13.25,10.41,10.11,10.27,96.60,9.59,0.01,4.93,10.64,0.09
250,2024-02-18 23:15:00,13.19,10.32,10.06,10.18,96.70,9.56,0.00,4.50,20.41,0.09
250,2024-02-18 23:30:00,13.14,10.27,10.00,10.14,96.70,9.50,0.01,3.99,33.84,0.09
250,2024-02-18 23:45:00,13.09,10.31,10.07,10.18,96.70,9.57,0.01,5.06,19.39,0.09
250,2024-02-19 00:00:00,13.05,10.27,9.87,10.13,96.60,9.35,0.02,5.93,357.80,0.09
250,2024-02-19 00:15:00,12.99,9.94,9.56,9.77,96.50,9.03,0.00,6.99,1.05,0.09
250,2024-02-19 00:30:00,12.94,9.83,9.54,9.66,96.80,9.06,0.01,5.99,4.75,0.09
250,2024-02-19 00:45:00,12.87,9.68,9.23,9.49,96.60,8.72,0.00,8.05,357.50,0.08
250,2024-02-19 01:00:00,12.80,9.44,9.15,9.28,96.60,8.64,0.02,7.54,352.40,0.09
250,2024-02-19 01:15:00,12.72,9.34,9.00,9.16,96.30,8.44,0.01,6.21,348.10,0.09
250,2024-02-19 01:30:00,12.64,9.21,8.88,9.03,96.10,8.29,0.00,7.16,3.21,0.09
250,2024-02-19 01:45:00,12.57,9.17,8.90,9.00,95.90,8.28,0.00,5.78,1.60,0.08
250,2024-02-19 02:00:00,12.49,9.13,8.87,8.98,95.60,8.21,0.01,7.71,4.26,0.09
250,2024-02-19 02:15:00,12.42,9.04,8.70,8.88,95.40,8.01,0.01,6.02,13.17,0.08
250,2024-02-19 02:30:00,12.35,8.98,8.68,8.82,95.30,7.97,0.00,5.56,15.78,0.08
250,2024-02-19 02:45:00,12.29,9.00,8.72,8.86,95.10,7.98,0.00,5.91,14.34,0.09
250,2024-02-19 03:00:00,12.22,9.02,8.84,8.88,95.00,8.08,0.00,5.98,3.52,0.09
250,2024-02-19 03:15:00,12.17,8.99,8.68,8.83,94.70,7.88,0.00,5.17,354.60,0.09
250,2024-02-19 03:30:00,12.13,8.93,8.71,8.76,94.70,7.91,0.00,5.40,3.79,0.09
250,2024-02-19 03:45:00,12.09,8.93,8.67,8.76,94.70,7.87,0.00,5.88,1.05,0.08
250,2024-02-19 04:00:00,12.05,8.82,8.58,8.67,94.60,7.76,0.00,5.07,10.94,0.09
250,2024-02-19 04:15:00,12.01,8.83,8.56,8.66,94.20,7.68,0.00,4.86,350.30,0.09
250,2024-02-19 04:30:00,11.97,8.79,8.51,8.62,93.90,7.58,0.00,6.20,344.40,0.08
250,2024-02-19 04:45:00,11.92,8.88,8.64,8.71,93.80,7.70,0.00,6.33,346.60,0.09
250,2024-02-19 05:00:00,11.88,8.74,8.37,8.57,93.80,7.43,0.00,6.65,345.70,0.09
250,2024-02-19 05:15:00,11.84,8.55,8.25,8.38,93.30,7.23,0.00,8.52,348.90,0.09
250,2024-02-19 05:30:00,11.79,8.60,8.40,8.47,92.50,7.26,0.00,6.95,341.10,0.08
250,2024-02-19 05:45:00,11.73,8.66,8.40,8.54,91.50,7.10,0.00,7.02,347.00,0.08
250,2024-02-19 06:00:00,11.67,8.59,8.35,8.49,91.20,7.00,0.00,5.07,355.70,0.09
250,2024-02-19 06:15:00,11.61,8.60,8.41,8.49,91.40,7.09,0.00,3.49,19.01,0.09
250,2024-02-19 06:30:00,11.57,8.70,8.43,8.56,91.30,7.09,0.00,2.90,17.84,0.08
250,2024-02-19 06:45:00,11.54,8.70,8.43,8.59,89.80,6.85,0.00,5.37,8.69,0.10
250,2024-02-19 07:00:00,11.50,8.63,8.35,8.60,88.50,6.56,0.00,4.69,16.62,0.61
250,2024-02-19 07:15:00,11.45,8.34,8.07,8.39,88.10,6.22,0.00,5.16,15.60,3.73
250,2024-02-19 07:30:00,11.35,8.17,8.03,8.29,88.50,6.25,0.00,4.99,10.34,8.66
250,2024-02-19 07:45:00,11.24,8.18,8.05,8.31,87.80,6.15,0.00,5.35,1.58,14.99
250,2024-02-19 08:00:00,11.11,8.12,7.96,8.25,88.00,6.10,0.00,4.18,9.04,20.92
250,2024-02-19 08:15:00,11.00,8.50,8.58,8.37,86.40,6.44,0.00,5.71,6.75,112.50
250,2024-02-19 08:30:00,10.95,9.46,9.01,8.85,83.40,6.35,0.00,6.46,1.01,207.80
250,2024-02-19 08:45:00,11.03,9.62,9.19,8.95,80.00,5.92,0.01,6.99,2.65,256.70
250,2024-02-19 09:00:00,11.20,9.76,9.31,9.05,76.10,5.32,0.00,8.19,359.80,305.60
250,2024-02-19 09:15:00,11.41,10.38,9.94,9.52,72.99,5.33,0.00,5.47,9.21,353.50
250,2024-02-19 09:30:00,11.68,10.78,10.28,9.82,71.81,5.42,0.00,7.10,351.30,398.20
250,2024-02-19 09:45:00,12.00,11.20,10.58,10.24,67.01,4.71,0.00,6.58,355.50,440.60
250,2024-02-19 10:00:00,12.34,12.14,11.78,11.02,64.76,5.36,0.00,4.99,14.83,481.80
250,2024-02-19 10:15:00,12.72,12.67,11.90,11.58,61.12,4.65,0.00,5.36,12.57,520.80
250,2024-02-19 10:30:00,13.14,12.94,12.20,11.84,59.96,4.66,0.00,5.42,18.87,556.90
250,2024-02-19 10:45:00,13.56,13.42,12.55,12.25,55.54,3.89,0.00,5.38,46.07,592.50
250,2024-02-19 11:00:00,14.00,13.95,13.46,12.88,54.85,4.56,0.00,4.90,20.33,622.80
250,2024-02-19 11:15:00,14.45,14.72,13.91,13.45,49.42,3.50,0.00,5.61,14.94,650.00
250,2024-02-19 11:30:00,14.90,15.08,14.26,13.82,49.69,3.89,0.00,5.44,12.26,672.90
250,2024-02-19 11:45:00,15.31,15.37,14.58,14.01,49.34,4.09,0.00,5.30,5.43,690.80
250,2024-02-19 12:00:00,15.72,15.59,14.35,14.21,49.86,4.03,0.00,5.25,14.82,708.20
250,2024-02-19 12:15:00,16.10,15.87,15.05,14.74,47.93,4.11,0.00,4.16,37.02,721.20
250,2024-02-19 12:30:00,16.46,16.30,15.49,14.92,47.06,4.25,0.00,5.47,7.19,689.50
250,2024-02-19 12:45:00,16.75,16.56,15.57,15.19,51.44,5.60,0.00,5.53,336.90,734.80
250,2024-02-19 13:00:00,16.98,16.99,16.24,15.51,45.16,4.35,0.00,7.55,346.40,735.30
250,2024-02-19 13:15:00,17.11,17.24,16.51,15.77,43.81,4.16,0.00,6.85,0.04,731.80
250,2024-02-19 13:30:00,17.18,17.53,16.56,15.91,45.22,4.66,0.00,6.32,6.32,722.30
250,2024-02-19 13:45:00,17.26,17.78,16.91,16.15,48.04,5.85,0.00,6.10,3.79,708.60
250,2024-02-19 14:00:00,17.34,18.14,17.21,16.53,43.92,4.83,0.00,6.03,12.54,690.90
250,2024-02-19 14:15:00,17.47,18.05,17.00,16.62,43.22,4.41,0.00,4.92,348.50,669.90
250,2024-02-19 14:30:00,17.63,18.28,17.11,16.91,43.56,4.62,0.00,5.57,32.01,647.30
250,2024-02-19 14:45:00,17.84,18.47,17.85,17.15,43.22,5.18,0.00,4.98,15.60,617.10
250,2024-02-19 15:00:00,18.04,18.73,17.42,17.35,38.87,3.28,0.00,5.39,350.80,588.60
250,2024-02-19 15:15:00,18.25,18.86,17.89,17.60,38.06,3.40,0.00,6.30,347.50,549.30
250,2024-02-19 15:30:00,18.43,19.12,18.28,17.88,40.26,4.55,0.00,5.75,354.20,513.70
250,2024-02-19 15:45:00,18.57,19.23,18.16,17.97,39.43,4.14,0.00,4.67,14.84,478.40
250,2024-02-19 16:00:00,18.67,19.29,18.36,18.13,39.44,4.33,0.00,5.50,344.90,423.60
250,2024-02-19 16:15:00,18.74,19.18,18.23,18.06,40.78,4.69,0.00,5.77,351.90,390.30
250,2024-02-19 16:30:00,18.74,19.21,18.21,18.10,38.58,3.88,0.00,5.88,350.20,340.50
250,2024-02-19 16:45:00,18.70,19.09,18.00,18.13,35.63,2.57,0.00,5.76,349.60,292.10
250,2024-02-19 17:00:00,18.62,19.00,18.14,18.07,37.29,3.33,0.00,5.80,340.70,244.60
250,2024-02-19 17:15:00,18.48,18.64,17.85,17.96,37.42,3.12,0.00,33.44,338.90,196.80
250,2024-02-19 17:30:00,18.29,18.57,17.76,17.98,35.37,2.25,0.00,20.81,340.30,150.90
250,2024-02-19 17:45:00,18.07,18.16,17.31,17.80,37.47,2.66,0.00,4.76,351.00,105.90
250,2024-02-19 18:00:00,17.81,17.52,16.81,17.37,39.16,2.84,0.00,4.09,345.70,65.21
250,2024-02-19 18:15:00,17.52,16.79,16.06,16.95,42.27,3.24,0.00,3.59,342.10,28.67
250,2024-02-19 18:30:00,17.20,15.20,14.87,16.05,46.93,3.64,0.00,2.28,0.08,4.70
250,2024-02-19 18:45:00,16.88,13.57,13.47,14.93,53.81,4.30,0.00,1.23,356.00,0.72
250,2024-02-19 19:00:00,16.55,12.13,12.56,14.04,56.83,4.23,0.00,0.95,336.30,0.11
250,2024-02-19 19:15:00,16.24,11.21,11.73,13.16,60.72,4.39,0.00,0.76,326.80,0.09
250,2024-02-19 19:30:00,15.93,10.00,10.74,12.25,66.18,4.69,0.00,0.77,346.40,0.09
250,2024-02-19 19:45:00,15.63,9.29,10.16,11.44,70.77,5.09,0.00,0.65,341.40,0.09
250,2024-02-19 20:00:00,15.33,8.87,9.66,10.88,72.54,4.97,0.00,0.99,347.80,0.09
250,2024-02-19 20:15:00,15.05,8.10,8.90,10.17,74.21,4.56,0.00,0.62,49.35,0.09
250,2024-02-19 20:30:00,14.78,7.73,8.37,9.32,77.39,4.65,0.00,0.38,243.50,0.09
250,2024-02-19 20:45:00,14.53,6.80,7.86,9.46,80.20,4.66,0.00,1.00,292.60,0.10
250,2024-02-19 21:00:00,14.27,6.59,7.30,9.01,79.71,4.02,0.00,0.47,317.60,0.11
250,2024-02-19 21:15:00,14.07,6.12,7.13,8.22,79.87,3.89,0.00,0.43,64.88,0.13
250,2024-02-19 21:30:00,13.83,7.17,7.82,8.55,83.30,5.17,0.00,1.88,110.90,0.13
250,2024-02-19 21:45:00,13.60,6.59,7.07,9.05,84.40,4.62,0.00,1.30,207.00,0.13
250,2024-02-19 22:00:00,13.38,6.28,6.72,8.92,85.20,4.41,0.00,1.38,279.60,0.12
250,2024-02-19 22:15:00,13.17,6.17,6.66,8.23,86.90,4.63,0.00,0.70,357.10,0.12
250,2024-02-19 22:30:00,12.99,6.08,6.24,7.62,87.50,4.31,0.00,0.88,316.30,0.12
250,2024-02-19 22:45:00,12.79,5.93,6.07,7.14,88.70,4.34,0.00,0.75,263.30,0.12
250,2024-02-19 23:00:00,12.61,5.27,5.44,6.72,90.50,4.01,0.00,1.25,258.40,0.12
250,2024-02-19 23:15:00,12.41,4.72,5.23,6.81,90.10,3.74,0.00,1.97,266.60,0.11
250,2024-02-19 23:30:00,12.23,4.95,5.40,6.36,89.80,3.86,0.00,0.85,236.80,0.10
250,2024-02-19 23:45:00,12.05,4.96,5.20,5.95,90.70,3.81,0.00,0.63,170.30,0.10
250,2024-02-20 00:00:00,11.88,4.88,5.02,5.80,91.00,3.67,0.00,1.51,106.30,0.10
250,2024-02-20 00:15:00,11.73,4.72,4.85,5.69,91.90,3.64,0.00,2.10,203.50,0.11
250,2024-02-20 00:30:00,11.57,4.63,4.45,5.33,92.20,3.30,0.00,1.30,204.10,0.11
250,2024-02-20 00:45:00,11.43,4.34,4.17,4.90,92.40,3.05,0.00,0.74,171.10,0.10
250,2024-02-20 01:00:00,11.29,3.91,4.00,4.52,92.90,2.96,0.00,0.43,120.70,0.10
250,2024-02-20 01:15:00,11.15,3.50,3.66,4.43,93.40,2.70,0.00,1.74,246.30,0.11
250,2024-02-20 01:30:00,11.00,3.52,3.62,4.32,93.90,2.73,0.00,1.24,234.70,0.10
250,2024-02-20 01:45:00,10.85,3.37,3.39,4.16,93.90,2.50,0.00,0.71,270.90,0.10
250,2024-02-20 02:00:00,10.71,3.04,3.28,4.12,94.20,2.43,0.00,1.22,269.30,0.11
250,2024-02-20 02:15:00,10.59,3.08,3.16,3.82,94.50,2.37,0.00,0.36,308.10,0.12
250,2024-02-20 02:30:00,10.46,2.54,2.98,3.84,95.10,2.27,0.00,1.47,253.70,0.11
250,2024-02-20 02:45:00,10.33,2.88,3.22,3.78,95.00,2.50,0.00,1.31,208.30,0.11
250,2024-02-20 03:00:00,10.20,3.15,3.11,3.74,95.20,2.41,0.00,2.06,204.70,0.11
250,2024-02-20 03:15:00,10.08,3.09,3.05,3.63,95.30,2.37,0.00,0.66,132.40,0.11
250,2024-02-20 03:30:00,9.96,2.77,2.91,3.36,95.50,2.26,0.00,0.81,116.60,0.11
250,2024-02-20 03:45:00,9.85,2.51,2.61,3.26,95.60,1.98,0.00,0.66,209.10,0.11
250,2024-02-20 04:00:00,9.72,1.68,2.34,3.33,95.40,1.68,0.00,2.02,261.70,0.11
250,2024-02-20 04:15:00,9.59,1.61,1.96,3.09,95.80,1.36,0.00,0.87,293.90,0.11
250,2024-02-20 04:30:00,9.48,1.76,2.12,2.88,96.10,1.56,0.00,1.09,307.60,0.11
250,2024-02-20 04:45:00,9.36,2.22,2.44,2.83,96.40,1.93,0.00,1.34,113.60,0.11
250,2024-02-20 05:00:00,9.25,2.15,2.15,2.67,96.10,1.59,0.00,0.68,274.60,0.12
250,2024-02-20 05:15:00,9.14,1.72,1.98,2.56,96.50,1.48,0.00,1.30,226.40,0.11
250,2024-02-20 05:30:00,9.03,1.76,1.80,2.38,96.40,1.29,0.00,0.86,251.60,0.12
250,2024-02-20 05:45:00,8.91,1.50,1.65,2.50,96.20,1.11,0.00,2.01,227.40,0.11
250,2024-02-20 06:00:00,8.80,1.38,1.47,2.06,96.40,0.96,0.00,1.36,227.40,0.11
250,2024-02-20 06:15:00,8.69,1.51,1.74,1.89,96.80,1.28,0.00,0.64,206.40,0.10
250,2024-02-20 06:30:00,8.59,1.34,1.43,1.85,96.80,0.97,0.00,0.77,239.30,0.10
250,2024-02-20 06:45:00,8.49,1.25,1.47,1.84,97.10,1.06,0.00,1.19,207.30,0.17
250,2024-02-20 07:00:00,8.39,1.26,1.28,1.70,97.00,0.86,0.00,1.24,243.10,1.67
250,2024-02-20 07:15:00,8.30,1.15,1.21,1.66,96.80,0.76,0.00,1.25,233.30,7.86
250,2024-02-20 07:30:00,8.22,0.97,1.10,1.65,97.00,0.67,0.00,0.40,165.00,16.77
250,2024-02-20 07:45:00,8.15,1.67,2.15,2.43,97.60,1.81,0.00,1.27,189.70,64.75
250,2024-02-20 08:00:00,8.11,3.15,3.13,3.28,97.30,2.75,0.00,1.24,250.40,142.70
250,2024-02-20 08:15:00,8.15,5.20,4.65,5.24,97.50,4.29,0.00,0.57,280.90,186.60
250,2024-02-20 08:30:00,8.30,7.08,6.68,6.49,97.70,6.34,0.00,0.87,233.70,232.00
250,2024-02-20 08:45:00,8.55,9.21,9.00,8.57,97.30,8.60,0.00,0.80,234.60,275.80
250,2024-02-20 09:00:00,8.88,11.01,10.16,10.30,94.20,9.27,0.00,2.07,350.40,319.20
250,2024-02-20 09:15:00,9.32,12.21,11.39,11.27,79.26,7.93,0.00,2.73,356.80,363.10
250,2024-02-20 09:30:00,9.82,13.58,13.10,12.49,64.94,6.66,0.00,1.93,350.30,408.60
250,2024-02-20 09:45:00,10.36,14.67,13.85,13.68,51.53,4.03,0.00,2.04,358.10,451.50
250,2024-02-20 10:00:00,10.92,15.10,14.28,14.01,46.61,3.01,0.00,3.00,349.00,493.70
250,2024-02-20 10:15:00,11.51,15.49,14.93,14.44,47.99,4.02,0.00,3.11,342.00,533.40
250,2024-02-20 10:30:00,12.09,15.95,14.94,14.77,43.60,2.67,0.00,3.84,339.00,570.30
250,2024-02-20 10:45:00,12.69,16.30,15.30,14.99,43.84,3.07,0.00,4.05,355.70,603.40
250,2024-02-20 11:00:00,13.27,17.16,16.24,15.71,40.84,2.92,0.00,3.89,358.90,635.30
250,2024-02-20 11:15:00,13.84,17.03,16.13,15.66,44.29,3.97,0.00,5.50,348.20,661.30
250,2024-02-20 11:30:00,14.39,17.36,16.50,15.99,34.88,0.94,0.00,5.82,347.00,683.70
250,2024-02-20 11:45:00,14.90,17.66,16.61,16.36,35.75,1.38,0.00,6.05,350.00,698.20
250,2024-02-20 12:00:00,15.38,18.18,17.39,16.79,38.97,3.29,0.00,4.42,16.27,715.80
250,2024-02-20 12:15:00,15.85,18.44,17.32,17.12,33.71,1.19,0.00,4.01,11.64,730.20
250,2024-02-20 12:30:00,16.30,18.58,17.75,17.10,34.56,1.92,0.00,5.31,327.10,711.20
250,2024-02-20 12:45:00,16.69,19.15,18.23,17.56,31.02,0.83,0.00,4.34,347.70,742.90
250,2024-02-20 13:00:00,17.01,19.20,17.79,17.79,32.32,1.02,0.00,4.58,28.71,741.30
250,2024-02-20 13:15:00,17.27,19.39,18.07,17.93,30.50,0.46,0.00,4.93,19.70,737.40
250,2024-02-20 13:30:00,17.46,19.82,19.27,18.40,28.23,0.43,0.00,3.60,323.50,729.00
250,2024-02-20 13:45:00,17.62,19.69,18.60,18.57,28.85,0.15,0.00,3.70,99.30,714.00
250,2024-02-20 14:00:00,17.78,19.81,19.37,18.64,30.31,1.50,0.00,4.32,66.20,700.30
250,2024-02-20 14:15:00,17.96,20.35,19.33,19.03,26.15,-0.57,0.00,3.87,359.30,681.70
250,2024-02-20 14:30:00,18.17,20.64,19.63,19.20,25.38,-0.73,0.00,4.52,17.08,657.70
250,2024-02-20 14:45:00,18.42,20.42,19.18,18.92,27.35,-0.09,0.00,4.91,19.42,626.90
250,2024-02-20 15:00:00,18.67,20.39,19.39,19.31,27.55,0.19,0.00,4.49,26.84,595.70
250,2024-02-20 15:15:00,18.91,20.64,19.72,19.33,24.78,-0.98,0.00,4.93,12.87,558.80
250,2024-02-20 15:30:00,19.12,21.00,19.85,19.59,25.59,-0.43,0.00,4.26,3.64,521.20
250,2024-02-20 15:45:00,19.31,21.04,19.69,19.59,24.98,-0.89,0.00,4.54,351.40,480.40
250,2024-02-20 16:00:00,19.46,20.87,19.67,19.79,24.94,-0.93,0.00,3.78,340.60,436.00
250,2024-02-20 16:15:00,19.56,20.77,19.72,19.76,25.68,-0.49,0.00,4.41,8.52,390.40
250,2024-02-20 16:30:00,19.60,20.65,19.80,19.77,25.20,-0.68,0.00,3.70,3.89,341.10
250,2024-02-20 16:45:00,19.57,20.81,19.78,19.92,25.45,-0.56,0.00,3.21,11.84,292.10
250,2024-02-20 17:00:00,19.51,20.69,20.41,19.96,24.50,-0.55,0.00,2.64,357.70,240.70
250,2024-02-20 17:15:00,19.39,22.02,21.25,21.30,24.49,0.16,0.00,0.71,104.20,191.00
250,2024-02-20 17:30:00,19.23,21.29,20.55,20.99,25.86,0.31,0.00,1.24,278.40,142.60
250,2024-02-20 17:45:00,19.03,20.81,19.50,20.43,25.67,-0.68,0.00,1.91,347.00,95.60
250,2024-02-20 18:00:00,18.78,19.83,18.70,19.97,30.30,0.92,0.00,0.71,335.70,57.46
250,2024-02-20 18:15:00,18.49,18.05,16.94,18.98,34.55,1.20,0.00,0.38,55.91,26.30
250,2024-02-20 18:30:00,18.17,14.93,14.87,16.91,46.47,3.50,0.00,1.12,198.10,5.25
250,2024-02-20 18:45:00,17.82,13.75,13.74,15.16,48.62,3.11,0.00,0.53,313.00,0.82
250,2024-02-20 19:00:00,17.46,11.54,12.69,14.21,52.21,3.15,0.00,1.14,264.90,0.11
250,2024-02-20 19:15:00,17.09,11.41,13.44,14.91,47.47,2.49,0.00,7.66,257.30,0.09
250,2024-02-20 19:30:00,16.71,12.42,13.27,14.86,48.51,2.64,0.00,4.94,243.40,0.08
250,2024-02-20 19:45:00,16.36,13.68,14.33,14.82,45.62,2.75,0.00,4.79,44.46,0.09
250,2024-02-20 20:00:00,16.05,14.07,14.22,15.16,47.71,3.28,0.00,3.04,66.92,0.09
250,2024-02-20 20:15:00,15.77,13.82,14.02,14.78,51.30,4.13,0.00,4.54,60.12,0.09
250,2024-02-20 20:30:00,15.51,13.16,12.97,13.79,54.83,4.10,0.00,4.47,79.42,0.09
250,2024-02-20 20:45:00,15.28,12.54,12.49,13.31,56.32,4.03,0.00,4.29,72.17,0.08
250,2024-02-20 21:00:00,15.05,12.00,12.01,12.79,58.23,4.06,0.00,3.03,65.96,0.09
250,2024-02-20 21:15:00,14.84,11.41,11.70,12.38,59.79,4.15,0.00,2.82,104.40,0.08
250,2024-02-20 21:30:00,14.62,10.78,10.69,12.00,63.77,4.11,0.00,1.05,68.72,0.09
250,2024-02-20 21:45:00,14.41,8.67,8.97,10.95,71.12,4.02,0.00,0.57,329.70,0.08
250,2024-02-20 22:00:00,14.19,7.57,8.41,10.04,73.89,4.02,0.00,1.35,297.00,0.09
250,2024-02-20 22:15:00,13.97,7.40,7.89,9.35,76.98,4.11,0.00,0.90,333.90,0.09
250,2024-02-20 22:30:00,13.77,6.91,6.91,8.70,80.10,3.72,0.00,1.16,320.80,0.09
250,2024-02-20 22:45:00,13.56,5.93,6.82,8.23,81.50,3.87,0.00,0.46,348.40,0.09
250,2024-02-20 23:00:00,13.36,6.34,6.74,7.89,83.80,4.20,0.00,1.08,126.90,0.09
250,2024-02-20 23:15:00,13.16,6.43,6.53,7.61,84.60,4.13,0.00,0.90,133.20,0.09
250,2024-02-20 23:30:00,12.97,6.02,6.29,6.86,86.30,4.17,0.00,0.44,54.71,0.09
250,2024-02-20 23:45:00,12.79,5.03,5.75,6.77,88.60,4.02,0.00,1.47,290.50,0.09
250,2024-02-21 00:00:00,12.61,5.21,5.34,6.44,88.60,3.61,0.00,0.76,283.30,0.09
250,2024-02-21 00:15:00,12.43,4.90,5.26,6.08,89.60,3.69,0.00,0.75,238.10,0.09
250,2024-02-21 00:30:00,12.27,4.51,4.85,5.90,90.10,3.36,0.00,1.47,298.00,0.10
250,2024-02-21 00:45:00,12.11,4.68,4.88,5.82,90.50,3.45,0.00,1.15,344.60,0.09
250,2024-02-21 01:00:00,11.95,4.30,4.69,5.41,90.80,3.32,0.00,0.54,228.00,0.11
250,2024-02-21 01:15:00,11.81,4.39,4.66,5.18,90.80,3.29,0.00,0.78,236.90,0.12
250,2024-02-21 01:30:00,11.65,3.84,4.27,5.17,91.80,3.06,0.00,1.07,244.30,0.10
250,2024-02-21 01:45:00,11.51,4.24,4.39,5.01,92.30,3.26,0.00,0.69,108.90,0.10
250,2024-02-21 02:00:00,11.36,3.99,4.07,4.86,91.80,2.86,0.00,1.12,200.40,0.10
250,2024-02-21 02:15:00,11.24,3.47,3.82,4.55,92.90,2.77,0.00,0.58,199.90,0.09
250,2024-02-21 02:30:00,11.09,3.76,3.94,4.41,93.20,2.94,0.00,0.60,111.40,0.10
250,2024-02-21 02:45:00,10.96,3.68,4.06,4.53,93.70,3.13,0.00,0.98,204.30,0.09
250,2024-02-21 03:00:00,10.84,3.00,3.58,4.52,93.70,2.66,0.00,2.07,260.70,0.10
250,2024-02-21 03:15:00,10.72,2.96,3.28,4.44,94.20,2.43,0.00,0.85,280.40,0.09
250,2024-02-21 03:30:00,10.58,2.61,3.19,4.03,94.30,2.37,0.00,0.44,328.40,0.10
250,2024-02-21 03:45:00,10.46,2.71,3.11,3.76,94.70,2.34,0.00,0.41,85.30,0.10
250,2024-02-21 04:00:00,10.34,2.51,3.11,3.77,94.80,2.36,0.00,1.36,260.00,0.10
250,2024-02-21 04:15:00,10.21,2.59,3.01,3.65,94.90,2.27,0.00,0.79,270.50,0.10
250,2024-02-21 04:30:00,10.10,2.30,2.88,3.59,95.30,2.20,0.00,0.66,318.70,0.10
250,2024-02-21 04:45:00,9.98,2.33,2.73,3.37,95.50,2.08,0.00,0.40,236.30,0.10
250,2024-02-21 05:00:00,9.88,2.40,2.80,3.42,95.50,2.15,0.00,0.67,200.80,0.10
250,2024-02-21 05:15:00,9.77,2.73,2.98,3.44,95.70,2.36,0.00,0.47,193.30,0.11
250,2024-02-21 05:30:00,9.68,2.31,2.61,3.28,95.60,1.98,0.00,0.22,164.70,0.11
250,2024-02-21 05:45:00,9.57,2.19,2.50,3.13,95.80,1.90,0.00,0.62,288.70,0.11
250,2024-02-21 06:00:00,9.48,2.11,2.56,3.42,95.80,1.95,0.00,0.62,290.10,0.11
250,2024-02-21 06:15:00,9.38,2.15,2.61,3.57,96.20,2.07,0.00,1.24,266.80,0.10
250,2024-02-21 06:30:00,9.29,2.16,2.83,3.72,96.40,2.31,0.00,0.86,298.40,0.10
250,2024-02-21 06:45:00,9.19,2.13,2.78,3.58,96.50,2.28,0.00,0.70,300.80,0.16
250,2024-02-21 07:00:00,9.10,1.94,2.80,3.52,96.80,2.34,0.00,0.83,273.20,1.59
250,2024-02-21 07:15:00,9.01,2.03,2.62,3.71,96.50,2.12,0.00,1.72,257.60,8.03
250,2024-02-21 07:30:00,8.93,2.25,2.73,3.81,96.80,2.27,0.00,1.68,264.40,19.01
250,2024-02-21 07:45:00,8.86,2.81,3.43,4.14,97.30,3.04,0.00,1.39,264.80,61.75
250,2024-02-21 08:00:00,8.83,4.64,4.85,5.01,97.30,4.46,0.00,1.23,283.20,129.00
250,2024-02-21 08:15:00,8.86,7.03,7.01,6.92,97.60,6.66,0.00,1.17,6.39,173.90
250,2024-02-21 08:30:00,8.99,9.97,9.80,9.66,94.70,8.99,0.00,3.05,22.49,220.50
250,2024-02-21 08:45:00,9.21,11.40,11.09,10.93,81.70,8.08,0.00,3.69,23.82,265.10
250,2024-02-21 09:00:00,9.53,12.17,11.84,11.53,73.91,7.34,0.00,4.23,23.82,308.10
250,2024-02-21 09:15:00,9.91,13.17,13.00,12.42,64.83,6.54,0.00,4.05,32.45,351.90
250,2024-02-21 09:30:00,10.36,13.60,13.00,12.74,60.31,5.49,0.00,6.11,21.59,396.50
250,2024-02-21 09:45:00,10.85,14.20,13.81,13.29,57.85,5.65,0.00,5.55,36.60,440.80
250,2024-02-21 10:00:00,11.35,14.74,14.19,13.78,51.19,4.25,0.00,6.04,40.34,483.10
250,2024-02-21 10:15:00,11.89,15.39,14.74,14.27,46.53,3.40,0.00,6.36,40.12,523.80
250,2024-02-21 10:30:00,12.45,16.36,15.79,15.09,41.82,2.85,0.00,4.99,26.68,560.70
250,2024-02-21 10:45:00,13.03,17.00,16.29,15.77,35.52,1.01,0.00,6.63,24.48,594.50
250,2024-02-21 11:00:00,13.62,17.21,16.70,16.08,31.92,-0.11,0.00,8.80,37.09,627.90
250,2024-02-21 11:15:00,14.18,17.54,16.67,16.30,35.17,1.21,0.00,8.33,36.28,656.60
250,2024-02-21 11:30:00,14.73,17.81,17.46,16.59,35.48,2.03,0.00,7.07,42.03,680.00
250,2024-02-21 11:45:00,15.27,18.30,17.57,16.91,34.24,1.63,0.00,6.62,25.12,701.10
250,2024-02-21 12:00:00,15.80,18.73,17.49,17.39,30.35,-0.11,0.00,6.93,30.71,716.00
250,2024-02-21 12:15:00,16.32,18.83,17.53,17.45,30.05,-0.22,0.00,8.09,35.10,728.60
250,2024-02-21 12:30:00,16.77,18.95,18.26,17.64,32.09,1.33,0.00,7.11,26.66,706.50
250,2024-02-21 12:45:00,17.15,19.29,18.71,17.86,30.92,1.21,0.00,9.09,38.77,736.10
250,2024-02-21 13:00:00,17.47,19.74,18.79,18.23,29.29,0.52,0.00,7.13,11.01,733.40
250,2024-02-21 13:15:00,17.70,19.75,18.67,18.28,30.95,1.18,0.00,6.86,22.64,732.20
250,2024-02-21 13:30:00,17.89,20.21,18.76,18.59,30.13,0.89,0.00,7.05,12.71,726.70
250,2024-02-21 13:45:00,18.05,19.96,19.15,18.39,28.29,0.35,0.00,7.51,8.96,709.40
250,2024-02-21 14:00:00,18.19,19.84,19.27,18.44,28.81,0.71,0.00,8.49,35.33,691.50
250,2024-02-21 14:15:00,18.36,20.25,19.22,18.73,28.45,0.49,0.00,7.00,11.32,670.40
250,2024-02-21 14:30:00,18.57,20.26,19.25,18.74,29.83,1.18,0.00,8.35,6.31,642.20
250,2024-02-21 14:45:00,18.80,20.78,19.98,19.19,29.72,1.76,0.00,6.53,6.20,615.30
250,2024-02-21 15:00:00,19.05,20.91,20.00,19.55,29.11,1.48,0.00,6.46,29.49,588.30
250,2024-02-21 15:15:00,19.29,20.49,19.81,19.21,30.72,2.07,0.00,7.29,35.11,554.60
250,2024-02-21 15:30:00,19.49,20.56,19.73,19.24,27.31,0.37,0.00,7.37,24.64,516.60
250,2024-02-21 15:45:00,19.67,20.55,19.85,19.52,27.99,0.81,0.00,5.36,15.64,480.20
250,2024-02-21 16:00:00,19.80,20.39,19.62,19.38,29.28,1.24,0.00,6.39,21.85,439.60
250,2024-02-21 16:15:00,19.89,20.36,19.56,19.32,26.41,-0.24,0.00,5.72,32.17,395.40
250,2024-02-21 16:30:00,19.94,20.24,19.54,19.35,27.77,0.43,0.00,5.18,34.30,348.90
250,2024-02-21 16:45:00,19.93,19.95,19.01,19.16,27.49,-0.16,0.00,6.33,28.01,299.00
250,2024-02-21 17:00:00,19.86,19.70,18.97,19.04,28.08,0.10,0.00,6.24,54.23,245.60
250,2024-02-21 17:15:00,19.74,19.21,18.67,18.80,28.74,0.16,0.00,7.05,69.75,197.40
250,2024-02-21 17:30:00,19.56,18.93,18.38,18.66,28.60,-0.16,0.00,5.71,79.43,147.50
250,2024-02-21 17:45:00,19.33,18.51,17.83,18.44,29.86,-0.04,0.00,4.27,83.60,102.40
250,2024-02-21 18:00:00,19.07,17.70,17.22,17.88,31.89,0.33,0.00,4.46,77.18,63.71
250,2024-02-21 18:15:00,18.77,16.75,16.24,17.17,33.56,0.18,0.00,4.38,75.39,28.84
250,2024-02-21 18:30:00,18.43,15.60,15.39,16.35,35.14,0.06,0.00,4.34,64.49,5.25
250,2024-02-21 18:45:00,18.08,14.63,14.66,15.65,37.58,0.34,0.00,3.79,68.13,0.83
250,2024-02-21 19:00:00,17.71,14.21,14.28,15.03,38.79,0.44,0.00,3.81,74.97,0.11
250,2024-02-21 19:15:00,17.35,14.10,14.21,14.73,37.34,-0.15,0.00,3.90,79.14,0.09
250,2024-02-21 19:30:00,17.01,13.55,13.51,14.35,39.31,-0.07,0.00,3.68,80.30,0.09
250,2024-02-21 19:45:00,16.69,13.02,13.07,13.83,41.87,0.41,0.00,3.41,80.20,0.09
250,2024-02-21 20:00:00,16.38,12.85,12.95,13.65,41.69,0.24,0.00,4.07,82.70,0.09
250,2024-02-21 20:15:00,16.08,12.54,12.55,13.39,42.40,0.11,0.00,3.77,78.61,0.10
250,2024-02-21 20:30:00,15.81,11.96,12.10,12.89,44.28,0.30,0.00,2.20,73.96,0.10
250,2024-02-21 20:45:00,15.54,10.08,9.90,11.98,56.67,1.70,0.00,0.92,44.11,0.09
250,2024-02-21 21:00:00,15.28,7.55,8.35,10.98,62.72,1.66,0.00,0.55,246.40,0.09
250,2024-02-21 21:15:00,15.01,7.15,7.38,10.19,67.73,1.81,0.00,0.91,314.80,0.09
250,2024-02-21 21:30:00,14.76,6.77,7.64,9.38,66.19,1.73,0.00,0.59,354.30,0.09
250,2024-02-21 21:45:00,14.50,6.92,7.40,8.86,66.80,1.63,0.00,0.53,63.13,0.09
250,2024-02-21 22:00:00,14.26,6.13,6.87,8.06,70.84,1.95,0.00,0.80,270.50,0.09
250,2024-02-21 22:15:00,14.03,5.00,6.40,8.28,71.91,1.71,0.00,1.16,320.80,0.09
250,2024-02-21 22:30:00,13.79,5.69,6.47,7.74,70.84,1.57,0.00,1.09,78.67,0.09
250,2024-02-21 22:45:00,13.58,5.95,6.35,7.32,72.20,1.71,0.00,0.63,110.50,0.09
250,2024-02-21 23:00:00,13.38,4.79,5.36,6.49,79.65,2.12,0.00,0.25,292.70,0.10
250,2024-02-21 23:15:00,13.18,4.22,5.15,6.20,83.10,2.51,0.00,0.68,276.80,0.10
250,2024-02-21 23:30:00,12.97,4.11,4.85,6.20,81.10,1.88,0.00,0.76,309.50,0.10
250,2024-02-21 23:45:00,12.77,4.05,4.76,5.95,80.50,1.70,0.00,1.33,346.30,0.11
250,2024-02-22 00:00:00,12.58,3.99,4.54,5.69,81.10,1.58,0.00,0.98,22.92,0.09
250,2024-02-22 00:15:00,12.40,3.86,4.20,5.08,82.50,1.48,0.00,0.24,101.50,0.10
250,2024-02-22 00:30:00,12.23,3.64,4.30,4.80,82.80,1.63,0.00,0.75,260.70,0.10
250,2024-02-22 00:45:00,12.06,3.60,4.11,4.94,82.10,1.33,0.00,0.78,333.30,0.10
250,2024-02-22 01:00:00,11.90,3.36,3.77,4.50,82.80,1.12,0.00,0.45,333.00,0.09
250,2024-02-22 01:15:00,11.74,2.85,3.51,4.34,84.20,1.09,0.00,0.75,298.70,0.10
250,2024-02-22 01:30:00,11.60,2.86,3.28,4.24,84.90,0.98,0.00,0.43,240.50,0.09
250,2024-02-22 01:45:00,11.45,2.95,3.45,3.65,86.20,1.36,0.00,0.36,145.30,0.10
250,2024-02-22 02:00:00,11.31,3.22,3.36,4.12,87.20,1.44,0.00,1.24,169.70,0.10
250,2024-02-22 02:15:00,11.18,3.03,3.05,4.01,88.90,1.40,0.00,0.78,188.30,0.10
250,2024-02-22 02:30:00,11.05,2.67,2.80,3.55,89.70,1.27,0.00,0.59,174.60,0.10
250,2024-02-22 02:45:00,10.92,2.38,2.56,3.36,90.40,1.14,0.00,0.52,240.30,0.10
250,2024-02-22 03:00:00,10.79,2.26,2.53,3.20,91.10,1.22,0.00,1.07,234.10,0.10
250,2024-02-22 03:15:00,10.66,2.54,2.61,3.09,91.30,1.34,0.00,1.39,171.50,0.10
250,2024-02-22 03:30:00,10.55,2.53,2.49,3.23,91.30,1.21,0.00,0.62,58.82,0.11
250,2024-02-22 03:45:00,10.43,1.96,2.15,2.83,91.50,0.91,0.00,0.77,285.00,0.10
250,2024-02-22 04:00:00,10.32,1.97,2.20,2.81,91.90,1.02,0.00,0.61,184.30,0.10
250,2024-02-22 04:15:00,10.20,2.16,2.17,2.84,92.30,1.06,0.00,1.74,200.50,0.10
250,2024-02-22 04:30:00,10.09,1.98,2.05,2.63,92.40,0.95,0.00,0.54,92.80,0.10
250,2024-02-22 04:45:00,9.98,1.91,2.01,2.55,92.60,0.93,0.00,0.72,123.80,0.11
250,2024-02-22 05:00:00,9.88,1.66,1.79,2.36,92.90,0.77,0.00,0.56,214.10,0.11
250,2024-02-22 05:15:00,9.77,1.65,1.76,2.19,93.20,0.78,0.00,0.88,211.50,0.11
250,2024-02-22 05:30:00,9.68,1.45,1.57,2.17,93.30,0.60,0.00,0.88,235.80,0.11
250,2024-02-22 05:45:00,9.58,1.63,1.75,2.07,93.70,0.84,0.00,0.71,155.80,0.11
250,2024-02-22 06:00:00,9.48,1.54,1.50,2.10,93.70,0.59,0.00,1.46,215.90,0.11
250,2024-02-22 06:15:00,9.39,1.21,1.44,2.12,94.40,0.64,0.00,0.92,189.50,0.10
250,2024-02-22 06:30:00,9.30,1.34,1.54,2.04,94.20,0.71,0.00,0.77,176.10,0.11
250,2024-02-22 06:45:00,9.21,1.27,1.33,1.76,94.40,0.53,0.00,0.56,135.50,0.22
250,2024-02-22 07:00:00,9.12,1.01,1.34,1.78,94.90,0.61,0.00,0.96,216.30,2.72
250,2024-02-22 07:15:00,9.03,1.32,1.61,1.93,95.00,0.89,0.00,1.22,203.40,10.84
250,2024-02-22 07:30:00,8.95,1.78,1.86,2.20,95.20,1.17,0.00,1.10,197.70,24.13
250,2024-02-22 07:45:00,8.89,2.34,2.83,3.90,95.70,2.21,0.00,0.26,139.50,69.56
250,2024-02-22 08:00:00,8.87,4.91,4.06,6.23,94.80,3.30,0.00,0.46,237.30,140.70
250,2024-02-22 08:15:00,8.91,6.05,5.39,6.03,95.00,4.65,0.00,0.73,198.40,182.70
250,2024-02-22 08:30:00,9.04,7.57,7.07,7.47,94.10,6.18,0.00,1.12,193.60,230.10
250,2024-02-22 08:45:00,9.25,9.08,8.77,8.64,92.50,7.62,0.00,1.18,206.70,275.20
250,2024-02-22 09:00:00,9.56,11.38,10.71,11.35,87.70,8.75,0.00,0.60,228.30,317.20
250,2024-02-22 09:15:00,9.97,13.21,12.55,12.86,77.73,8.77,0.00,1.29,181.40,359.70
250,2024-02-22 09:30:00,10.45,13.98,13.48,13.24,70.79,8.29,0.00,2.94,159.80,413.60
250,2024-02-22 09:45:00,10.99,15.18,14.96,14.48,61.40,7.60,0.00,2.77,143.90,461.40
250,2024-02-22 10:00:00,11.56,16.78,16.29,15.91,47.52,5.12,0.00,2.84,139.40,501.90
250,2024-02-22 10:15:00,12.18,17.67,16.96,16.57,41.97,3.95,0.00,3.58,127.00,533.10
250,2024-02-22 10:30:00,12.82,18.35,17.57,17.32,39.80,3.75,0.00,3.59,140.70,558.20
250,2024-02-22 10:45:00,13.47,18.94,18.07,17.88,37.18,3.23,0.00,3.87,147.40,601.40
250,2024-02-22 11:00:00,14.12,19.43,18.91,18.33,34.35,2.86,0.00,4.33,154.90,629.50
250,2024-02-22 11:15:00,14.76,19.73,19.05,18.77,32.43,2.17,0.00,4.49,159.00,662.00
250,2024-02-22 11:30:00,15.41,20.44,19.67,19.37,28.89,1.09,0.00,3.20,159.80,684.70
250,2024-02-22 11:45:00,16.04,21.11,20.11,20.18,27.97,1.02,0.00,2.31,133.00,698.60
250,2024-02-22 12:00:00,16.65,21.34,20.49,20.29,26.04,0.36,0.03,2.48,202.30,732.20
250,2024-02-22 12:15:00,17.26,21.69,20.51,20.59,26.33,0.53,0.00,3.12,158.90,730.40
250,2024-02-22 12:30:00,17.79,21.85,20.20,20.37,30.84,2.47,0.00,4.93,7.55,680.00
250,2024-02-22 12:45:00,18.22,21.82,21.22,20.35,29.31,2.64,0.00,4.20,7.84,724.70
250,2024-02-22 13:00:00,18.54,22.18,21.00,20.81,27.28,1.44,0.00,3.31,48.20,665.20
250,2024-02-22 13:15:00,18.78,22.64,22.04,21.30,29.25,3.32,0.00,3.30,305.40,702.40
250,2024-02-22 13:30:00,18.97,22.70,22.11,21.46,28.62,3.07,0.00,4.06,74.73,717.10
250,2024-02-22 13:45:00,19.15,23.35,22.42,22.10,24.24,1.00,0.00,3.16,162.40,717.00
250,2024-02-22 14:00:00,19.34,23.84,22.60,22.51,21.90,-0.25,0.00,5.32,193.30,703.40
250,2024-02-22 14:15:00,19.57,23.75,22.69,22.32,21.05,-0.72,0.00,6.32,202.50,686.50
250,2024-02-22 14:30:00,19.83,23.73,22.66,22.31,23.18,0.59,0.00,7.98,212.20,661.00
250,2024-02-22 14:45:00,20.12,23.90,23.05,22.45,23.52,1.12,0.00,8.01,215.10,633.90
250,2024-02-22 15:00:00,20.40,24.09,23.20,22.64,23.26,1.09,0.00,8.09,228.70,601.20
250,2024-02-22 15:15:00,20.68,24.11,23.31,22.79,22.42,0.67,0.00,9.22,203.60,567.60
250,2024-02-22 15:30:00,20.91,24.14,23.40,22.88,23.92,1.65,0.00,9.46,199.30,531.80
250,2024-02-22 15:45:00,21.10,24.20,23.44,23.00,24.10,1.79,0.00,9.91,205.70,489.60
250,2024-02-22 16:00:00,21.24,24.23,23.58,23.12,23.20,1.37,0.00,9.77,211.20,445.30
250,2024-02-22 16:15:00,21.34,24.34,23.77,23.30,22.98,1.40,0.00,7.12,215.30,398.10
250,2024-02-22 16:30:00,21.38,24.34,23.69,23.34,23.69,1.76,0.00,9.40,216.20,351.00
250,2024-02-22 16:45:00,21.39,24.23,23.31,23.35,21.80,0.28,0.00,9.12,229.60,301.70
250,2024-02-22 17:00:00,21.34,23.87,23.26,23.23,22.45,0.65,0.00,9.67,238.20,252.80
250,2024-02-22 17:15:00,21.25,23.68,23.03,23.19,23.93,1.34,0.00,7.53,235.20,202.50
250,2024-02-22 17:30:00,21.11,23.21,22.67,22.93,24.42,1.32,0.00,7.47,264.30,156.00
250,2024-02-22 17:45:00,20.93,22.15,21.40,22.21,23.43,-0.33,0.00,12.25,264.70,113.20
250,2024-02-22 18:00:00,20.69,20.86,20.17,21.32,24.44,-0.79,0.00,10.90,260.60,71.46
250,2024-02-22 18:15:00,20.41,19.35,19.16,20.54,23.60,-2.12,0.00,8.77,252.40,35.82
250,2024-02-22 18:30:00,20.08,17.90,17.59,19.76,24.25,-3.08,0.00,7.85,250.80,6.47
250,2024-02-22 18:45:00,19.71,15.51,16.71,19.07,26.47,-2.65,0.00,6.56,262.10,0.96
250,2024-02-22 19:00:00,19.31,14.03,15.30,18.40,30.81,-1.82,0.00,5.83,260.50,0.11
250,2024-02-22 19:15:00,18.90,14.17,15.79,17.83,29.37,-2.04,0.00,6.88,249.30,0.09
250,2024-02-22 19:30:00,18.52,14.36,14.49,17.26,35.24,-0.69,0.00,7.10,229.20,0.09
250,2024-02-22 19:45:00,18.14,12.76,13.72,16.79,37.47,-0.54,0.00,5.85,236.90,0.09
250,2024-02-22 20:00:00,17.80,12.33,13.70,16.31,37.83,-0.42,0.00,5.29,249.50,0.09
250,2024-02-22 20:15:00,17.47,11.85,13.78,15.91,35.72,-1.14,0.00,5.24,258.90,0.09
250,2024-02-22 20:30:00,17.15,11.72,12.86,15.49,41.24,0.01,0.00,4.61,257.10,0.10
250,2024-02-22 20:45:00,16.85,11.08,11.97,15.16,48.36,1.41,0.00,4.74,250.20,0.10
250,2024-02-22 21:00:00,16.56,10.77,11.27,14.41,51.98,1.77,0.00,3.83,244.40,0.10
250,2024-02-22 21:15:00,16.30,10.42,11.05,13.92,53.16,1.88,0.00,4.34,248.60,0.10
250,2024-02-22 21:30:00,16.04,10.30,11.02,13.99,52.43,1.66,0.00,4.75,242.80,0.10
250,2024-02-22 21:45:00,15.79,10.36,10.44,13.31,52.78,1.21,0.00,2.99,209.60,0.09
250,2024-02-22 22:00:00,15.55,9.30,9.67,11.64,56.49,1.44,0.00,1.27,152.10,0.10
250,2024-02-22 22:15:00,15.31,8.37,8.80,10.67,62.63,2.06,0.00,1.22,165.10,0.09
250,2024-02-22 22:30:00,15.09,7.85,8.36,10.41,64.11,1.97,0.00,2.49,194.50,0.09
250,2024-02-22 22:45:00,14.87,8.11,8.41,10.69,64.35,2.07,0.00,2.24,185.40,0.09
250,2024-02-22 23:00:00,14.66,7.96,8.22,9.46,67.83,2.63,0.00,0.97,165.00,0.09
250,2024-02-22 23:15:00,14.46,7.44,7.82,9.03,71.68,3.02,0.00,1.45,138.40,0.09
250,2024-02-22 23:30:00,14.26,6.99,7.82,9.33,73.56,3.39,0.00,2.12,154.30,0.09
250,2024-02-22 23:45:00,14.06,7.02,7.54,9.50,76.76,3.72,0.00,1.87,153.60,0.09
250,2024-02-23 00:00:00,13.88,6.73,7.48,9.39,79.52,4.17,0.00,2.24,166.90,0.08
250,2024-02-23 00:15:00,13.71,7.50,9.05,10.16,81.40,6.04,0.00,3.88,204.90,0.08
250,2024-02-23 00:30:00,13.53,8.97,9.26,10.89,83.70,6.65,0.00,5.79,213.50,0.09
250,2024-02-23 00:45:00,13.40,9.32,9.66,11.10,83.60,7.02,0.00,6.35,216.70,0.08
250,2024-02-23 01:00:00,13.28,9.08,8.47,10.48,80.50,5.31,0.00,3.29,197.80,0.09
250,2024-02-23 01:15:00,13.17,7.08,7.27,9.50,85.20,4.95,0.00,2.37,181.20,0.08
250,2024-02-23 01:30:00,13.05,6.81,7.04,8.95,86.50,4.94,0.00,1.97,156.30,0.08
250,2024-02-23 01:45:00,12.94,6.57,7.03,8.18,88.40,5.24,0.00,1.59,134.70,0.08
250,2024-02-23 02:00:00,12.81,6.64,6.72,7.99,88.60,4.97,0.00,1.65,140.40,0.09
250,2024-02-23 02:15:00,12.71,6.30,6.55,7.63,89.50,4.94,0.00,1.15,142.10,0.08
250,2024-02-23 02:30:00,12.59,6.22,6.57,8.13,90.30,5.10,0.00,1.66,178.30,0.08
250,2024-02-23 02:45:00,12.48,6.48,7.00,8.02,91.00,5.63,0.00,1.40,139.80,0.08
250,2024-02-23 03:00:00,12.38,6.52,6.93,8.74,91.50,5.64,0.00,2.17,166.70,0.08
250,2024-02-23 03:15:00,12.28,7.20,9.23,10.30,94.10,8.33,0.00,4.82,175.70,0.08
250,2024-02-23 03:30:00,12.18,10.06,10.06,10.97,90.50,8.58,0.00,5.68,180.10,0.08
250,2024-02-23 03:45:00,12.13,9.98,9.80,10.57,90.00,8.24,0.00,5.33,183.80,0.08
250,2024-02-23 04:00:00,12.10,9.66,9.53,10.45,90.50,8.05,0.00,5.86,189.60,0.08
250,2024-02-23 04:15:00,12.07,9.93,10.16,10.60,90.80,8.72,0.00,7.65,187.80,0.08
250,2024-02-23 04:30:00,12.05,10.47,10.37,10.86,90.20,8.83,0.00,8.69,187.00,0.08
250,2024-02-23 04:45:00,12.04,10.74,10.68,10.99,89.10,8.96,0.00,9.75,180.70,0.08
250,2024-02-23 05:00:00,12.03,10.84,11.08,11.35,89.70,9.45,0.00,8.68,227.90,0.08
250,2024-02-23 05:15:00,12.03,11.21,11.03,11.68,88.50,9.20,0.00,8.84,206.40,0.08
250,2024-02-23 05:30:00,12.04,11.08,10.92,11.43,89.30,9.23,0.00,7.15,185.30,0.08
250,2024-02-23 05:45:00,12.05,11.08,10.82,11.39,89.30,9.13,0.00,7.43,190.20,0.07
250,2024-02-23 06:00:00,12.07,11.05,11.10,11.45,90.40,9.59,0.00,7.42,190.30,0.08
250,2024-02-23 06:15:00,12.08,11.67,11.70,11.91,90.00,10.12,0.00,7.06,193.20,0.08
250,2024-02-23 06:30:00,12.11,12.02,12.08,12.47,89.40,10.39,0.00,7.67,212.90,0.08
250,2024-02-23 06:45:00,12.16,12.41,12.39,12.79,89.10,10.65,0.00,6.76,198.70,0.15
250,2024-02-23 07:00:00,12.21,12.84,12.63,13.09,88.20,10.73,0.00,7.09,190.80,1.63
250,2024-02-23 07:15:00,12.28,12.76,12.62,13.03,89.00,10.86,0.00,7.27,194.90,8.63
250,2024-02-23 07:30:00,12.34,12.95,12.97,13.23,88.70,11.15,0.00,7.37,200.10,21.19
250,2024-02-23 07:45:00,12.41,13.49,13.31,13.59,87.50,11.28,0.00,8.43,195.90,31.34
250,2024-02-23 08:00:00,12.50,13.70,13.57,13.79,87.00,11.45,0.00,8.55,197.40,60.56
250,2024-02-23 08:15:00,12.60,14.39,14.43,14.28,85.10,11.96,0.00,10.81,192.80,137.50
250,2024-02-23 08:30:00,12.73,15.43,15.51,15.13,82.40,12.53,0.00,12.49,198.90,206.40
250,2024-02-23 08:45:00,12.94,16.56,16.66,16.12,79.23,13.05,0.00,12.97,209.30,260.00
250,2024-02-23 09:00:00,13.23,17.86,17.70,17.19,75.65,13.35,0.00,11.41,210.40,298.40
250,2024-02-23 09:15:00,13.60,18.58,18.42,17.99,72.61,13.41,0.00,14.21,214.00,294.60
250,2024-02-23 09:30:00,13.99,19.61,19.50,18.77,70.68,14.04,0.00,16.66,218.20,384.10
250,2024-02-23 09:45:00,14.42,19.72,19.18,19.26,70.80,13.76,0.00,15.08,222.40,183.40
250,2024-02-23 10:00:00,14.82,19.51,19.11,19.29,71.51,13.84,0.00,12.79,220.50,110.80
250,2024-02-23 10:15:00,15.09,19.66,19.54,19.45,71.48,14.25,0.00,11.72,210.20,130.10
250,2024-02-23 10:30:00,15.29,20.37,20.18,20.10,68.80,14.27,0.00,16.79,217.80,165.30
250,2024-02-23 10:45:00,15.50,20.42,20.07,20.26,70.07,14.45,0.00,15.24,224.00,102.80
250,2024-02-23 11:00:00,15.70,19.55,18.64,19.70,80.20,15.16,0.00,13.98,251.70,79.11
250,2024-02-23 11:15:00,15.82,18.88,19.05,18.79,83.10,16.12,0.01,12.80,229.50,294.30
250,2024-02-23 11:30:00,15.95,20.19,20.07,19.86,77.37,15.99,0.00,12.73,235.50,315.70
250,2024-02-23 11:45:00,16.21,20.95,20.79,20.72,70.97,15.34,0.00,18.44,233.10,349.70
250,2024-02-23 12:00:00,16.45,21.52,21.51,20.98,72.57,16.38,0.00,21.28,231.90,512.60
250,2024-02-23 12:15:00,16.75,21.87,21.40,21.12,68.28,15.32,0.00,27.53,233.40,566.70
250,2024-02-23 12:30:00,17.11,22.34,21.58,21.30,69.36,15.74,0.00,24.71,234.10,617.70
250,2024-02-23 12:45:00,17.51,22.61,21.98,21.50,70.57,16.39,0.00,24.31,228.90,653.80
250,2024-02-23 13:00:00,17.89,23.14,22.25,21.98,69.65,16.44,0.00,25.55,236.90,613.10
250,2024-02-23 13:15:00,18.26,23.12,22.32,22.31,68.41,16.23,0.00,25.30,235.20,440.40
250,2024-02-23 13:30:00,18.55,22.34,21.84,21.98,68.23,15.73,0.00,22.73,237.40,186.80
250,2024-02-23 13:45:00,18.71,22.60,22.45,22.06,65.36,15.64,0.00,23.24,235.90,321.50
250,2024-02-23 14:00:00,18.82,22.70,22.24,22.17,65.03,15.36,0.00,21.86,236.30,294.20
250,2024-02-23 14:15:00,18.96,23.01,22.48,22.41,65.11,15.61,0.00,23.64,236.20,351.10
250,2024-02-23 14:30:00,19.11,22.65,22.21,22.32,65.82,15.52,0.00,23.42,235.00,177.80
250,2024-02-23 14:45:00,19.20,22.82,22.28,22.31,65.88,15.60,0.00,25.35,234.50,296.50
250,2024-02-23 15:00:00,19.28,22.74,21.85,22.09,68.26,15.75,0.00,24.56,234.50,309.10
250,2024-02-23 15:15:00,19.40,22.13,21.46,21.81,70.74,15.93,0.00,21.33,235.50,163.10
250,2024-02-23 15:30:00,19.45,21.04,20.44,21.04,77.61,16.40,0.00,21.58,236.90,115.20
250,2024-02-23 15:45:00,19.39,19.49,18.67,19.69,88.60,16.75,0.05,17.81,254.40,44.55
250,2024-02-23 16:00:00,19.18,18.65,18.47,18.72,90.80,16.94,0.08,15.01,251.70,48.01
250,2024-02-23 16:15:00,18.93,18.57,18.50,18.58,92.20,17.21,0.02,13.40,254.80,72.60
250,2024-02-23 16:30:00,18.74,18.81,18.64,18.74,91.80,17.28,0.00,12.74,241.00,116.40
250,2024-02-23 16:45:00,18.64,18.89,18.65,18.79,91.20,17.19,0.00,12.83,242.40,126.30
250,2024-02-23 17:00:00,18.59,19.19,18.88,18.98,89.70,17.15,0.00,14.91,239.40,199.00
250,2024-02-23 17:15:00,18.59,19.10,18.81,18.99,89.90,17.12,0.00,14.03,234.00,91.50
250,2024-02-23 17:30:00,18.56,19.02,18.70,18.95,90.20,17.06,0.00,14.00,233.00,68.61
250,2024-02-23 17:45:00,18.48,19.05,18.74,19.02,89.80,17.03,0.00,14.82,230.50,53.63
250,2024-02-23 18:00:00,18.39,18.95,18.68,18.96,89.90,16.99,0.00,13.95,234.50,29.16
250,2024-02-23 18:15:00,18.30,18.88,18.58,18.90,90.10,16.93,0.00,13.49,241.80,12.05
250,2024-02-23 18:30:00,18.20,18.79,18.52,18.83,90.40,16.92,0.00,12.39,233.50,3.73
250,2024-02-23 18:45:00,18.10,18.70,18.44,18.77,90.50,16.86,0.00,12.27,235.20,0.66
250,2024-02-23 19:00:00,18.01,18.63,18.34,18.73,90.60,16.78,0.00,12.78,238.70,0.10
250,2024-02-23 19:15:00,17.91,18.58,18.37,18.70,90.10,16.72,0.00,14.20,241.70,0.08
250,2024-02-23 19:30:00,17.82,18.63,18.38,18.72,89.90,16.69,0.00,13.84,249.40,0.08
250,2024-02-23 19:45:00,17.74,18.45,18.17,18.64,90.10,16.52,0.00,12.39,256.50,0.08
250,2024-02-23 20:00:00,17.65,18.15,17.92,18.44,90.20,16.29,0.00,11.49,264.00,0.08
250,2024-02-23 20:15:00,17.53,18.02,17.80,18.30,90.10,16.16,0.00,11.29,269.00,0.08
250,2024-02-23 20:30:00,17.41,17.78,17.56,18.12,90.90,16.06,0.00,9.44,267.40,0.08
250,2024-02-23 20:45:00,17.30,17.66,17.49,18.00,91.30,16.06,0.00,9.71,268.20,0.08
250,2024-02-23 21:00:00,17.18,17.48,17.32,17.88,91.20,15.87,0.00,8.62,258.50,0.08
250,2024-02-23 21:15:00,17.07,17.41,17.29,17.77,91.90,15.96,0.00,8.77,257.40,0.08
250,2024-02-23 21:30:00,16.98,17.70,17.42,17.89,91.50,16.02,0.00,11.53,262.80,0.08
250,2024-02-23 21:45:00,16.92,17.58,17.35,17.79,91.40,15.94,0.00,11.75,263.40,0.08
250,2024-02-23 22:00:00,16.87,17.50,17.28,17.72,91.30,15.85,0.00,12.42,263.50,0.09
250,2024-02-23 22:15:00,16.81,17.27,16.98,17.56,91.50,15.59,0.00,10.23,264.40,0.08
250,2024-02-23 22:30:00,16.75,17.15,17.08,17.49,91.60,15.70,0.00,9.95,264.70,0.08
250,2024-02-23 22:45:00,16.66,17.17,17.05,17.49,91.60,15.67,0.00,9.77,271.20,0.08
250,2024-02-23 23:00:00,16.58,16.99,16.75,17.36,92.20,15.48,0.00,7.78,272.70,0.08
250,2024-02-23 23:15:00,16.50,16.75,16.60,17.20,92.20,15.33,0.00,6.03,276.80,0.08
250,2024-02-23 23:30:00,16.40,16.78,16.67,17.14,92.70,15.48,0.00,5.61,284.40,0.08
250,2024-02-23 23:45:00,16.31,16.76,16.54,17.01,92.70,15.35,0.00,5.00,290.20,0.08
250,2024-02-24 00:00:00,16.22,16.61,16.41,16.89,92.80,15.24,0.00,4.41,291.00,0.09
250,2024-02-24 00:15:00,16.13,16.67,16.57,16.93,91.80,15.23,0.00,5.17,295.50,0.08
250,2024-02-24 00:30:00,16.06,16.56,16.33,16.84,90.90,14.84,0.00,4.53,304.00,0.08
250,2024-02-24 00:45:00,15.97,16.27,16.08,16.62,90.60,14.54,0.00,3.93,311.60,0.08
250,2024-02-24 01:00:00,15.87,16.08,15.88,16.47,89.60,14.17,0.00,3.86,308.50,0.08
250,2024-02-24 01:15:00,15.75,15.78,15.65,16.17,89.50,13.93,0.00,3.82,316.70,0.08
250,2024-02-24 01:30:00,15.62,15.54,15.51,15.96,88.90,13.69,0.00,3.48,314.00,0.08
250,2024-02-24 01:45:00,15.49,15.24,15.11,15.77,88.90,13.29,0.00,2.87,310.90,0.08
250,2024-02-24 02:00:00,15.36,14.83,14.88,15.45,88.90,13.07,0.00,2.59,307.80,0.08
250,2024-02-24 02:15:00,15.22,14.71,14.74,15.28,87.10,12.62,0.00,3.18,313.00,0.08
250,2024-02-24 02:30:00,15.07,14.76,14.73,15.25,84.60,12.16,0.00,3.65,322.20,0.08
250,2024-02-24 02:45:00,14.94,14.63,14.64,15.02,83.00,11.79,0.00,4.04,323.00,0.08
250,2024-02-24 03:00:00,14.81,14.41,14.40,14.89,81.40,11.26,0.00,3.47,316.50,0.08
250,2024-02-24 03:15:00,14.66,14.05,14.04,14.68,81.70,10.96,0.00,3.26,315.60,0.08
250,2024-02-24 03:30:00,14.51,13.62,13.74,14.41,83.00,10.91,0.00,2.53,316.90,0.08
250,2024-02-24 03:45:00,14.36,13.39,13.58,14.26,81.20,10.42,0.00,2.99,315.80,0.08
250,2024-02-24 04:00:00,14.22,12.41,12.80,14.03,83.40,10.06,0.00,2.16,288.50,0.08
250,2024-02-24 04:15:00,14.06,11.46,12.51,13.70,86.20,10.27,0.00,1.95,288.70,0.08
250,2024-02-24 04:30:00,13.90,11.15,12.08,13.40,87.10,10.00,0.00,1.78,293.20,0.08
250,2024-02-24 04:45:00,13.75,10.85,11.83,13.01,88.50,9.99,0.00,1.94,276.70,0.08
250,2024-02-24 05:00:00,13.61,10.85,11.40,12.84,88.50,9.57,0.00,1.90,284.30,0.07
250,2024-02-24 05:15:00,13.48,10.51,11.19,12.60,88.70,9.39,0.00,2.20,279.40,0.08
250,2024-02-24 05:30:00,13.36,10.68,11.73,12.60,87.50,9.72,0.00,2.05,303.70,0.08
250,2024-02-24 05:45:00,13.23,11.22,12.14,12.87,82.00,9.16,0.00,2.62,302.00,0.08
250,2024-02-24 06:00:00,13.10,11.35,12.12,12.93,79.35,8.65,0.00,2.99,300.00,0.08
250,2024-02-24 06:15:00,12.97,11.77,12.41,12.96,75.97,8.29,0.00,3.34,312.70,0.08
250,2024-02-24 06:30:00,12.84,12.37,12.53,13.07,74.91,8.20,0.00,4.23,317.80,0.08
250,2024-02-24 06:45:00,12.74,12.20,12.32,12.87,75.51,8.12,0.00,4.19,321.40,0.21
250,2024-02-24 07:00:00,12.63,12.17,12.12,12.77,75.14,7.85,0.00,4.70,319.90,2.29
250,2024-02-24 07:15:00,12.54,12.08,12.18,12.59,74.67,7.82,0.00,9.81,318.70,10.82
250,2024-02-24 07:30:00,12.46,12.09,12.12,12.57,74.65,7.76,0.00,3.63,318.20,22.21
250,2024-02-24 07:45:00,12.39,12.30,12.46,12.80,73.43,7.84,0.00,4.21,323.10,66.08
250,2024-02-24 08:00:00,12.35,13.17,13.02,13.09,69.71,7.62,0.00,4.44,323.20,125.00
250,2024-02-24 08:15:00,12.39,13.71,13.43,13.47,68.63,7.78,0.00,4.29,322.70,171.70
250,2024-02-24 08:30:00,12.51,14.26,13.91,13.81,67.41,7.98,0.00,4.64,325.70,222.20
250,2024-02-24 08:45:00,12.71,14.67,14.28,14.14,64.54,7.69,0.00,5.21,325.70,272.80
250,2024-02-24 09:00:00,12.97,15.04,14.64,14.44,63.13,7.71,0.00,6.03,329.40,323.60
250,2024-02-24 09:15:00,13.26,15.30,14.87,14.68,60.02,7.19,0.00,6.16,334.10,373.30
250,2024-02-24 09:30:00,13.59,15.53,15.05,14.83,61.10,7.62,0.00,6.65,328.40,422.90
250,2024-02-24 09:45:00,13.95,16.21,15.79,15.35,55.81,6.99,0.00,5.97,333.30,470.50
250,2024-02-24 10:00:00,14.34,16.53,16.02,15.54,53.47,6.58,0.00,7.33,343.60,516.10
250,2024-02-24 10:15:00,14.75,16.97,16.53,15.97,51.00,6.36,0.00,7.11,338.90,557.20
250,2024-02-24 10:30:00,15.17,17.71,17.14,16.52,49.82,6.58,0.00,5.53,336.20,593.90
250,2024-02-24 10:45:00,15.61,18.10,17.56,16.78,43.90,5.14,0.00,5.51,338.90,627.60
250,2024-02-24 11:00:00,16.07,18.78,18.06,17.64,39.32,4.01,0.00,4.66,317.40,658.00
250,2024-02-24 11:15:00,16.55,19.00,18.33,17.91,35.32,2.74,0.00,3.88,323.30,679.80
250,2024-02-24 11:30:00,17.03,19.66,18.65,18.47,34.08,2.51,0.00,3.99,319.30,702.50
250,2024-02-24 11:45:00,17.50,20.11,19.40,18.91,31.78,2.19,0.00,4.99,350.60,719.10
250,2024-02-24 12:00:00,17.93,20.43,19.40,19.04,31.47,2.05,0.00,7.11,356.50,736.60
250,2024-02-24 12:15:00,18.29,20.46,19.74,19.11,30.75,2.03,0.00,8.67,349.70,747.30
250,2024-02-24 12:30:00,18.57,20.68,19.83,19.34,28.96,1.27,0.00,7.18,338.90,716.60
250,2024-02-24 12:45:00,18.79,21.13,20.29,19.78,26.20,0.27,0.00,8.59,303.90,758.00
250,2024-02-24 13:00:00,18.98,21.19,20.37,19.95,27.48,1.00,0.00,7.22,312.90,756.20
250,2024-02-24 13:15:00,19.11,21.67,20.71,20.36,27.46,1.28,0.00,7.71,305.70,750.40
250,2024-02-24 13:30:00,19.23,21.71,20.56,20.48,25.84,0.31,0.00,7.94,315.80,739.80
250,2024-02-24 13:45:00,19.32,21.65,20.80,20.32,24.97,0.04,0.00,9.77,295.20,724.90
250,2024-02-24 14:00:00,19.41,21.88,21.10,20.61,26.52,1.13,0.00,8.13,301.80,711.00
250,2024-02-24 14:15:00,19.53,22.12,20.89,20.82,25.34,0.32,0.00,8.18,303.70,690.80
250,2024-02-24 14:30:00,19.70,22.49,21.68,21.12,25.81,1.25,0.00,7.34,293.70,667.70
250,2024-02-24 14:45:00,19.91,22.09,21.41,20.96,25.18,0.68,0.00,10.35,305.80,639.60
250,2024-02-24 15:00:00,20.12,22.45,21.29,21.19,24.05,-0.06,0.00,10.98,285.40,608.60
250,2024-02-24 15:15:00,20.31,22.46,21.63,21.31,23.05,-0.36,0.00,11.70,284.60,573.20
250,2024-02-24 15:30:00,20.47,22.77,21.94,21.57,24.96,1.00,0.00,11.55,288.60,534.10
250,2024-02-24 15:45:00,20.61,22.59,21.64,21.60,24.17,0.31,0.00,10.16,298.30,493.50
250,2024-02-24 16:00:00,20.71,22.64,21.92,21.65,26.17,1.65,0.00,10.17,284.40,447.80
250,2024-02-24 16:15:00,20.75,22.32,21.34,21.32,29.54,2.85,0.00,15.12,261.10,397.90
250,2024-02-24 16:30:00,20.75,21.79,20.86,20.92,28.59,1.98,0.00,15.54,269.10,352.00
250,2024-02-24 16:45:00,20.69,21.41,20.51,20.66,29.13,1.94,0.00,17.41,263.60,304.40
250,2024-02-24 17:00:00,20.58,20.89,20.24,20.33,29.24,1.75,0.00,17.58,265.40,254.80
250,2024-02-24 17:15:00,20.41,20.54,20.08,20.14,29.28,1.64,0.00,14.63,280.20,206.70
250,2024-02-24 17:30:00,20.19,20.10,19.53,19.86,31.07,1.99,0.00,14.08,273.30,159.60
250,2024-02-24 17:45:00,19.95,19.40,18.82,19.32,34.33,2.77,0.00,13.80,264.90,112.90
250,2024-02-24 18:00:00,19.68,18.47,18.11,18.64,34.09,2.04,0.00,13.56,262.40,69.66
250,2024-02-24 18:15:00,19.36,17.73,17.28,18.10,35.18,1.75,0.00,13.20,258.70,32.17
250,2024-02-24 18:30:00,19.02,16.79,16.50,17.55,39.92,2.83,0.00,9.79,253.40,7.16
250,2024-02-24 18:45:00,18.66,16.35,16.31,16.96,46.37,4.79,0.00,11.76,246.00,0.97
250,2024-02-24 19:00:00,18.30,15.95,15.69,16.47,51.51,5.73,0.00,10.92,248.90,0.11
250,2024-02-24 19:15:00,17.97,15.45,15.24,16.05,55.15,6.30,0.00,9.87,247.10,0.09
250,2024-02-24 19:30:00,17.66,15.15,15.10,15.74,58.53,7.03,0.00,9.68,243.70,0.08
250,2024-02-24 19:45:00,17.36,14.88,14.87,15.53,61.81,7.62,0.00,9.21,245.90,0.08
250,2024-02-24 20:00:00,17.09,14.55,14.59,15.30,64.75,8.03,0.00,8.87,244.30,0.08
250,2024-02-24 20:15:00,16.85,14.48,14.50,15.19,67.64,8.59,0.00,9.30,245.70,0.08
250,2024-02-24 20:30:00,16.62,14.18,13.98,14.94,69.70,8.54,0.00,8.14,241.30,0.09
250,2024-02-24 20:45:00,16.40,13.83,13.68,14.70,71.69,8.66,0.00,7.66,241.00,0.08
250,2024-02-24 21:00:00,16.20,13.28,13.37,14.43,73.82,8.80,0.00,7.72,238.80,0.08
250,2024-02-24 21:15:00,16.00,12.84,12.80,14.12,76.97,8.87,0.00,7.76,239.60,0.09
250,2024-02-24 21:30:00,15.81,12.83,12.97,13.91,76.51,8.94,0.00,8.07,241.00,0.08
250,2024-02-24 21:45:00,15.63,12.84,12.96,13.91,77.39,9.10,0.00,8.15,243.60,0.08
250,2024-02-24 22:00:00,15.46,12.97,13.03,13.87,77.14,9.12,0.00,7.58,247.70,0.08
250,2024-02-24 22:15:00,15.29,12.64,12.75,13.76,78.46,9.10,0.00,7.10,250.50,0.08
250,2024-02-24 22:30:00,15.14,12.60,12.80,13.70,77.86,9.04,0.00,7.26,253.60,0.08
250,2024-02-24 22:45:00,14.98,12.40,12.76,13.60,78.53,9.12,0.00,7.09,256.40,0.09
250,2024-02-24 23:00:00,14.84,12.36,12.53,13.54,78.15,8.83,0.00,6.89,257.60,0.08
250,2024-02-24 23:15:00,14.69,12.03,12.48,13.47,78.74,8.89,0.00,6.75,260.40,0.08
250,2024-02-24 23:30:00,14.55,12.05,12.44,13.44,78.51,8.81,0.00,6.93,264.10,0.08
250,2024-02-24 23:45:00,14.42,12.02,12.25,13.36,78.58,8.64,0.00,6.36,266.20,0.08
250,2024-02-25 00:00:00,14.29,11.81,12.27,13.33,77.63,8.48,0.00,5.89,267.50,0.08
250,2024-02-25 00:15:00,14.16,11.61,12.15,13.21,78.96,8.61,0.00,5.63,265.50,0.08
250,2024-02-25 00:30:00,14.04,11.23,11.71,13.02,80.10,8.39,0.00,4.97,256.60,0.08
250,2024-02-25 00:45:00,13.90,11.19,11.88,12.91,79.04,8.36,0.00,4.68,261.30,0.08
250,2024-02-25 01:00:00,13.78,11.44,12.11,13.08,78.59,8.50,0.00,5.16,259.80,0.08
250,2024-02-25 01:15:00,13.66,11.36,12.06,12.99,79.43,8.61,0.00,4.24,270.20,0.08
250,2024-02-25 01:30:00,13.54,11.64,12.29,13.23,79.53,8.85,0.00,5.83,270.80,0.08
250,2024-02-25 01:45:00,13.43,12.16,12.67,13.50,77.45,8.83,0.00,5.03,279.50,0.08
250,2024-02-25 02:00:00,13.34,12.52,12.78,13.50,77.29,8.91,0.00,4.18,286.20,0.09
250,2024-02-25 02:15:00,13.26,12.61,12.76,13.40,77.82,8.99,0.00,4.00,295.30,0.08
250,2024-02-25 02:30:00,13.17,12.65,12.85,13.45,78.10,9.13,0.00,3.41,300.50,0.08
250,2024-02-25 02:45:00,13.09,12.77,13.16,13.61,77.40,9.30,0.00,3.91,307.30,0.08
250,2024-02-25 03:00:00,13.02,12.84,13.04,13.55,77.98,9.29,0.00,3.84,311.60,0.08
250,2024-02-25 03:15:00,12.94,12.86,12.92,13.53,77.71,9.12,0.00,3.59,311.70,0.08
250,2024-02-25 03:30:00,12.87,12.60,12.82,13.40,78.89,9.25,0.00,3.77,308.90,0.08
250,2024-02-25 03:45:00,12.80,12.57,12.55,13.34,79.12,9.03,0.00,3.79,307.30,0.08
250,2024-02-25 04:00:00,12.73,12.58,12.78,13.27,79.17,9.26,0.00,4.42,317.40,0.08
250,2024-02-25 04:15:00,12.66,12.63,12.65,13.18,80.50,9.38,0.00,4.40,319.00,0.09
250,2024-02-25 04:30:00,12.60,12.47,12.53,13.04,81.30,9.41,0.00,4.83,321.60,0.08
250,2024-02-25 04:45:00,12.54,12.41,12.42,12.91,80.40,9.14,0.00,4.74,324.30,0.08
250,2024-02-25 05:00:00,12.49,12.17,12.06,12.74,81.20,8.94,0.00,4.28,339.20,0.08
250,2024-02-25 05:15:00,12.42,11.64,11.66,12.42,82.00,8.69,0.00,4.06,345.10,0.08
250,2024-02-25 05:30:00,12.36,11.24,11.37,12.10,83.20,8.62,0.00,3.80,349.20,0.08
250,2024-02-25 05:45:00,12.28,10.73,10.91,11.83,84.20,8.35,0.00,3.50,345.80,0.08
250,2024-02-25 06:00:00,12.19,10.10,10.44,11.44,85.50,8.11,0.00,2.98,353.40,0.08
250,2024-02-25 06:15:00,12.10,9.31,9.96,10.99,87.50,7.98,0.00,2.57,356.70,0.08
250,2024-02-25 06:30:00,11.99,8.78,9.16,10.52,88.10,7.29,0.00,2.01,5.83,0.09
250,2024-02-25 06:45:00,11.87,7.45,7.96,10.05,89.50,6.34,0.00,1.63,7.55,0.25
250,2024-02-25 07:00:00,11.74,6.39,7.13,9.66,90.50,5.68,0.00,1.10,334.50,2.45
250,2024-02-25 07:15:00,11.60,6.07,6.83,9.16,91.50,5.54,0.00,0.80,274.60,12.50
250,2024-02-25 07:30:00,11.45,5.82,6.79,9.17,92.80,5.70,0.00,0.38,220.60,27.52
250,2024-02-25 07:45:00,11.34,6.75,8.13,10.36,93.80,7.19,0.00,0.70,345.00,83.20
250,2024-02-25 08:00:00,11.27,9.01,9.45,11.19,92.90,8.36,0.00,1.80,353.20,142.10
250,2024-02-25 08:15:00,11.30,11.76,11.78,12.18,79.55,8.36,0.00,1.64,22.55,180.90
250,2024-02-25 08:30:00,11.44,13.15,12.82,12.80,64.07,6.20,0.00,3.43,18.20,224.20
250,2024-02-25 08:45:00,11.65,13.86,13.30,13.19,59.26,5.52,0.00,3.11,28.23,274.60
250,2024-02-25 09:00:00,11.93,14.13,13.77,13.54,51.29,3.89,0.00,4.88,35.98,324.80
250,2024-02-25 09:15:00,12.26,14.45,14.02,13.79,46.73,2.80,0.00,5.88,49.91,374.30
250,2024-02-25 09:30:00,12.64,15.43,14.96,14.56,47.58,3.92,0.00,3.65,41.60,421.80
250,2024-02-25 09:45:00,13.07,16.21,15.31,15.23,43.77,3.06,0.00,4.73,47.51,467.10
250,2024-02-25 10:00:00,13.54,16.32,15.88,15.29,41.79,2.92,0.00,5.15,46.75,509.70
250,2024-02-25 10:15:00,14.04,16.80,16.20,15.72,38.83,2.17,0.00,5.76,42.74,549.10
250,2024-02-25 10:30:00,14.55,17.50,17.01,16.28,39.54,3.15,0.00,4.84,22.61,585.60
250,2024-02-25 10:45:00,15.09,18.00,17.01,16.88,40.48,3.49,0.00,3.46,46.92,618.80
250,2024-02-25 11:00:00,15.66,18.33,17.57,17.25,37.50,2.91,0.00,3.54,42.32,649.00
250,2024-02-25 11:15:00,16.23,18.66,17.87,17.51,36.73,2.88,0.00,4.84,24.50,675.00
250,2024-02-25 11:30:00,16.79,19.14,18.37,18.00,34.00,2.24,0.00,3.09,19.75,698.50
250,2024-02-25 11:45:00,17.34,19.59,18.52,18.52,35.26,2.88,0.00,3.43,355.90,719.00
250,2024-02-25 12:00:00,17.87,19.94,19.12,18.50,34.34,3.04,0.00,4.73,356.10,732.30
250,2024-02-25 12:15:00,18.36,20.00,18.84,18.52,31.42,1.54,0.00,6.05,338.10,743.80
250,2024-02-25 12:30:00,18.78,20.20,19.49,18.97,30.14,1.53,0.00,3.34,334.00,706.50
250,2024-02-25 12:45:00,19.14,20.56,19.50,19.26,30.14,1.54,0.00,3.81,305.60,761.20
250,2024-02-25 13:00:00,19.45,21.00,19.53,19.81,30.29,1.63,0.00,2.95,356.80,760.70
250,2024-02-25 13:15:00,19.71,20.90,20.03,19.64,30.94,2.36,0.00,3.59,23.61,755.10
250,2024-02-25 13:30:00,19.91,21.33,20.89,19.96,31.43,3.33,0.00,3.74,38.44,743.10
250,2024-02-25 13:45:00,20.07,21.79,20.58,20.27,30.20,2.50,0.00,4.93,2.81,730.40
250,2024-02-25 14:00:00,20.22,21.55,20.60,20.09,28.90,1.90,0.00,4.92,7.64,714.00
250,2024-02-25 14:15:00,20.40,21.99,21.03,20.45,28.31,1.98,0.00,5.47,14.56,697.20
250,2024-02-25 14:30:00,20.61,22.16,21.19,20.57,30.68,3.25,0.00,5.44,10.85,672.00
250,2024-02-25 14:45:00,20.85,22.13,21.02,20.71,27.18,1.41,0.00,5.77,1.74,642.20
250,2024-02-25 15:00:00,21.10,22.26,21.56,20.93,27.60,2.08,0.00,4.44,12.31,610.60
250,2024-02-25 15:15:00,21.35,21.89,20.83,20.65,27.94,1.63,0.00,6.31,52.32,575.40
250,2024-02-25 15:30:00,21.56,22.18,21.51,21.00,29.68,3.06,0.00,4.06,44.90,536.60
250,2024-02-25 15:45:00,21.72,22.45,21.11,21.22,28.18,1.99,0.00,5.51,39.03,496.50
250,2024-02-25 16:00:00,21.85,22.19,21.53,21.15,28.54,2.53,0.00,4.50,45.31,452.90
250,2024-02-25 16:15:00,21.93,22.32,21.10,21.35,27.86,1.82,0.00,4.77,46.40,407.30
250,2024-02-25 16:30:00,21.96,22.02,21.20,21.15,27.88,1.92,0.00,4.35,66.35,357.20
250,2024-02-25 16:45:00,21.94,22.13,21.20,21.42,27.88,1.92,0.00,3.71,86.50,307.20
250,2024-02-25 17:00:00,21.86,22.12,21.23,21.44,27.89,1.95,0.00,3.29,65.36,256.10
250,2024-02-25 17:15:00,21.75,21.81,21.05,21.32,28.16,1.93,0.00,3.56,61.53,206.50
250,2024-02-25 17:30:00,21.57,21.88,21.19,21.49,28.47,2.20,0.00,3.21,18.01,158.60
250,2024-02-25 17:45:00,21.35,21.60,20.66,21.37,30.74,2.82,0.00,2.82,28.40,113.10
250,2024-02-25 18:00:00,21.10,21.07,20.17,21.16,31.39,2.69,0.00,1.32,27.07,72.34
250,2024-02-25 18:15:00,20.80,19.64,18.65,20.50,37.33,3.80,0.00,1.12,26.03,35.87
250,2024-02-25 18:30:00,20.47,17.17,16.24,18.84,54.12,6.96,0.00,0.67,351.90,8.13
250,2024-02-25 18:45:00,20.12,14.83,15.18,16.92,55.20,6.26,0.00,0.58,170.80,1.31
250,2024-02-25 19:00:00,19.74,13.81,14.47,15.56,51.17,4.51,0.00,0.53,150.30,0.14
250,2024-02-25 19:15:00,19.36,12.58,13.47,14.84,55.57,4.76,0.00,0.77,52.62,0.07
250,2024-02-25 19:30:00,18.99,11.72,12.29,14.55,62.50,5.34,0.00,1.70,225.80,0.08
250,2024-02-25 19:45:00,18.62,11.73,12.55,14.74,59.23,4.81,0.00,4.73,245.30,0.08
250,2024-02-25 20:00:00,18.26,12.01,13.14,14.32,54.54,4.18,0.00,1.84,254.80,0.07
250,2024-02-25 20:15:00,17.93,12.35,12.76,13.74,54.06,3.70,0.00,0.52,350.50,0.08
250,2024-02-25 20:30:00,17.62,11.72,12.42,13.87,59.09,4.65,0.00,1.32,198.90,0.08
250,2024-02-25 20:45:00,17.33,11.40,12.14,13.77,57.27,3.95,0.00,2.95,117.80,0.07
250,2024-02-25 21:00:00,17.05,12.00,12.74,14.01,55.58,4.08,0.00,3.75,85.70,0.07
250,2024-02-25 21:15:00,16.78,12.43,12.87,13.84,58.81,5.01,0.00,3.36,107.70,0.07
250,2024-02-25 21:30:00,16.54,12.23,12.29,13.49,63.95,5.67,0.00,2.64,103.70,0.07
250,2024-02-25 21:45:00,16.30,11.72,12.49,13.33,67.80,6.71,0.00,2.68,113.70,0.07
250,2024-02-25 22:00:00,16.09,12.15,12.55,13.19,69.96,7.22,0.00,2.91,116.50,0.08
250,2024-02-25 22:15:00,15.88,11.82,12.00,12.87,72.15,7.14,0.00,2.65,115.60,0.07
250,2024-02-25 22:30:00,15.69,10.92,10.99,12.42,72.61,6.26,0.00,1.63,108.80,0.08
250,2024-02-25 22:45:00,15.51,8.95,9.60,11.28,79.04,6.15,0.00,0.84,65.86,0.07
250,2024-02-25 23:00:00,15.31,8.19,8.65,10.21,83.20,5.96,0.00,0.41,270.20,0.08
250,2024-02-25 23:15:00,15.12,8.25,8.70,9.63,84.70,6.27,0.00,0.88,17.59,0.08
250,2024-02-25 23:30:00,14.92,7.34,7.54,9.29,85.70,5.30,0.00,0.83,263.20,0.08
250,2024-02-25 23:45:00,14.73,6.91,7.42,8.89,87.80,5.53,0.00,1.15,260.30,0.08
250,2024-02-26 00:00:00,14.54,6.79,7.04,8.46,88.90,5.34,0.00,0.88,274.90,0.08
250,2024-02-26 00:15:00,14.37,6.34,6.86,7.84,90.10,5.35,0.00,0.74,28.82,0.08
250,2024-02-26 00:30:00,14.18,6.32,6.60,7.65,90.10,5.10,0.00,0.90,107.30,0.07
250,2024-02-26 00:45:00,14.02,5.76,6.09,7.50,91.00,4.74,0.00,1.83,219.90,0.09
250,2024-02-26 01:00:00,13.83,5.55,5.94,7.49,91.80,4.71,0.00,1.82,226.50,0.08
250,2024-02-26 01:15:00,13.67,5.98,6.04,7.08,92.60,4.93,0.00,1.07,236.10,0.08
250,2024-02-26 01:30:00,13.50,5.89,5.97,6.93,92.90,4.91,0.00,0.75,253.00,0.09
250,2024-02-26 01:45:00,13.34,5.68,5.65,6.66,92.70,4.56,0.00,2.26,101.90,0.08
250,2024-02-26 02:00:00,13.19,5.39,5.84,6.86,93.00,4.80,0.00,1.13,74.73,0.08
250,2024-02-26 02:15:00,13.04,4.62,5.20,6.38,93.80,4.29,0.00,0.90,233.90,0.09
250,2024-02-26 02:30:00,12.89,4.71,5.15,6.20,93.30,4.15,0.00,1.18,256.20,0.09
250,2024-02-26 02:45:00,12.74,4.34,4.79,6.56,94.20,3.94,0.00,1.65,219.90,0.08
250,2024-02-26 03:00:00,12.58,4.75,5.15,6.14,94.10,4.28,0.00,0.74,146.10,0.08
250,2024-02-26 03:15:00,12.45,4.41,4.81,5.92,94.50,4.00,0.00,2.10,214.10,0.08
250,2024-02-26 03:30:00,12.31,4.59,5.24,5.79,95.40,4.57,0.00,2.05,202.30,0.09
250,2024-02-26 03:45:00,12.18,4.79,4.71,5.71,94.70,3.93,0.00,1.20,127.80,0.08
250,2024-02-26 04:00:00,12.06,4.25,4.49,5.24,94.80,3.73,0.00,0.77,212.40,0.08
250,2024-02-26 04:15:00,11.93,3.68,4.17,5.03,94.90,3.42,0.00,0.73,161.50,0.09
250,2024-02-26 04:30:00,11.80,3.91,4.31,4.82,95.40,3.64,0.00,1.01,351.90,0.09
250,2024-02-26 04:45:00,11.68,3.88,4.07,4.78,95.40,3.40,0.00,0.82,36.24,0.08
250,2024-02-26 05:00:00,11.56,3.93,3.90,4.83,95.40,3.23,0.00,1.07,142.00,0.09
250,2024-02-26 05:15:00,11.45,3.61,3.62,4.72,95.80,3.01,0.00,2.07,191.00,0.08
250,2024-02-26 05:30:00,11.33,3.75,3.91,4.60,96.00,3.34,0.00,0.90,141.80,0.09
250,2024-02-26 05:45:00,11.22,3.59,3.85,4.23,96.20,3.30,0.00,0.59,263.90,0.08
250,2024-02-26 06:00:00,11.10,3.07,3.35,4.05,95.60,2.71,0.00,0.98,229.00,0.08
250,2024-02-26 06:15:00,11.00,2.65,3.11,3.83,96.10,2.55,0.00,0.84,219.90,0.09
250,2024-02-26 06:30:00,10.87,2.81,2.91,3.62,96.30,2.38,0.00,0.31,348.90,0.09
250,2024-02-26 06:45:00,10.77,2.38,2.83,3.44,96.40,2.31,0.00,0.56,271.70,0.35
250,2024-02-26 07:00:00,10.66,2.58,2.94,3.35,96.60,2.45,0.00,0.59,352.90,3.35
250,2024-02-26 07:15:00,10.56,2.87,3.16,3.44,96.80,2.70,0.00,0.88,77.60,13.20
250,2024-02-26 07:30:00,10.46,3.35,3.39,4.16,96.80,2.93,0.00,0.42,144.10,27.68
250,2024-02-26 07:45:00,10.39,4.07,5.26,5.15,98.00,4.97,0.00,0.51,178.00,96.80
250,2024-02-26 08:00:00,10.35,6.59,6.50,6.78,97.40,6.12,0.00,0.81,86.80,158.80
250,2024-02-26 08:15:00,10.40,7.54,6.89,7.25,96.40,6.35,0.00,1.43,190.20,205.30
250,2024-02-26 08:30:00,10.55,8.98,8.70,8.72,96.60,8.19,0.00,0.96,195.50,251.30
250,2024-02-26 08:45:00,10.78,10.37,9.96,9.95,95.10,9.21,0.00,2.37,143.30,296.40
250,2024-02-26 09:00:00,11.08,11.91,11.81,11.20,90.50,10.31,0.00,2.22,143.90,341.60
250,2024-02-26 09:15:00,11.48,13.73,13.51,12.87,80.20,10.17,0.00,2.81,143.90,385.10
250,2024-02-26 09:30:00,11.94,15.31,15.17,14.34,71.58,10.07,0.00,2.73,138.30,427.60
250,2024-02-26 09:45:00,12.47,17.04,16.51,15.94,63.60,9.59,0.00,2.96,156.40,472.60
250,2024-02-26 10:00:00,13.05,17.83,17.53,16.82,57.85,9.14,0.00,2.96,162.70,515.50
250,2024-02-26 10:15:00,13.67,18.70,18.07,17.76,45.65,6.17,0.00,4.09,160.20,555.40
250,2024-02-26 10:30:00,14.30,19.42,18.95,18.36,42.06,5.78,0.00,4.70,159.80,592.10
250,2024-02-26 10:45:00,14.95,20.21,19.42,19.07,37.77,4.66,0.00,4.34,134.30,626.60
250,2024-02-26 11:00:00,15.61,20.67,20.18,19.65,34.08,3.86,0.00,4.10,139.00,654.90
250,2024-02-26 11:15:00,16.26,21.10,20.35,19.91,33.66,3.83,0.00,3.90,174.00,680.90
250,2024-02-26 11:30:00,16.91,21.45,20.58,20.33,30.59,2.68,0.00,5.38,161.00,705.90
250,2024-02-26 11:45:00,17.54,21.79,21.33,20.46,31.10,3.57,0.00,5.61,201.00,725.30
250,2024-02-26 12:00:00,18.12,22.01,20.98,20.76,28.89,2.23,0.00,4.43,188.50,739.90
250,2024-02-26 12:15:00,18.66,22.49,21.37,21.06,27.05,1.64,0.00,5.27,214.20,750.60
250,2024-02-26 12:30:00,19.16,22.74,22.11,21.38,29.75,3.62,0.00,4.22,205.50,718.70
250,2024-02-26 12:45:00,19.59,22.80,21.57,21.58,29.17,2.87,0.00,4.58,217.40,760.00
250,2024-02-26 13:00:00,19.97,23.26,22.29,22.00,28.25,3.04,0.00,3.92,196.40,760.00
250,2024-02-26 13:15:00,20.25,23.64,22.73,22.20,27.65,3.11,0.00,4.23,222.30,752.10
250,2024-02-26 13:30:00,20.48,24.31,23.18,22.72,28.59,3.97,0.00,4.06,254.80,747.10
250,2024-02-26 13:45:00,20.68,23.95,22.97,22.77,25.33,2.08,0.00,3.62,192.90,734.90
250,2024-02-26 14:00:00,20.88,23.99,23.31,22.63,23.61,1.39,0.00,6.27,233.20,718.40
250,2024-02-26 14:15:00,21.10,24.30,23.13,22.95,24.91,1.99,0.00,6.76,222.50,700.00
250,2024-02-26 14:30:00,21.34,24.38,23.28,22.99,23.28,1.17,0.00,5.57,234.60,673.90
250,2024-02-26 14:45:00,21.61,24.29,23.46,22.98,22.55,0.88,0.00,6.29,230.60,643.00
250,2024-02-26 15:00:00,21.89,24.73,23.94,23.31,23.63,1.93,0.00,8.24,220.10,612.20
250,2024-02-26 15:15:00,22.14,24.55,23.77,23.25,21.68,0.59,0.00,7.99,192.10,578.40
250,2024-02-26 15:30:00,22.35,24.70,23.79,23.46,22.69,1.24,0.00,4.57,197.60,538.70
250,2024-02-26 15:45:00,22.53,24.78,24.02,23.63,21.63,0.77,0.00,5.15,176.00,500.40
250,2024-02-26 16:00:00,22.68,24.84,24.15,23.70,23.05,1.76,0.00,6.55,218.80,457.80
250,2024-02-26 16:15:00,22.76,24.66,23.89,23.69,21.22,0.39,0.00,7.07,218.10,410.00
250,2024-02-26 16:30:00,22.80,24.85,23.98,23.91,21.90,0.91,0.00,5.68,252.60,359.70
250,2024-02-26 16:45:00,22.79,24.47,23.94,23.65,23.54,1.88,0.00,7.04,222.80,309.60
250,2024-02-26 17:00:00,22.73,24.61,23.75,23.88,25.26,2.71,0.00,4.83,200.00,260.40
250,2024-02-26 17:15:00,22.62,24.14,23.67,23.69,24.27,2.08,0.00,5.53,220.70,208.70
250,2024-02-26 17:30:00,22.48,24.13,23.43,23.74,28.07,3.93,0.00,4.63,254.80,160.60
250,2024-02-26 17:45:00,22.28,23.18,22.39,23.09,33.02,5.35,0.00,8.00,249.20,115.30
250,2024-02-26 18:00:00,22.05,21.93,21.30,22.13,37.85,6.36,0.00,10.80,256.90,75.22
250,2024-02-26 18:15:00,21.78,20.84,20.37,21.38,40.66,6.57,0.00,9.89,261.90,37.09
250,2024-02-26 18:30:00,21.48,19.63,19.48,20.61,44.47,7.07,0.00,8.91,256.80,8.55
250,2024-02-26 18:45:00,21.14,18.90,18.91,20.00,47.75,7.59,0.00,9.12,251.30,1.17
250,2024-02-26 19:00:00,20.79,18.06,17.82,19.44,52.60,8.01,0.00,8.31,251.60,0.11
250,2024-02-26 19:15:00,20.44,16.45,17.00,18.89,56.19,8.22,0.00,7.01,247.80,0.08
250,2024-02-26 19:30:00,20.10,15.42,16.19,18.32,58.31,8.00,0.00,6.29,260.90,0.08
250,2024-02-26 19:45:00,19.76,15.08,15.99,17.73,61.69,8.64,0.00,6.13,263.40,0.08
250,2024-02-26 20:00:00,19.43,15.07,15.84,17.40,63.43,8.91,0.00,5.97,266.70,0.07
250,2024-02-26 20:15:00,19.11,14.66,15.62,17.04,64.83,9.03,0.00,5.44,269.00,0.08
250,2024-02-26 20:30:00,18.82,14.43,15.20,16.71,66.33,8.97,0.00,4.32,268.30,0.08
250,2024-02-26 20:45:00,18.54,13.87,14.36,16.38,69.11,8.77,0.00,3.79,265.20,0.07
250,2024-02-26 21:00:00,18.28,13.59,13.88,15.76,71.61,8.84,0.00,1.82,188.90,0.08
250,2024-02-26 21:15:00,18.02,13.02,13.53,15.12,72.81,8.75,0.00,1.41,116.50,0.07
250,2024-02-26 21:30:00,17.78,12.41,12.38,14.32,76.37,8.34,0.00,0.96,45.09,0.07
250,2024-02-26 21:45:00,17.54,10.98,11.57,13.21,80.50,8.33,0.00,0.73,45.44,0.07
250,2024-02-26 22:00:00,17.31,10.68,11.29,12.78,80.60,8.08,0.00,1.02,77.29,0.07
250,2024-02-26 22:15:00,17.09,10.03,10.61,12.11,84.50,8.11,0.00,0.59,166.80,0.07
250,2024-02-26 22:30:00,16.87,9.45,10.20,11.75,86.90,8.12,0.00,1.10,202.50,0.07
250,2024-02-26 22:45:00,16.65,9.96,10.55,11.56,86.60,8.41,0.00,0.89,141.60,0.07
250,2024-02-26 23:00:00,16.45,9.50,9.93,11.09,87.40,7.94,0.00,0.88,119.30,0.07
250,2024-02-26 23:15:00,16.25,9.09,9.53,10.69,88.40,7.71,0.00,0.54,119.80,0.07
250,2024-02-26 23:30:00,16.07,9.30,9.93,10.57,89.40,8.27,0.00,3.00,107.20,0.07
250,2024-02-26 23:45:00,15.89,9.45,10.43,11.21,89.50,8.78,0.00,2.89,108.70,0.08
250,2024-02-27 00:00:00,15.73,9.45,9.64,11.44,88.00,7.75,0.00,1.70,133.80,0.08
250,2024-02-27 00:15:00,15.57,8.60,9.47,11.19,88.90,7.73,0.00,1.36,139.50,0.07
250,2024-02-27 00:30:00,15.41,9.06,9.82,11.06,89.10,8.11,0.00,1.79,141.00,0.08
250,2024-02-27 00:45:00,15.27,9.13,9.57,10.96,89.40,7.91,0.00,1.53,140.50,0.07
250,2024-02-27 01:00:00,15.13,8.72,9.11,10.83,89.60,7.49,0.00,0.61,187.80,0.08
250,2024-02-27 01:15:00,14.99,8.43,8.84,10.19,90.00,7.29,0.00,0.60,172.00,0.07
250,2024-02-27 01:30:00,14.86,7.86,8.78,9.63,91.60,7.49,0.00,0.79,169.90,0.08
250,2024-02-27 01:45:00,14.72,8.07,8.35,9.97,91.10,6.98,0.00,1.19,229.70,0.08
250,2024-02-27 02:00:00,14.59,8.10,8.67,9.72,91.90,7.43,0.00,1.02,153.60,0.08
250,2024-02-27 02:15:00,14.47,8.27,8.22,9.48,91.70,6.95,0.00,0.64,177.30,0.08
250,2024-02-27 02:30:00,14.35,7.77,7.90,8.99,92.10,6.70,0.00,0.33,130.60,0.08
250,2024-02-27 02:45:00,14.24,7.50,7.89,8.81,92.60,6.77,0.00,1.01,139.00,0.07
250,2024-02-27 03:00:00,14.13,7.74,8.14,8.88,93.00,7.08,0.00,1.11,136.90,0.08
250,2024-02-27 03:15:00,14.01,7.60,7.72,8.61,92.90,6.64,0.00,0.66,108.60,0.08
250,2024-02-27 03:30:00,13.90,7.11,7.35,8.29,93.50,6.37,0.00,0.71,15.89,0.08
250,2024-02-27 03:45:00,13.78,6.98,7.32,8.00,94.00,6.42,0.00,0.39,160.80,0.08
250,2024-02-27 04:00:00,13.67,6.98,7.20,7.90,93.90,6.28,0.00,0.39,105.00,0.07
250,2024-02-27 04:15:00,13.56,6.90,7.24,7.80,94.20,6.37,0.00,0.50,81.90,0.08
250,2024-02-27 04:30:00,13.45,6.86,7.18,7.89,94.40,6.34,0.00,1.06,120.50,0.07
250,2024-02-27 04:45:00,13.34,6.51,6.46,7.63,94.80,5.69,0.00,0.90,219.40,0.08
250,2024-02-27 05:00:00,13.23,6.31,6.89,7.60,95.20,6.17,0.00,1.05,162.00,0.08
250,2024-02-27 05:15:00,13.13,6.60,6.87,7.65,95.10,6.14,0.00,1.33,149.50,0.08
250,2024-02-27 05:30:00,13.02,6.39,6.50,7.32,95.20,5.79,0.00,0.61,165.80,0.07
250,2024-02-27 05:45:00,12.92,5.90,6.45,7.01,95.40,5.76,0.00,0.73,257.60,0.08
250,2024-02-27 06:00:00,12.82,6.13,6.38,7.05,95.50,5.71,0.00,1.14,349.70,0.07
250,2024-02-27 06:15:00,12.72,6.05,6.11,7.01,95.70,5.47,0.00,0.66,0.99,0.08
250,2024-02-27 06:30:00,12.63,5.98,6.19,6.72,96.10,5.62,0.00,0.76,126.90,0.09
250,2024-02-27 06:45:00,12.54,6.25,6.29,6.75,95.90,5.69,0.00,1.21,101.90,0.43
250,2024-02-27 07:00:00,12.46,6.23,6.33,6.72,96.10,5.76,0.00,1.00,51.20,3.43
250,2024-02-27 07:15:00,12.37,6.20,5.97,6.63,95.90,5.36,0.00,0.58,111.90,12.25
250,2024-02-27 07:30:00,12.30,6.09,6.47,6.99,96.70,5.99,0.00,1.21,168.10,26.48
250,2024-02-27 07:45:00,12.24,7.34,7.78,8.09,96.80,7.30,0.00,1.15,171.80,95.70
250,2024-02-27 08:00:00,12.21,9.70,9.70,9.73,97.00,9.25,0.00,0.54,96.40,150.10
250,2024-02-27 08:15:00,12.28,11.34,10.38,11.17,95.50,9.69,0.00,1.12,194.30,194.70
250,2024-02-27 08:30:00,12.43,12.52,12.17,12.02,93.30,11.12,0.00,1.93,153.60,239.60
250,2024-02-27 08:45:00,12.66,13.85,13.78,13.38,84.80,11.27,0.00,3.31,150.70,282.20
250,2024-02-27 09:00:00,12.98,15.42,15.59,14.86,76.33,11.44,0.00,4.53,167.10,324.00
250,2024-02-27 09:15:00,13.36,17.24,17.53,16.58,70.10,12.02,0.00,4.89,181.40,370.70
250,2024-02-27 09:30:00,13.81,18.81,18.62,17.86,62.32,11.28,0.00,6.13,186.90,416.10
250,2024-02-27 09:45:00,14.32,20.06,20.01,19.11,53.06,10.16,0.00,7.31,187.70,458.90
250,2024-02-27 10:00:00,14.88,21.23,20.74,20.16,50.97,10.24,0.00,8.47,193.80,498.70
250,2024-02-27 10:15:00,15.45,21.87,21.40,20.71,48.67,10.15,0.00,11.14,189.40,535.00
250,2024-02-27 10:30:00,16.04,22.38,22.14,21.19,47.34,10.42,0.00,12.30,194.10,573.20
250,2024-02-27 10:45:00,16.64,22.98,22.58,21.77,48.95,11.32,0.00,12.48,188.00,606.80
250,2024-02-27 11:00:00,17.22,22.99,22.52,21.69,51.23,11.96,0.00,14.50,198.30,632.00
250,2024-02-27 11:15:00,17.80,23.18,22.21,21.82,51.08,11.63,0.00,13.97,211.20,648.70
250,2024-02-27 11:30:00,18.36,23.63,22.75,22.18,51.27,12.18,0.00,12.42,215.90,669.60
250,2024-02-27 11:45:00,18.88,24.13,23.00,22.55,48.47,11.56,0.00,12.02,213.50,694.00
250,2024-02-27 12:00:00,19.40,24.13,23.21,22.53,49.29,12.01,0.00,12.77,206.50,717.10
250,2024-02-27 12:15:00,19.89,24.43,23.58,22.74,47.17,11.68,0.00,11.10,213.20,727.20
250,2024-02-27 12:30:00,20.35,24.53,23.82,22.90,50.71,13.00,0.00,9.75,217.90,674.30
250,2024-02-27 12:45:00,20.77,24.94,24.28,23.38,49.61,13.09,0.00,7.78,206.10,729.50
250,2024-02-27 13:00:00,21.15,25.01,24.21,23.47,44.77,11.46,0.00,8.35,208.20,720.60
250,2024-02-27 13:15:00,21.47,25.32,24.48,23.64,46.39,12.25,0.00,8.35,193.70,727.90
250,2024-02-27 13:30:00,21.72,25.46,24.94,23.87,45.26,12.29,0.00,9.49,211.60,723.80
250,2024-02-27 13:45:00,21.94,25.72,24.56,24.09,43.87,11.47,0.00,8.81,224.50,712.80
250,2024-02-27 14:00:00,22.15,25.68,24.58,24.22,42.53,11.02,0.00,8.70,192.80,698.00
250,2024-02-27 14:15:00,22.37,26.04,24.76,24.65,43.18,11.41,0.00,7.51,234.30,675.20
250,2024-02-27 14:30:00,22.62,26.17,24.98,24.67,42.37,11.33,0.00,9.30,222.50,643.40
250,2024-02-27 14:45:00,22.90,26.14,25.48,24.80,41.66,11.52,0.00,7.61,191.10,622.70
250,2024-02-27 15:00:00,23.16,26.54,25.45,25.21,41.42,11.41,0.00,9.17,197.50,587.80
250,2024-02-27 15:15:00,23.42,26.19,25.34,25.09,41.97,11.51,0.00,7.08,184.60,490.40
250,2024-02-27 15:30:00,23.65,26.20,25.45,25.09,40.44,11.04,0.00,11.19,201.90,475.30
250,2024-02-27 15:45:00,23.78,26.57,25.82,25.37,39.41,10.99,0.00,7.36,210.80,480.50
250,2024-02-27 16:00:00,23.90,26.69,25.81,25.44,40.08,11.23,0.00,9.65,215.10,448.40
250,2024-02-27 16:15:00,24.00,26.67,25.95,25.55,40.57,11.54,0.00,8.10,214.70,402.10
250,2024-02-27 16:30:00,24.07,26.63,25.86,25.68,40.60,11.47,0.00,8.89,196.90,356.40
250,2024-02-27 16:45:00,24.09,26.54,25.62,25.64,41.39,11.55,0.00,9.01,229.50,301.20
250,2024-02-27 17:00:00,24.06,26.31,25.58,25.58,40.04,11.01,0.00,8.70,218.90,270.60
250,2024-02-27 17:15:00,24.00,26.07,25.58,25.60,39.41,10.77,0.00,10.28,192.00,213.00
250,2024-02-27 17:30:00,23.89,25.75,25.10,25.45,41.96,11.29,0.00,8.47,189.10,141.30
250,2024-02-27 17:45:00,23.72,25.38,24.91,25.34,41.75,11.04,0.00,7.68,200.20,138.20
250,2024-02-27 18:00:00,23.52,24.72,23.67,24.86,49.65,12.54,0.00,9.87,215.90,90.40
250,2024-02-27 18:15:00,23.30,23.25,22.55,23.56,53.52,12.65,0.00,9.88,248.20,45.35
250,2024-02-27 18:30:00,23.06,21.77,21.34,22.55,57.11,12.51,0.00,8.27,257.00,10.85
250,2024-02-27 18:45:00,22.76,20.83,20.48,21.70,58.31,12.02,0.00,8.89,259.10,1.17
250,2024-02-27 19:00:00,22.45,19.99,19.97,21.06,59.77,11.92,0.00,8.52,257.90,0.11
250,2024-02-27 19:15:00,22.11,19.54,19.48,20.58,61.56,11.91,0.00,7.55,254.10,0.08
250,2024-02-27 19:30:00,21.79,18.74,18.92,20.16,63.35,11.81,0.00,5.72,247.80,0.08
250,2024-02-27 19:45:00,21.47,17.62,17.85,19.79,68.76,12.04,0.00,5.38,246.40,0.08
250,2024-02-27 20:00:00,21.16,16.99,17.28,19.31,71.02,11.98,0.00,4.26,221.10,0.07
250,2024-02-27 20:15:00,20.86,16.16,16.49,18.95,75.92,12.23,0.00,3.12,206.30,0.08
250,2024-02-27 20:30:00,20.58,15.89,16.16,17.82,74.23,11.57,0.00,0.98,158.10,0.08
250,2024-02-27 20:45:00,20.31,15.36,15.47,16.96,76.84,11.43,0.00,1.22,123.10,0.07
250,2024-02-27 21:00:00,20.05,14.64,15.17,16.45,78.59,11.48,0.00,1.22,86.40,0.09
250,2024-02-27 21:15:00,19.80,14.42,14.76,16.01,80.40,11.42,0.00,1.04,92.10,0.08
250,2024-02-27 21:30:00,19.56,13.44,13.74,15.27,83.70,11.03,0.00,0.42,61.54,0.08
250,2024-02-27 21:45:00,19.33,12.79,13.48,14.56,85.10,11.03,0.00,0.28,292.60,0.08
250,2024-02-27 22:00:00,19.10,12.78,13.47,14.36,86.80,11.32,0.00,0.93,135.80,0.07
250,2024-02-27 22:15:00,18.87,12.86,13.20,14.17,86.90,11.07,0.00,0.79,131.60,0.08
250,2024-02-27 22:30:00,18.68,12.63,12.76,13.78,87.70,10.77,0.00,0.78,70.90,0.07
250,2024-02-27 22:45:00,18.47,11.94,12.44,13.44,89.40,10.75,0.00,0.88,142.50,0.08
250,2024-02-27 23:00:00,18.28,12.07,12.44,13.30,89.90,10.83,0.00,1.03,119.90,0.08
250,2024-02-27 23:15:00,18.09,12.42,13.27,13.53,90.50,11.75,0.00,4.11,107.80,0.08
250,2024-02-27 23:30:00,17.92,13.32,13.24,14.13,87.40,11.19,0.00,2.62,125.80,0.08
250,2024-02-27 23:45:00,17.76,12.69,12.93,13.74,89.50,11.25,0.00,1.63,93.70,0.08
250,2024-02-28 00:00:00,17.61,12.06,12.32,13.59,89.40,10.63,0.00,1.00,70.61,0.08
250,2024-02-28 00:15:00,17.46,12.03,12.56,13.61,90.00,10.96,0.00,1.01,52.06,0.08
250,2024-02-28 00:30:00,17.33,11.92,12.48,13.52,90.40,10.95,0.00,0.51,0.36,0.08
250,2024-02-28 00:45:00,17.21,11.83,12.32,13.33,91.00,10.89,0.00,0.60,162.50,0.08
250,2024-02-28 01:00:00,17.09,11.82,12.18,13.26,91.50,10.84,0.00,1.00,200.20,0.08
250,2024-02-28 01:15:00,16.98,12.11,12.49,13.20,91.50,11.14,0.00,0.75,129.60,0.08
250,2024-02-28 01:30:00,16.90,12.48,12.56,13.22,91.90,11.28,0.00,1.11,136.40,0.08
250,2024-02-28 01:45:00,16.82,12.48,12.51,13.14,91.80,11.21,0.00,1.38,121.00,0.07
250,2024-02-28 02:00:00,16.75,12.37,12.27,13.04,91.70,10.96,0.00,0.97,87.80,0.08
250,2024-02-28 02:15:00,16.67,11.92,12.04,12.90,92.30,10.83,0.00,1.09,101.70,0.08
250,2024-02-28 02:30:00,16.58,11.83,12.14,13.02,93.00,11.04,0.00,1.42,146.90,0.08
250,2024-02-28 02:45:00,16.49,12.40,13.55,13.79,93.50,12.52,0.00,3.29,156.70,0.08
250,2024-02-28 03:00:00,16.40,14.67,14.64,14.93,85.30,12.20,0.00,5.63,156.60,0.08
250,2024-02-28 03:15:00,16.33,14.96,14.72,15.11,83.40,11.94,0.00,4.35,158.10,0.08
250,2024-02-28 03:30:00,16.27,14.84,14.93,15.28,83.20,12.11,0.00,4.11,166.20,0.07
250,2024-02-28 03:45:00,16.22,15.14,15.13,15.50,82.20,12.12,0.00,4.45,159.80,0.08
250,2024-02-28 04:00:00,16.17,15.20,14.96,15.46,82.90,12.08,0.00,4.84,164.10,0.08
250,2024-02-28 04:15:00,16.12,14.97,14.83,15.46,83.20,12.01,0.00,5.51,173.10,0.08
250,2024-02-28 04:30:00,16.06,14.75,14.55,15.38,83.90,11.86,0.00,4.58,177.50,0.08
250,2024-02-28 04:45:00,16.00,14.71,14.86,15.40,84.10,12.20,0.00,4.32,168.70,0.08
250,2024-02-28 05:00:00,15.93,14.99,14.96,15.51,83.60,12.21,0.00,4.68,169.90,0.08
250,2024-02-28 05:15:00,15.87,14.90,14.87,15.90,83.70,12.14,0.00,4.85,192.80,0.08
250,2024-02-28 05:30:00,15.81,14.59,14.77,16.09,84.50,12.19,0.00,4.62,192.90,0.08
250,2024-02-28 05:45:00,15.74,14.96,15.39,16.17,82.90,12.50,0.00,4.76,175.20,0.08
250,2024-02-28 06:00:00,15.68,15.14,15.13,16.19,83.00,12.27,0.00,4.22,180.10,0.08
250,2024-02-28 06:15:00,15.62,15.04,15.55,16.35,83.00,12.68,0.00,4.56,181.20,0.08
250,2024-02-28 06:30:00,15.56,15.99,15.98,16.74,81.30,12.78,0.00,7.28,181.60,0.08
250,2024-02-28 06:45:00,15.53,16.24,16.15,16.85,81.10,12.91,0.00,7.41,184.00,0.37
250,2024-02-28 07:00:00,15.50,15.92,15.64,16.78,82.20,12.62,0.00,6.05,192.70,2.32
250,2024-02-28 07:15:00,15.48,15.21,15.18,16.56,84.20,12.53,0.00,5.61,208.80,9.13
250,2024-02-28 07:30:00,15.44,14.38,14.80,16.27,86.30,12.54,0.00,4.50,216.20,25.74
250,2024-02-28 07:45:00,15.41,15.48,16.00,16.45,83.60,13.23,0.00,6.29,211.70,92.80
250,2024-02-28 08:00:00,15.41,16.48,16.49,16.72,82.20,13.45,0.00,6.39,205.80,119.60
250,2024-02-28 08:15:00,15.48,17.17,17.01,17.11,80.90,13.71,0.00,5.83,214.90,154.30
250,2024-02-28 08:30:00,15.61,17.88,17.67,17.58,78.20,13.83,0.00,7.09,225.00,211.50
250,2024-02-28 08:45:00,15.80,18.72,18.57,18.20,76.63,14.39,0.00,7.03,201.80,272.90
250,2024-02-28 09:00:00,16.07,19.54,19.25,18.88,75.69,14.86,0.00,9.57,193.10,317.30
250,2024-02-28 09:15:00,16.40,20.28,20.05,19.52,72.74,15.01,0.00,10.70,192.60,355.50
250,2024-02-28 09:30:00,16.76,20.99,20.69,20.13,71.29,15.31,0.00,11.87,192.70,397.30
250,2024-02-28 09:45:00,17.17,21.76,21.41,20.78,70.57,15.84,0.00,11.51,195.50,441.00
250,2024-02-28 10:00:00,17.61,22.55,21.98,21.32,67.63,15.72,0.00,13.48,204.30,512.60
250,2024-02-28 10:15:00,18.08,22.95,22.51,21.72,65.19,15.65,0.00,14.71,197.00,523.90
250,2024-02-28 10:30:00,18.56,23.12,22.24,22.12,66.27,15.65,0.00,15.73,201.80,444.40
250,2024-02-28 10:45:00,19.01,23.81,23.50,22.66,65.35,16.63,0.00,14.65,214.30,536.70
250,2024-02-28 11:00:00,19.40,24.47,23.37,23.16,63.10,15.96,0.00,14.32,212.50,566.50
250,2024-02-28 11:15:00,19.86,24.83,24.15,23.36,61.82,16.38,0.00,15.43,225.10,681.70
250,2024-02-28 11:30:00,20.33,25.51,24.90,23.92,60.06,16.63,0.00,14.51,211.90,687.10
250,2024-02-28 11:45:00,20.84,26.25,25.40,24.65,55.25,15.79,0.00,14.34,232.70,703.10
250,2024-02-28 12:00:00,21.35,26.66,25.78,24.92,54.36,15.88,0.00,21.34,237.50,725.10
250,2024-02-28 12:15:00,21.82,26.77,25.52,25.18,54.74,15.75,0.00,15.60,242.10,684.30
250,2024-02-28 12:30:00,22.24,27.23,26.36,25.56,52.44,15.86,0.00,14.68,243.40,694.80
250,2024-02-28 12:45:00,22.60,27.42,26.36,25.69,54.07,16.34,0.00,14.29,246.80,697.80
250,2024-02-28 13:00:00,22.93,27.57,26.16,25.95,52.24,15.62,0.00,14.50,247.60,632.30
250,2024-02-28 13:15:00,23.21,27.54,26.50,25.99,52.31,15.95,0.00,15.81,244.60,719.30
250,2024-02-28 13:30:00,23.43,27.37,26.66,26.09,49.58,15.26,0.00,15.90,241.70,560.70
250,2024-02-28 13:45:00,23.64,27.89,26.93,26.42,46.90,14.65,0.00,17.83,238.60,730.80
250,2024-02-28 14:00:00,23.84,27.97,27.14,26.44,45.04,14.21,0.00,17.21,249.80,639.20
250,2024-02-28 14:15:00,24.05,27.78,26.86,26.38,49.84,15.53,0.00,18.25,232.20,657.80
250,2024-02-28 14:30:00,24.25,28.13,27.41,26.58,47.75,15.36,0.00,17.26,245.50,693.70
250,2024-02-28 14:45:00,24.46,27.61,26.46,26.25,52.96,16.11,0.00,17.65,251.40,535.40
250,2024-02-28 15:00:00,24.63,27.25,26.23,25.95,54.57,16.36,0.00,16.84,257.10,522.10
250,2024-02-28 15:15:00,24.77,27.60,26.44,26.13,52.66,16.00,0.00,15.33,258.80,553.50
250,2024-02-28 15:30:00,24.90,27.22,26.03,25.78,55.71,16.50,0.00,15.50,257.90,521.70
250,2024-02-28 15:45:00,25.04,26.55,25.95,25.34,56.50,16.65,0.00,17.64,256.50,459.00
250,2024-02-28 16:00:00,25.11,26.61,25.28,25.28,59.35,16.80,0.00,17.22,245.30,452.80
250,2024-02-28 16:15:00,25.17,25.85,25.18,25.03,59.60,16.77,0.00,15.84,257.40,314.60
250,2024-02-28 16:30:00,25.14,25.39,24.39,24.77,63.10,16.92,0.00,16.73,253.50,204.80
250,2024-02-28 16:45:00,25.04,24.99,24.67,24.54,63.20,17.21,0.00,15.14,256.60,192.80
250,2024-02-28 17:00:00,24.87,25.19,24.44,24.57,65.17,17.48,0.00,14.37,261.00,212.90
250,2024-02-28 17:15:00,24.70,24.75,24.19,24.37,66.42,17.54,0.00,14.74,256.50,132.60
250,2024-02-28 17:30:00,24.54,24.29,23.81,24.09,68.20,17.60,0.00,15.78,254.10,74.98
250,2024-02-28 17:45:00,24.36,23.93,23.43,23.83,70.62,17.79,0.00,12.72,267.30,52.26
250,2024-02-28 18:00:00,24.15,23.57,23.17,23.59,72.07,17.86,0.00,11.66,264.00,42.30
250,2024-02-28 18:15:00,23.93,23.31,22.99,23.37,73.73,18.05,0.00,12.27,256.40,26.02
250,2024-02-28 18:30:00,23.70,23.04,22.62,23.16,75.42,18.06,0.00,9.80,260.20,7.53
250,2024-02-28 18:45:00,23.48,22.56,22.29,22.86,77.07,18.08,0.00,6.93,262.90,0.61
250,2024-02-28 19:00:00,23.27,22.19,21.71,22.58,78.66,17.84,0.00,5.78,248.20,0.10
250,2024-02-28 19:15:00,23.06,21.77,21.73,22.28,79.66,18.06,0.00,7.63,241.70,0.09
250,2024-02-28 19:30:00,22.84,21.31,20.96,21.97,82.90,17.95,0.00,6.67,232.60,0.08
250,2024-02-28 19:45:00,22.62,21.07,20.93,21.73,83.30,17.99,0.00,7.26,237.10,0.09
250,2024-02-28 20:00:00,22.41,21.05,20.95,21.56,83.30,18.01,0.00,6.81,244.20,0.08
250,2024-02-28 20:15:00,22.21,20.91,20.74,21.35,84.00,17.94,0.00,6.69,241.60,0.08
250,2024-02-28 20:30:00,22.04,20.19,19.91,21.01,86.30,17.56,0.00,5.64,235.30,0.08
250,2024-02-28 20:45:00,21.86,19.73,19.94,20.83,86.30,17.58,0.00,6.32,229.70,0.08
250,2024-02-28 21:00:00,21.67,19.39,19.30,20.52,88.40,17.34,0.00,5.64,231.80,0.08
250,2024-02-28 21:15:00,21.48,19.27,19.59,20.40,88.80,17.69,0.00,5.95,247.20,0.08
250,2024-02-28 21:30:00,21.30,19.64,19.49,20.30,88.80,17.59,0.00,6.20,241.10,0.08
250,2024-02-28 21:45:00,21.13,19.57,19.57,20.19,89.60,17.82,0.00,6.30,240.40,0.08
250,2024-02-28 22:00:00,20.99,19.51,19.32,20.05,90.20,17.67,0.00,6.70,233.20,0.08
250,2024-02-28 22:15:00,20.86,19.19,18.97,19.86,90.60,17.40,0.00,6.22,232.00,0.08
250,2024-02-28 22:30:00,20.73,18.63,18.48,19.53,91.60,17.09,0.00,5.61,221.20,0.08
250,2024-02-28 22:45:00,20.60,18.32,18.28,19.33,92.50,17.04,0.00,4.50,211.90,0.08
250,2024-02-28 23:00:00,20.46,18.28,18.27,19.18,92.90,17.10,0.00,3.53,199.60,0.09
250,2024-02-28 23:15:00,20.32,17.86,17.87,18.90,93.10,16.74,0.00,1.18,122.90,0.08
250,2024-02-28 23:30:00,20.18,17.81,18.16,18.68,93.80,17.15,0.00,2.02,160.20,0.08
250,2024-02-28 23:45:00,20.04,17.66,17.96,18.68,94.00,16.98,0.00,2.54,219.30,0.08
250,2024-02-29 00:00:00,19.90,17.51,17.70,18.74,94.20,16.76,0.00,3.61,218.00,0.08
250,2024-02-29 00:15:00,19.77,17.37,17.65,18.74,94.40,16.74,0.00,3.95,223.40,0.08
250,2024-02-29 00:30:00,19.64,17.35,17.55,18.52,94.90,16.72,0.00,3.37,215.40,0.08
250,2024-02-29 00:45:00,19.52,17.08,17.42,18.12,95.10,16.63,0.00,1.65,222.10,0.08
250,2024-02-29 01:00:00,19.40,16.63,16.91,18.45,95.40,16.17,0.00,3.97,230.40,0.08
250,2024-02-29 01:15:00,19.28,16.90,17.42,18.38,95.50,16.69,0.00,4.00,237.00,0.08
250,2024-02-29 01:30:00,19.17,17.22,17.07,18.21,95.50,16.35,0.00,2.14,183.90,0.09
250,2024-02-29 01:45:00,19.07,16.62,16.83,17.93,95.50,16.11,0.00,2.02,160.00,0.08
250,2024-02-29 02:00:00,18.97,16.05,16.57,17.73,95.80,15.90,0.00,1.02,113.20,0.08
250,2024-02-29 02:15:00,18.88,16.14,16.41,17.71,95.60,15.71,0.00,1.45,70.90,0.08
250,2024-02-29 02:30:00,18.79,15.76,15.79,17.44,95.70,15.11,0.00,0.68,66.39,0.08
250,2024-02-29 02:45:00,18.71,15.54,15.81,17.23,96.20,15.21,0.00,1.03,53.06,0.08
250,2024-02-29 03:00:00,18.63,16.05,17.32,17.40,97.40,16.90,0.00,3.32,354.40,0.08
250,2024-02-29 03:15:00,18.58,18.14,18.06,18.32,96.60,17.51,0.00,2.82,300.10,0.08
250,2024-02-29 03:30:00,18.56,18.13,18.00,18.39,96.50,17.43,0.00,2.61,334.80,0.08
250,2024-02-29 03:45:00,18.58,18.20,18.01,18.37,96.50,17.44,0.00,1.59,327.50,0.08
250,2024-02-29 04:00:00,18.60,18.09,17.87,18.36,96.40,17.29,0.00,1.04,292.40,0.08
250,2024-02-29 04:15:00,18.62,18.26,18.13,18.37,96.60,17.58,0.00,3.25,333.80,0.08
250,2024-02-29 04:30:00,18.64,18.45,18.18,18.45,96.60,17.63,0.00,2.66,324.40,0.08
250,2024-02-29 04:45:00,18.68,18.51,18.28,18.51,96.70,17.75,0.00,1.80,329.40,0.08
250,2024-02-29 05:00:00,18.72,18.58,18.31,18.56,96.80,17.79,0.00,2.17,334.90,0.09
250,2024-02-29 05:15:00,18.76,18.67,18.42,18.66,96.80,17.90,0.00,1.39,333.20,0.09
250,2024-02-29 05:30:00,18.79,18.75,18.48,18.72,96.90,17.98,0.00,1.55,0.15,0.08
250,2024-02-29 05:45:00,18.82,18.81,18.57,18.79,96.90,18.07,0.00,1.59,344.40,0.08
250,2024-02-29 06:00:00,18.85,18.84,18.60,18.82,97.00,18.11,0.00,1.77,310.10,0.08
250,2024-02-29 06:15:00,18.87,18.86,18.60,18.84,97.00,18.11,0.00,2.24,343.10,0.08
250,2024-02-29 06:30:00,18.89,18.90,18.61,18.86,97.00,18.12,0.00,3.15,15.99,0.08
250,2024-02-29 06:45:00,18.92,18.68,18.07,18.64,96.60,17.52,0.00,4.46,25.83,0.12
250,2024-02-29 07:00:00,18.92,18.21,17.72,18.10,96.70,17.19,0.00,4.25,28.65,0.71
250,2024-02-29 07:15:00,18.92,18.06,17.57,17.92,96.60,17.02,0.00,4.27,20.25,5.10
250,2024-02-29 07:30:00,18.91,17.90,17.21,17.73,95.90,16.55,0.00,5.86,12.13,12.86
250,2024-02-29 07:45:00,18.88,17.59,16.80,17.37,95.20,16.03,0.00,5.51,16.42,25.12
250,2024-02-29 08:00:00,18.84,17.30,16.61,17.12,93.60,15.57,0.00,5.98,21.14,49.73
250,2024-02-29 08:15:00,18.79,17.28,16.61,17.08,86.30,14.31,0.00,5.84,15.71,76.56
250,2024-02-29 08:30:00,18.75,17.14,16.73,16.93,78.03,12.88,0.00,6.80,12.18,117.80
250,2024-02-29 08:45:00,18.72,17.51,17.28,17.16,75.92,13.00,0.00,5.76,18.73,195.90
250,2024-02-29 09:00:00,18.74,17.87,17.56,17.43,74.09,12.89,0.00,4.96,24.21,225.10
250,2024-02-29 09:15:00,18.82,17.97,17.63,17.57,72.38,12.61,0.00,6.26,31.58,207.40
250,2024-02-29 09:30:00,18.92,18.76,18.41,18.18,63.40,11.34,0.00,8.90,51.33,347.70
250,2024-02-29 09:45:00,19.07,19.11,18.54,18.41,60.53,10.77,0.00,10.82,58.31,387.40
250,2024-02-29 10:00:00,19.28,19.85,18.78,18.89,60.30,10.93,0.00,14.48,74.04,519.30
250,2024-02-29 10:15:00,19.59,20.17,19.59,18.94,57.75,11.04,0.00,10.52,50.14,564.90
250,2024-02-29 10:30:00,20.00,19.25,18.65,18.46,62.35,11.32,0.00,10.56,52.42,283.60
250,2024-02-29 10:45:00,20.30,19.51,19.43,18.74,63.09,12.23,0.00,8.78,53.54,328.50
250,2024-02-29 11:00:00,20.49,19.83,18.97,18.95,63.64,11.93,0.00,11.07,59.20,338.20
250,2024-02-29 11:15:00,20.66,20.47,19.67,19.54,62.60,12.34,0.00,7.61,81.30,483.80
250,2024-02-29 11:30:00,20.87,20.43,20.29,19.38,61.86,12.74,0.00,8.66,57.38,472.30
250,2024-02-29 11:45:00,21.14,21.47,20.88,20.10,60.11,12.86,0.00,8.64,50.63,658.60
250,2024-02-29 12:00:00,21.51,21.47,21.03,20.20,59.96,12.96,0.00,9.38,60.14,567.00
250,2024-02-29 12:15:00,21.90,22.32,21.25,20.92,58.46,12.78,0.00,9.20,55.47,749.30
250,2024-02-29 12:30:00,22.29,22.32,21.63,20.93,57.86,12.98,0.00,8.04,50.33,746.50
250,2024-02-29 12:45:00,22.74,22.46,21.46,21.07,58.00,12.86,0.00,9.41,54.11,596.20
250,2024-02-29 13:00:00,23.09,22.80,21.73,21.36,59.80,13.58,0.00,9.82,80.00,732.60
250,2024-02-29 13:15:00,23.35,23.04,22.51,21.58,57.97,13.84,0.00,8.64,82.20,718.70
250,2024-02-29 13:30:00,23.60,23.22,21.85,21.64,61.16,14.04,0.00,9.42,65.52,737.50
250,2024-02-29 13:45:00,23.83,22.68,21.61,21.48,64.09,14.54,0.00,9.69,67.60,432.90
250,2024-02-29 14:00:00,24.04,21.51,20.25,20.53,67.18,13.97,0.00,12.04,64.93,366.20
250,2024-02-29 14:15:00,24.15,21.03,20.38,20.13,65.91,13.80,0.00,11.08,57.17,358.20
250,2024-02-29 14:30:00,24.18,20.38,19.49,19.59,67.46,13.31,0.00,11.03,61.90,234.60
250,2024-02-29 14:45:00,24.14,20.17,19.56,19.45,66.78,13.22,0.00,10.10,63.06,252.50
250,2024-02-29 15:00:00,24.04,19.98,19.08,19.30,66.02,12.59,0.00,9.99,59.43,208.40
250,2024-02-29 15:15:00,23.93,19.30,18.58,18.81,65.64,12.03,0.00,10.17,68.02,132.10
250,2024-02-29 15:30:00,23.76,19.05,18.48,18.57,64.50,11.67,0.00,9.23,58.04,150.40
250,2024-02-29 15:45:00,23.56,18.77,17.97,18.22,62.97,10.82,0.00,10.30,57.31,160.20
250,2024-02-29 16:00:00,23.37,18.51,17.97,17.93,63.16,10.87,0.00,10.35,56.32,188.10
250,2024-02-29 16:15:00,23.21,18.50,17.83,17.97,63.70,10.86,0.00,9.42,60.75,136.70
250,2024-02-29 16:30:00,23.06,18.23,17.75,17.77,63.84,10.82,0.00,10.12,57.14,133.60
250,2024-02-29 16:45:00,22.90,17.94,17.29,17.53,64.23,10.48,0.00,9.37,55.42,65.66
250,2024-02-29 17:00:00,22.74,17.69,17.18,17.31,64.59,10.45,0.00,8.35,49.19,65.83
250,2024-02-29 17:15:00,22.54,17.60,17.05,17.24,66.02,10.66,0.00,8.77,55.48,65.78
250,2024-02-29 17:30:00,22.35,17.31,16.75,16.97,66.64,10.51,0.00,8.99,51.09,56.73
250,2024-02-29 17:45:00,22.16,16.85,16.37,16.61,67.50,10.34,0.00,11.21,60.95,47.57
250,2024-02-29 18:00:00,21.96,16.61,16.19,16.42,68.04,10.29,0.00,10.52,64.60,26.22
250,2024-02-29 18:15:00,21.75,16.45,16.00,16.28,68.85,10.29,0.00,7.93,51.05,15.72
250,2024-02-29 18:30:00,21.54,16.16,15.75,16.04,69.89,10.27,0.00,8.31,54.43,3.42
250,2024-02-29 18:45:00,21.31,15.90,15.51,15.85,70.36,10.14,0.00,7.14,65.65,0.58
250,2024-02-29 19:00:00,21.10,15.59,15.27,15.57,72.12,10.28,0.00,7.38,59.95,0.10
250,2024-02-29 19:15:00,20.87,15.40,15.07,15.39,72.89,10.25,0.00,6.72,54.54,0.08
250,2024-02-29 19:30:00,20.65,15.28,15.01,15.26,73.69,10.35,0.00,7.10,51.27,0.08
250,2024-02-29 19:45:00,20.43,15.25,14.97,15.18,74.39,10.46,0.00,8.10,48.76,0.08
250,2024-02-29 20:00:00,20.25,15.15,14.82,15.08,75.22,10.48,0.00,8.11,47.74,0.08
250,2024-02-29 20:15:00,20.08,14.98,14.64,14.95,76.07,10.47,0.00,8.22,56.67,0.08
250,2024-02-29 20:30:00,19.92,14.83,14.60,14.82,76.54,10.53,0.00,7.27,56.99,0.08
250,2024-02-29 20:45:00,19.76,14.84,14.56,14.82,76.90,10.56,0.00,7.95,58.55,0.08
250,2024-02-29 21:00:00,19.60,14.79,14.52,14.77,77.18,10.57,0.00,7.46,59.07,0.09
250,2024-02-29 21:15:00,19.46,14.76,14.53,14.74,77.77,10.70,0.00,7.27,56.39,0.08
250,2024-02-29 21:30:00,19.32,14.75,14.53,14.75,78.44,10.83,0.00,5.20,46.97,0.08
250,2024-02-29 21:45:00,19.19,14.71,14.47,14.74,78.93,10.86,0.00,6.29,57.42,0.08
250,2024-02-29 22:00:00,19.07,14.86,14.59,14.82,79.12,11.01,0.00,6.61,49.83,0.08
250,2024-02-29 22:15:00,18.96,14.81,14.53,14.81,79.35,11.00,0.00,4.90,40.62,0.08
250,2024-02-29 22:30:00,18.87,14.85,14.62,14.82,79.18,11.06,0.00,6.14,39.33,0.08
250,2024-02-29 22:45:00,18.77,14.93,14.67,14.88,79.37,11.14,0.00,6.60,48.10,0.08
250,2024-02-29 23:00:00,18.69,15.04,14.80,14.96,79.50,11.29,0.00,5.18,40.75,0.08
250,2024-02-29 23:15:00,18.63,15.16,14.88,15.07,79.77,11.42,0.00,5.22,42.21,0.08
250,2024-02-29 23:30:00,18.57,15.21,14.93,15.13,80.20,11.55,0.00,4.51,40.66,0.08
250,2024-02-29 23:45:00,18.53,15.26,15.01,15.18,80.70,11.72,0.00,4.89,44.28,0.08
250,2024-03-01 00:00:00,18.48,15.27,14.98,15.22,81.00,11.75,0.00,4.92,45.65,0.08
250,2024-03-01 00:15:00,18.44,15.23,15.01,15.21,81.80,11.93,0.00,5.10,50.29,0.08
250,2024-03-01 00:30:00,18.39,15.24,14.96,15.22,82.40,11.99,0.00,5.09,45.66,0.09
250,2024-03-01 00:45:00,18.34,15.26,15.04,15.24,82.90,12.16,0.00,4.46,38.58,0.08
250,2024-03-01 01:00:00,18.28,15.33,15.08,15.33,83.50,12.31,0.00,3.89,39.73,0.09
250,2024-03-01 01:15:00,18.23,15.47,15.25,15.42,83.60,12.49,0.00,3.85,38.33,0.08
250,2024-03-01 01:30:00,18.19,15.68,15.41,15.56,83.60,12.65,0.00,2.87,37.52,0.08
250,2024-03-01 01:45:00,18.17,15.80,15.52,15.67,83.80,12.79,0.00,3.46,13.58,0.09
250,2024-03-01 02:00:00,18.16,15.93,15.59,15.78,83.50,12.81,0.00,3.41,24.12,0.09
250,2024-03-01 02:15:00,18.16,15.92,15.58,15.79,83.30,12.76,0.00,4.81,37.03,0.08
250,2024-03-01 02:30:00,18.17,15.93,15.64,15.81,83.70,12.89,0.00,3.95,42.00,0.08
250,2024-03-01 02:45:00,18.16,16.01,15.70,15.89,83.90,12.99,0.00,3.69,42.15,0.08
250,2024-03-01 03:00:00,18.16,16.06,15.69,15.93,84.00,13.00,0.00,4.73,50.18,0.08
250,2024-03-01 03:15:00,18.15,15.93,15.54,15.86,84.50,12.94,0.00,4.81,50.82,0.08
250,2024-03-01 03:30:00,18.14,15.66,15.35,15.70,85.70,12.97,0.00,4.63,54.02,0.09
250,2024-03-01 03:45:00,18.09,15.51,15.24,15.57,86.30,12.97,0.00,2.99,43.77,0.08
250,2024-03-01 04:00:00,18.04,15.38,15.15,15.50,87.00,13.00,0.00,3.06,72.78,0.08
250,2024-03-01 04:15:00,17.97,15.22,15.08,15.37,87.80,13.07,0.00,1.33,26.88,0.08
250,2024-03-01 04:30:00,17.91,15.28,15.21,15.46,88.10,13.25,0.00,2.79,48.71,0.08
250,2024-03-01 04:45:00,17.84,15.49,15.25,15.56,88.20,13.31,0.00,2.80,46.31,0.09
250,2024-03-01 05:00:00,17.80,15.52,15.38,15.61,88.70,13.53,0.00,3.33,62.00,0.08
250,2024-03-01 05:15:00,17.76,15.71,15.42,15.79,88.50,13.53,0.00,3.59,50.65,0.08
250,2024-03-01 05:30:00,17.72,15.53,15.33,15.65,89.10,13.55,0.00,2.92,59.76,0.09
250,2024-03-01 05:45:00,17.68,15.54,15.34,15.60,89.50,13.62,0.00,1.70,33.81,0.08
250,2024-03-01 06:00:00,17.64,15.53,15.31,15.60,89.80,13.65,0.00,2.73,48.73,0.08
250,2024-03-01 06:15:00,17.61,15.58,15.33,15.60,90.10,13.72,0.00,3.15,87.40,0.08
250,2024-03-01 06:30:00,17.59,15.57,15.35,15.63,90.40,13.79,0.00,2.31,87.70,0.08
250,2024-03-01 06:45:00,17.56,15.63,15.45,15.72,90.70,13.94,0.00,2.67,64.13,0.25
250,2024-03-01 07:00:00,17.54,15.72,15.62,15.82,91.00,14.16,0.00,2.78,91.80,1.78
250,2024-03-01 07:15:00,17.51,15.90,15.75,15.94,91.50,14.37,0.00,2.38,106.80,8.18
250,2024-03-01 07:30:00,17.50,16.18,16.02,16.13,91.60,14.65,0.00,2.12,106.90,24.62
250,2024-03-01 07:45:00,17.51,16.47,16.20,16.38,91.60,14.83,0.00,2.71,95.20,40.78
250,2024-03-01 08:00:00,17.54,16.85,16.68,16.70,91.70,15.32,0.00,2.93,113.20,72.35
250,2024-03-01 08:15:00,17.58,17.49,17.32,17.19,91.10,15.85,0.00,3.25,113.20,125.80
250,2024-03-01 08:30:00,17.68,18.60,18.36,18.13,89.40,16.59,0.00,3.08,129.50,209.50
250,2024-03-01 08:45:00,17.84,19.57,18.97,18.97,87.70,16.89,0.00,4.34,121.90,242.50
250,2024-03-01 09:00:00,18.09,19.85,19.43,19.30,87.00,17.21,0.00,4.29,110.70,220.30
250,2024-03-01 09:15:00,18.35,20.17,19.64,19.63,86.80,17.38,0.00,4.35,118.00,209.10
250,2024-03-01 09:30:00,18.61,20.52,20.20,20.01,86.90,17.95,0.00,3.94,108.50,216.70
250,2024-03-01 09:45:00,18.85,21.08,20.59,20.57,85.30,18.04,0.00,3.37,127.40,195.40
250,2024-03-01 10:00:00,19.08,21.85,21.49,21.16,82.10,18.31,0.00,4.24,133.10,374.60
250,2024-03-01 10:15:00,19.35,22.63,21.85,21.92,80.80,18.41,0.00,4.24,159.10,388.10
250,2024-03-01 10:30:00,19.74,23.16,22.70,22.36,78.29,18.73,0.00,4.77,154.50,428.50
250,2024-03-01 10:45:00,20.14,23.84,23.54,23.09,75.96,19.06,0.00,8.27,157.90,450.10
250,2024-03-01 11:00:00,20.57,24.21,23.91,23.40,74.31,19.06,0.00,8.49,169.10,371.50
250,2024-03-01 11:15:00,20.96,24.53,24.19,23.76,72.49,18.94,0.00,8.25,163.80,421.00
250,2024-03-01 11:30:00,21.29,24.93,24.09,24.14,70.39,18.37,0.00,8.56,163.50,431.90
250,2024-03-01 11:45:00,21.65,25.18,24.82,24.45,67.23,18.34,0.00,9.53,164.30,462.20
250,2024-03-01 12:00:00,21.98,25.45,24.83,24.63,66.48,18.17,0.00,12.49,184.20,353.60
250,2024-03-01 12:15:00,22.26,25.59,24.89,24.75,65.99,18.11,0.00,12.23,183.10,359.90
250,2024-03-01 12:30:00,22.47,26.06,25.66,25.13,63.87,18.32,0.00,9.77,182.80,512.50
250,2024-03-01 12:45:00,22.70,26.54,25.76,25.21,63.94,18.43,0.00,11.01,191.50,529.40
250,2024-03-01 13:00:00,23.00,26.71,26.23,25.45,62.57,18.53,0.00,8.61,190.50,529.00
250,2024-03-01 13:15:00,23.30,26.69,25.85,25.64,61.84,17.98,0.00,8.12,194.80,425.90
250,2024-03-01 13:30:00,23.58,26.20,25.44,25.49,63.48,18.01,0.00,7.56,205.00,255.60
250,2024-03-01 13:45:00,23.78,26.00,25.28,25.45,63.76,17.93,0.00,8.42,200.80,194.80
250,2024-03-01 14:00:00,23.85,25.86,25.20,25.35,65.32,18.24,0.00,7.14,215.50,175.20
250,2024-03-01 14:15:00,23.86,26.11,26.13,25.55,63.86,18.76,0.00,5.34,207.80,277.70
250,2024-03-01 14:30:00,23.86,26.89,26.25,26.05,60.97,18.13,0.00,6.02,193.10,371.90
250,2024-03-01 14:45:00,23.94,26.88,26.16,26.04,61.27,18.13,0.00,4.49,189.20,253.60
250,2024-03-01 15:00:00,24.07,26.85,26.23,26.22,59.40,17.70,0.00,4.86,183.10,254.90
250,2024-03-01 15:15:00,24.17,26.85,26.12,26.33,60.74,17.95,0.00,3.05,220.90,180.10
250,2024-03-01 15:30:00,24.23,25.23,22.51,25.08,78.69,18.63,0.00,11.15,203.10,39.81
250,2024-03-01 15:45:00,24.20,21.43,21.10,21.29,89.00,19.22,0.02,8.26,284.20,127.90
250,2024-03-01 16:00:00,23.96,22.10,21.50,21.53,87.30,19.30,0.00,5.34,296.20,250.10
250,2024-03-01 16:15:00,23.76,22.38,22.08,21.88,86.80,19.78,0.00,3.53,307.00,207.00
250,2024-03-01 16:30:00,23.65,22.78,22.24,22.31,86.50,19.88,0.00,3.63,328.60,160.10
250,2024-03-01 16:45:00,23.57,22.64,22.09,22.28,87.60,19.94,0.00,2.98,32.31,107.50
250,2024-03-01 17:00:00,23.46,22.95,22.34,22.55,85.30,19.75,0.00,1.79,75.17,152.90
250,2024-03-01 17:15:00,23.37,22.88,22.34,22.57,86.10,19.90,0.00,2.45,341.00,90.30
250,2024-03-01 17:30:00,23.26,22.47,21.77,22.22,86.90,19.49,0.00,3.19,47.94,56.10
250,2024-03-01 17:45:00,23.13,22.00,21.47,21.83,87.50,19.31,0.00,3.46,9.58,27.01
250,2024-03-01 18:00:00,22.97,21.69,21.29,21.57,88.70,19.35,0.00,2.20,355.80,12.25
250,2024-03-01 18:15:00,22.80,21.59,21.22,21.48,89.30,19.39,0.00,0.61,333.60,12.03
250,2024-03-01 18:30:00,22.64,21.46,21.09,21.41,89.90,19.37,0.00,0.98,343.80,3.38
250,2024-03-01 18:45:00,22.49,21.17,20.92,21.24,90.40,19.29,0.00,0.52,10.91,0.63
250,2024-03-01 19:00:00,22.34,21.02,20.74,21.11,90.80,19.18,0.00,0.55,59.43,0.10
250,2024-03-01 19:15:00,22.19,20.74,20.34,20.93,91.40,18.89,0.00,0.98,311.90,0.08
250,2024-03-01 19:30:00,22.04,20.38,20.31,20.76,92.60,19.07,0.00,0.93,194.30,0.08
250,2024-03-01 19:45:00,21.91,20.70,20.42,20.81,92.70,19.20,0.00,1.90,123.50,0.08
250,2024-03-01 20:00:00,21.79,20.54,20.31,20.73,92.90,19.12,0.00,1.04,65.07,0.08
250,2024-03-01 20:15:00,21.67,20.05,19.94,20.54,93.10,18.79,0.00,0.54,345.40,0.08
250,2024-03-01 20:30:00,21.54,19.48,19.63,20.29,94.00,18.64,0.00,1.19,300.90,0.09
250,2024-03-01 20:45:00,21.41,19.74,19.63,20.18,94.00,18.64,0.00,0.92,319.30,0.09
250,2024-03-01 21:00:00,21.29,19.45,19.52,20.06,94.50,18.61,0.00,1.02,298.30,0.09
250,2024-03-01 21:15:00,21.20,19.74,19.60,20.00,94.50,18.69,0.00,1.13,229.80,0.09
250,2024-03-01 21:30:00,21.12,19.73,19.53,19.99,94.50,18.62,0.00,1.20,296.60,0.08
250,2024-03-01 21:45:00,21.05,19.61,19.59,19.99,94.80,18.73,0.00,1.56,132.40,0.09
250,2024-03-01 22:00:00,20.96,19.77,19.45,19.92,94.70,18.58,0.00,1.88,129.80,0.08
250,2024-03-01 22:15:00,20.88,19.47,19.25,19.74,94.80,18.40,0.00,1.31,92.80,0.09
250,2024-03-01 22:30:00,20.80,19.36,19.27,19.68,95.00,18.45,0.00,2.25,129.20,0.09
250,2024-03-01 22:45:00,20.72,19.54,19.22,19.69,94.80,18.37,0.00,1.26,169.50,0.08
250,2024-03-01 23:00:00,20.65,19.56,19.39,19.72,94.90,18.55,0.00,3.41,137.20,0.09
250,2024-03-01 23:15:00,20.59,19.80,19.46,19.88,94.40,18.54,0.00,3.19,143.90,0.09
250,2024-03-01 23:30:00,20.53,19.72,19.39,19.84,94.20,18.43,0.00,2.08,166.90,0.09
250,2024-03-01 23:45:00,20.47,19.59,19.37,19.79,94.30,18.43,0.00,2.31,168.20,0.08
250,2024-03-02 00:00:00,20.42,19.42,19.15,19.70,94.40,18.23,0.00,2.69,212.00,0.08
250,2024-03-02 00:15:00,20.38,19.47,19.23,19.65,94.50,18.33,0.00,2.90,34.23,0.08
250,2024-03-02 00:30:00,20.33,19.31,19.11,19.59,94.60,18.22,0.00,1.57,242.00,0.09
250,2024-03-02 00:45:00,20.28,19.16,18.94,19.52,94.50,18.04,0.00,1.53,206.80,0.09
250,2024-03-02 01:00:00,20.23,19.00,18.92,19.45,94.80,18.07,0.00,2.21,296.40,0.08
250,2024-03-02 01:15:00,20.18,19.03,18.92,19.38,94.80,18.07,0.00,0.86,315.50,0.08
250,2024-03-02 01:30:00,20.12,18.81,18.68,19.28,95.00,17.86,0.00,1.21,20.65,0.08
250,2024-03-02 01:45:00,20.06,18.64,18.52,19.19,95.50,17.79,0.00,2.82,316.50,0.09
250,2024-03-02 02:00:00,20.00,18.86,18.70,19.17,95.30,17.93,0.00,1.72,46.09,0.08
250,2024-03-02 02:15:00,19.95,18.84,18.75,19.19,95.40,18.00,0.00,2.73,100.30,0.08
250,2024-03-02 02:30:00,19.90,18.99,18.75,19.15,95.30,17.98,0.00,3.34,111.70,0.09
250,2024-03-02 02:45:00,19.85,18.78,18.30,19.06,94.90,17.47,0.00,1.64,179.80,0.08
250,2024-03-02 03:00:00,19.80,18.35,18.26,18.89,95.40,17.51,0.00,1.77,258.90,0.08
250,2024-03-02 03:15:00,19.75,18.22,18.11,18.80,95.50,17.38,0.00,1.73,87.30,0.08
250,2024-03-02 03:30:00,19.69,18.55,18.42,18.80,95.60,17.70,0.00,4.19,89.90,0.08
250,2024-03-02 03:45:00,19.64,18.58,18.26,18.84,95.60,17.55,0.00,2.24,161.90,0.09
250,2024-03-02 04:00:00,19.59,18.40,18.26,18.74,95.80,17.58,0.00,1.34,181.50,0.08
250,2024-03-02 04:15:00,19.55,18.28,18.13,18.67,95.60,17.42,0.00,0.90,38.55,0.08
250,2024-03-02 04:30:00,19.50,18.14,18.17,18.61,95.90,17.51,0.00,1.83,89.30,0.08
250,2024-03-02 04:45:00,19.47,18.29,18.11,18.58,95.90,17.45,0.00,2.16,77.86,0.09
250,2024-03-02 05:00:00,19.42,18.40,18.21,18.60,95.90,17.55,0.00,3.08,128.10,0.08
250,2024-03-02 05:15:00,19.39,18.20,17.83,18.52,95.90,17.17,0.00,2.79,264.20,0.09
250,2024-03-02 05:30:00,19.35,18.08,17.86,18.40,96.00,17.21,0.00,1.74,316.60,0.08
250,2024-03-02 05:45:00,19.31,17.95,17.63,18.32,96.00,16.98,0.00,1.99,233.50,0.08
250,2024-03-02 06:00:00,19.27,17.89,17.72,18.22,96.20,17.11,0.00,1.00,260.10,0.08
250,2024-03-02 06:15:00,19.23,17.82,17.52,18.33,96.20,16.91,0.00,1.98,207.10,0.09
250,2024-03-02 06:30:00,19.19,17.78,17.73,18.18,96.60,17.18,0.00,2.91,175.70,0.09
250,2024-03-02 06:45:00,19.14,18.10,17.92,18.41,96.30,17.32,0.00,4.09,187.80,0.19
250,2024-03-02 07:00:00,19.10,18.27,18.06,18.59,96.10,17.43,0.00,3.83,173.40,1.28
250,2024-03-02 07:15:00,19.06,18.55,18.16,18.63,95.70,17.46,0.00,4.22,140.70,6.67
250,2024-03-02 07:30:00,19.03,18.65,18.33,18.62,95.50,17.60,0.00,7.23,151.10,19.74
250,2024-03-02 07:45:00,19.02,19.00,18.65,18.94,94.70,17.78,0.00,7.69,160.10,22.98
250,2024-03-02 08:00:00,19.02,19.29,18.95,19.35,93.40,17.86,0.00,7.35,194.50,24.74
250,2024-03-02 08:15:00,19.03,19.44,19.16,19.57,92.10,17.85,0.00,4.76,227.50,45.12
250,2024-03-02 08:30:00,19.06,19.81,19.54,19.79,90.80,18.00,0.00,2.11,221.20,83.90
250,2024-03-02 08:45:00,19.12,20.30,19.95,20.12,89.80,18.23,0.00,1.63,310.20,110.50
250,2024-03-02 09:00:00,19.23,20.51,20.11,20.22,89.00,18.24,0.00,2.70,3.38,122.40
250,2024-03-02 09:15:00,19.37,20.65,20.24,20.33,88.40,18.26,0.00,3.43,355.90,127.50
250,2024-03-02 09:30:00,19.52,20.83,20.47,20.48,88.30,18.47,0.00,3.36,7.41,149.50
250,2024-03-02 09:45:00,19.66,20.97,20.45,20.59,87.90,18.38,0.00,2.81,19.31,151.80
250,2024-03-02 10:00:00,19.81,21.05,20.58,20.71,87.60,18.45,0.00,7.84,5.47,148.60
250,2024-03-02 10:15:00,19.95,21.36,20.92,20.94,87.00,18.68,0.00,2.16,8.20,178.90
250,2024-03-02 10:30:00,20.11,21.80,21.39,21.34,85.80,18.92,0.00,1.15,348.60,240.50
250,2024-03-02 10:45:00,20.31,22.33,21.78,21.92,84.50,19.05,0.00,1.51,190.50,271.80
250,2024-03-02 11:00:00,20.57,22.62,22.01,22.08,83.40,19.07,0.00,2.99,232.20,235.30
250,2024-03-02 11:15:00,20.83,22.64,22.09,22.19,82.90,19.05,0.00,3.40,259.40,134.00
250,2024-03-02 11:30:00,21.02,22.83,22.41,22.44,82.20,19.23,0.00,1.74,226.70,154.50
250,2024-03-02 11:45:00,21.14,23.18,22.67,22.73,81.40,19.32,0.00,1.80,214.80,183.00
250,2024-03-02 12:00:00,21.25,23.41,22.93,22.96,79.94,19.29,0.00,2.34,175.80,241.30
250,2024-03-02 12:15:00,21.41,23.57,23.05,23.11,79.96,19.41,0.00,2.23,207.00,217.00
250,2024-03-02 12:30:00,21.58,23.91,23.20,23.47,78.52,19.26,0.00,2.27,208.30,241.30
250,2024-03-02 12:45:00,21.75,24.08,23.46,23.51,77.96,19.40,0.00,1.82,206.90,227.90
250,2024-03-02 13:00:00,21.93,23.78,23.16,23.38,78.89,19.30,0.00,4.05,249.00,113.50
250,2024-03-02 13:15:00,22.05,23.85,23.33,23.40,77.90,19.26,0.00,3.81,236.40,158.60
250,2024-03-02 13:30:00,22.12,24.06,23.50,23.66,77.16,19.27,0.00,2.43,175.50,202.70
250,2024-03-02 13:45:00,22.21,24.49,24.02,24.05,75.96,19.52,0.00,1.70,235.00,219.90
250,2024-03-02 14:00:00,22.34,25.37,24.42,24.62,73.77,19.44,0.00,3.25,212.50,432.50
250,2024-03-02 14:15:00,22.58,25.05,24.16,24.32,73.90,19.22,0.00,5.20,230.80,237.50
250,2024-03-02 14:30:00,22.83,24.90,24.43,24.32,74.46,19.60,0.00,6.51,248.50,194.40
250,2024-03-02 14:45:00,22.97,25.18,24.32,24.48,74.73,19.55,0.00,5.63,256.70,300.30
250,2024-03-02 15:00:00,23.11,25.32,24.62,24.64,72.96,19.45,0.00,5.22,257.60,282.60
250,2024-03-02 15:15:00,23.28,25.56,24.77,24.86,71.47,19.27,0.00,5.91,260.10,210.30
250,2024-03-02 15:30:00,23.40,24.89,24.09,24.53,79.59,20.34,0.00,2.64,220.60,112.70
250,2024-03-02 15:45:00,23.45,25.12,24.52,24.56,74.75,19.75,0.00,1.73,216.40,352.20
250,2024-03-02 16:00:00,23.53,25.05,24.15,24.57,76.29,19.72,0.00,3.32,234.00,190.60
250,2024-03-02 16:15:00,23.61,24.79,24.32,24.37,77.66,20.17,0.00,3.74,214.90,173.40
250,2024-03-02 16:30:00,23.62,24.33,23.41,24.05,82.20,20.20,0.00,2.32,35.29,137.10
250,2024-03-02 16:45:00,23.61,24.18,23.62,23.74,82.00,20.37,0.00,2.03,57.88,190.30
250,2024-03-02 17:00:00,23.58,24.31,23.79,23.94,80.50,20.24,0.00,3.15,52.36,160.50
250,2024-03-02 17:15:00,23.59,24.74,24.18,24.32,78.52,20.21,0.00,3.04,41.20,179.60
250,2024-03-02 17:30:00,23.56,25.30,24.70,25.03,76.10,20.21,0.00,1.94,24.70,187.40
250,2024-03-02 17:45:00,23.54,24.62,23.79,24.39,78.84,19.90,0.00,3.86,40.24,78.26
250,2024-03-02 18:00:00,23.50,23.73,23.13,23.77,82.00,19.89,0.00,3.00,33.81,19.31
250,2024-03-02 18:15:00,23.37,23.13,22.77,23.38,83.10,19.75,0.00,3.55,54.53,16.05
250,2024-03-02 18:30:00,23.19,22.65,22.19,23.03,84.70,19.49,0.00,1.91,15.69,6.84
250,2024-03-02 18:45:00,23.00,22.03,21.94,22.70,86.10,19.51,0.00,3.04,35.47,1.00
250,2024-03-02 19:00:00,22.79,21.78,21.53,22.46,87.50,19.37,0.00,2.08,10.47,0.12
250,2024-03-02 19:15:00,22.60,21.66,21.61,22.28,88.10,19.56,0.00,3.02,11.44,0.09
250,2024-03-02 19:30:00,22.45,21.78,21.60,22.04,89.50,19.80,0.00,1.75,356.50,0.08
250,2024-03-02 19:45:00,22.31,21.70,21.50,21.88,90.50,19.88,0.00,1.67,5.09,0.09
250,2024-03-02 20:00:00,22.20,21.65,21.41,21.79,90.80,19.85,0.00,1.11,24.86,0.09
250,2024-03-02 20:15:00,22.10,21.26,20.99,21.45,92.20,19.68,0.15,3.17,320.60,0.09
250,2024-03-02 20:30:00,21.96,20.69,19.77,20.29,91.80,18.40,0.63,6.16,10.25,0.09
250,2024-03-02 20:45:00,21.53,19.59,19.36,19.04,92.20,18.06,0.00,3.07,100.50,0.08
250,2024-03-02 21:00:00,21.28,19.55,19.30,19.43,92.30,18.02,0.09,4.27,113.80,0.09
250,2024-03-02 21:15:00,21.12,19.40,19.16,19.27,91.80,17.80,0.00,4.88,85.30,0.09
250,2024-03-02 21:30:00,21.00,19.14,18.97,19.05,92.20,17.68,0.00,3.49,73.76,0.08
250,2024-03-02 21:45:00,20.89,19.15,19.15,19.15,92.80,17.96,0.00,2.30,136.90,0.08
250,2024-03-02 22:00:00,20.79,19.27,19.13,19.28,93.30,18.02,0.00,3.04,116.50,0.08
250,2024-03-02 22:15:00,20.71,19.33,19.21,19.35,93.50,18.14,0.01,1.89,76.93,0.09
250,2024-03-02 22:30:00,20.64,19.18,19.05,19.35,94.10,18.08,0.00,2.65,321.30,0.08
250,2024-03-02 22:45:00,20.57,19.02,18.94,19.22,94.40,18.02,0.00,1.42,307.90,0.08
250,2024-03-02 23:00:00,20.49,19.01,18.89,19.10,94.60,18.00,0.00,3.31,160.30,0.08
250,2024-03-02 23:15:00,20.42,19.03,18.82,19.17,94.60,17.94,0.00,1.68,100.40,0.09
250,2024-03-02 23:30:00,20.34,18.87,18.88,19.10,95.00,18.06,0.00,1.71,104.20,0.08
250,2024-03-02 23:45:00,20.28,18.92,18.84,19.17,94.90,18.01,0.00,1.87,98.60,0.09
250,2024-03-03 00:00:00,20.22,18.89,18.76,19.21,94.90,17.93,0.00,1.75,79.10,0.08
250,2024-03-03 00:15:00,20.16,18.66,18.54,19.12,95.30,17.77,0.00,3.63,3.19,0.09
250,2024-03-03 00:30:00,20.10,18.77,18.67,19.04,95.40,17.92,0.00,2.61,7.77,0.08
250,2024-03-03 00:45:00,20.03,18.71,18.67,19.04,95.60,17.95,0.00,2.11,3.87,0.08
250,2024-03-03 01:00:00,19.97,18.47,18.33,19.12,95.30,17.57,0.00,1.04,291.50,0.08
250,2024-03-03 01:15:00,19.91,18.60,18.62,19.03,95.90,17.95,0.00,1.72,177.50,0.09
250,2024-03-03 01:30:00,19.87,18.62,18.40,18.94,95.60,17.68,0.00,1.44,53.04,0.09
250,2024-03-03 01:45:00,19.82,18.30,18.14,18.90,95.70,17.44,0.00,1.03,346.00,0.09
250,2024-03-03 02:00:00,19.76,18.01,17.99,18.81,96.10,17.36,0.00,0.54,234.60,0.09
250,2024-03-03 02:15:00,19.71,18.39,18.37,18.79,96.20,17.75,0.00,1.33,116.50,0.08
250,2024-03-03 02:30:00,19.66,18.54,18.36,18.79,96.10,17.73,0.00,1.63,98.40,0.08
250,2024-03-03 02:45:00,19.64,18.80,18.88,19.03,96.40,18.29,0.00,2.94,98.60,0.08
250,2024-03-03 03:00:00,19.62,19.20,19.08,19.24,96.30,18.48,0.00,3.02,131.40,0.08
250,2024-03-03 03:15:00,19.61,19.27,19.05,19.31,96.20,18.43,0.00,1.80,326.90,0.08
250,2024-03-03 03:30:00,19.60,19.13,18.85,19.19,96.10,18.22,0.00,1.00,331.40,0.09
250,2024-03-03 03:45:00,19.60,18.94,18.82,19.15,96.30,18.22,0.00,1.57,281.00,0.08
250,2024-03-03 04:00:00,19.59,18.91,18.74,19.07,96.40,18.16,0.01,1.91,289.60,0.08
250,2024-03-03 04:15:00,19.58,18.94,18.78,19.03,96.30,18.18,0.01,0.79,78.94,0.08
250,2024-03-03 04:30:00,19.57,18.95,18.68,19.03,96.30,18.08,0.02,1.32,195.10,0.08
250,2024-03-03 04:45:00,19.55,18.83,18.64,18.94,96.50,18.07,0.04,1.08,351.30,0.08
250,2024-03-03 05:00:00,19.53,18.82,18.65,18.96,96.50,18.08,0.02,1.59,88.30,0.08
250,2024-03-03 05:15:00,19.51,18.95,18.79,19.05,96.60,18.24,0.02,1.71,134.00,0.08
250,2024-03-03 05:30:00,19.49,18.91,18.74,19.02,96.70,18.20,0.01,1.52,316.10,0.08
250,2024-03-03 05:45:00,19.48,18.91,18.79,19.01,96.70,18.25,0.00,1.29,183.80,0.08
250,2024-03-03 06:00:00,19.45,18.97,18.81,19.06,96.70,18.27,0.01,3.72,96.50,0.08
250,2024-03-03 06:15:00,19.44,19.08,18.84,19.08,96.70,18.30,0.01,5.40,104.50,0.08
250,2024-03-03 06:30:00,19.42,19.10,18.84,19.09,96.60,18.29,0.01,2.44,89.10,0.09
250,2024-03-03 06:45:00,19.41,19.09,18.85,19.08,96.60,18.30,0.00,2.37,32.47,0.22
250,2024-03-03 07:00:00,19.41,19.14,18.91,19.11,96.70,18.37,0.00,3.21,330.30,1.07
250,2024-03-03 07:15:00,19.41,19.20,18.95,19.14,96.70,18.41,0.00,1.65,14.34,3.61
250,2024-03-03 07:30:00,19.44,19.23,18.98,19.16,96.70,18.44,0.00,0.94,100.30,5.21
250,2024-03-03 07:45:00,19.45,19.26,18.99,19.17,96.70,18.45,0.00,2.24,44.36,6.96
250,2024-03-03 08:00:00,19.48,19.30,19.03,19.19,96.70,18.49,0.00,3.71,77.39,10.38
250,2024-03-03 08:15:00,19.51,19.38,19.11,19.22,96.70,18.57,0.00,4.40,89.90,58.28
250,2024-03-03 08:30:00,19.56,19.70,19.40,19.40,96.70,18.86,0.00,3.60,90.40,131.20
250,2024-03-03 08:45:00,19.68,19.95,19.40,19.57,96.40,18.81,0.00,4.11,93.10,184.60
250,2024-03-03 09:00:00,19.87,20.00,19.67,19.56,96.50,19.10,0.00,4.72,99.10,222.60
250,2024-03-03 09:15:00,20.08,20.36,19.80,19.84,96.10,19.16,0.00,9.19,91.70,262.50
250,2024-03-03 09:30:00,20.33,20.88,20.24,20.24,95.40,19.48,0.00,2.56,94.70,291.30
250,2024-03-03 09:45:00,20.64,21.21,20.66,20.45,94.80,19.80,0.00,3.01,125.50,342.80
250,2024-03-03 10:00:00,20.97,21.56,20.76,20.88,94.10,19.78,0.00,2.35,129.90,230.20
250,2024-03-03 10:15:00,21.26,21.52,20.82,20.90,92.60,19.58,0.00,3.28,130.30,243.90
250,2024-03-03 10:30:00,21.45,21.58,21.05,20.84,91.50,19.61,0.00,2.89,117.00,267.80
250,2024-03-03 10:45:00,21.64,21.79,21.00,21.02,89.20,19.15,0.00,2.28,98.90,234.20
250,2024-03-03 11:00:00,21.82,22.00,21.56,21.28,88.60,19.60,0.00,2.81,89.90,332.00
250,2024-03-03 11:15:00,22.04,23.07,22.21,21.90,84.80,19.53,0.00,3.70,60.87,657.80
250,2024-03-03 11:30:00,22.47,23.39,22.85,22.24,81.80,19.58,0.00,3.74,68.23,648.80
250,2024-03-03 11:45:00,22.96,24.14,23.17,22.81,79.63,19.46,0.00,4.27,54.84,749.80
250,2024-03-03 12:00:00,23.51,24.89,24.01,23.61,76.74,19.68,0.00,4.20,98.80,822.00
250,2024-03-03 12:15:00,24.05,25.39,24.50,24.20,77.38,20.29,0.00,3.61,85.70,837.00
250,2024-03-03 12:30:00,24.58,25.74,24.33,24.53,74.53,19.52,0.00,4.23,15.94,554.90
250,2024-03-03 12:45:00,24.91,25.51,24.77,24.28,72.78,19.56,0.00,4.71,2.15,519.10
250,2024-03-03 13:00:00,24.98,26.57,25.10,25.11,70.84,19.44,0.00,4.02,359.00,639.00
250,2024-03-03 13:15:00,25.09,26.89,26.57,25.86,68.02,20.19,0.00,2.77,216.40,795.80
250,2024-03-03 13:30:00,25.24,27.53,26.25,26.38,68.56,20.01,0.00,2.45,333.40,837.00
250,2024-03-03 13:45:00,25.50,28.10,26.70,26.58,65.79,19.78,0.00,3.01,236.50,862.00
250,2024-03-03 14:00:00,25.79,27.68,25.95,26.62,68.53,19.72,0.00,3.43,336.40,503.80
250,2024-03-03 14:15:00,26.06,25.91,23.85,25.16,64.04,16.65,0.00,6.86,10.75,195.20
250,2024-03-03 14:30:00,26.03,23.28,22.41,22.69,68.90,16.43,0.00,8.27,7.88,152.90
250,2024-03-03 14:45:00,25.73,22.71,22.07,22.28,76.54,17.76,0.00,6.37,2.91,106.90
250,2024-03-03 15:00:00,25.36,23.04,22.93,22.51,74.79,18.22,0.00,4.39,66.14,281.20
250,2024-03-03 15:15:00,25.08,22.95,21.77,22.23,79.08,17.99,0.00,8.70,50.97,376.10
250,2024-03-03 15:30:00,24.95,23.17,22.53,22.08,78.11,18.53,0.00,8.10,61.70,579.30
250,2024-03-03 15:45:00,24.95,23.41,22.96,22.34,76.33,18.58,0.00,9.03,61.69,509.50
250,2024-03-03 16:00:00,24.96,23.43,22.48,22.78,74.44,17.71,0.00,7.35,71.90,214.90
250,2024-03-03 16:15:00,24.87,22.99,22.31,22.42,75.44,17.76,0.00,7.39,78.73,263.20
250,2024-03-03 16:30:00,24.69,23.01,22.90,22.46,72.83,17.77,0.00,7.73,72.69,288.90
250,2024-03-03 16:45:00,24.52,23.71,22.51,22.91,71.46,17.10,0.00,7.25,85.60,286.00
250,2024-03-03 17:00:00,24.45,22.69,22.02,22.44,76.10,17.62,0.00,6.59,90.80,96.20
250,2024-03-03 17:15:00,24.26,22.33,21.85,22.08,78.25,17.90,0.00,6.94,64.99,83.60
250,2024-03-03 17:30:00,24.03,22.26,21.87,22.07,79.29,18.13,0.00,5.62,63.71,53.24
250,2024-03-03 17:45:00,23.80,22.21,21.80,22.06,80.30,18.26,0.00,4.32,98.40,40.26
250,2024-03-03 18:00:00,23.59,22.04,21.57,21.91,81.50,18.27,0.00,3.19,132.00,34.50
250,2024-03-03 18:15:00,23.40,21.74,21.29,21.62,83.20,18.33,0.00,4.63,160.50,33.26
250,2024-03-03 18:30:00,23.22,21.43,20.99,21.36,84.70,18.32,0.00,2.22,134.70,8.76
250,2024-03-03 18:45:00,23.04,21.18,20.80,21.12,85.20,18.22,0.00,1.98,125.00,1.07
250,2024-03-03 19:00:00,22.88,21.01,20.58,20.96,86.00,18.16,0.00,2.89,103.90,0.11
250,2024-03-03 19:15:00,22.74,20.77,20.39,20.74,85.30,17.84,0.00,3.61,91.90,0.09
250,2024-03-03 19:30:00,22.59,20.53,20.15,20.48,85.40,17.62,0.00,1.94,68.19,0.09
250,2024-03-03 19:45:00,22.43,20.30,20.05,20.34,86.20,17.67,0.00,2.00,139.20,0.09
250,2024-03-03 20:00:00,22.28,19.95,19.59,20.11,88.20,17.59,0.00,1.93,156.40,0.09
250,2024-03-03 20:15:00,22.10,19.25,18.95,19.71,88.80,17.06,0.00,2.57,64.32,0.08
250,2024-03-03 20:30:00,21.91,18.84,18.76,19.28,89.50,17.00,0.00,1.54,107.80,0.08
250,2024-03-03 20:45:00,21.71,18.60,18.37,19.06,89.80,16.67,0.00,1.46,95.60,0.08
250,2024-03-03 21:00:00,21.52,18.10,18.03,18.71,91.10,16.56,0.00,1.76,57.13,0.09
250,2024-03-03 21:15:00,21.34,17.97,17.85,18.49,91.50,16.45,0.00,2.49,75.62,0.09
250,2024-03-03 21:30:00,21.16,17.90,17.75,18.29,91.80,16.40,0.00,1.67,80.70,0.08
250,2024-03-03 21:45:00,20.98,17.81,17.62,18.10,92.20,16.34,0.00,1.94,79.97,0.09
250,2024-03-03 22:00:00,20.82,17.60,17.43,17.94,92.30,16.17,0.00,2.65,82.70,0.09
250,2024-03-03 22:15:00,20.66,17.47,17.35,17.78,92.80,16.17,0.00,2.82,79.17,0.08
250,2024-03-03 22:30:00,20.51,17.45,17.22,17.68,92.80,16.04,0.00,3.30,80.10,0.08
250,2024-03-03 22:45:00,20.36,17.29,17.15,17.55,93.00,16.01,0.00,3.06,93.60,0.09
250,2024-03-03 23:00:00,20.22,17.21,16.95,17.40,93.20,15.84,0.00,2.40,90.20,0.09
250,2024-03-03 23:15:00,20.08,17.03,16.84,17.25,93.40,15.77,0.00,2.79,54.70,0.08
250,2024-03-03 23:30:00,19.95,16.85,16.68,17.12,93.70,15.66,0.00,1.58,63.67,0.09
250,2024-03-03 23:45:00,19.82,16.80,16.60,17.06,93.70,15.58,0.00,1.74,91.70,0.09
250,2024-03-04 00:00:00,19.71,16.41,16.46,16.95,94.10,15.51,0.00,1.28,83.00,0.09
250,2024-03-04 00:15:00,19.58,16.23,16.29,16.86,94.40,15.39,0.00,1.09,81.00,0.09
250,2024-03-04 00:30:00,19.47,16.48,16.60,16.90,94.50,15.71,0.00,1.91,88.40,0.09
250,2024-03-04 00:45:00,19.39,16.85,16.63,16.94,94.60,15.76,0.00,1.36,62.42,0.08
250,2024-03-04 01:00:00,19.33,16.85,16.60,16.87,94.90,15.78,0.00,2.03,53.01,0.08
250,2024-03-04 01:15:00,19.30,16.78,16.50,16.79,95.10,15.71,0.00,2.63,62.12,0.09
250,2024-03-04 01:30:00,19.26,16.79,16.54,16.76,95.40,15.80,0.00,2.12,41.71,0.09
250,2024-03-04 01:45:00,19.23,16.87,16.57,16.82,95.50,15.85,0.00,3.01,38.07,0.08
250,2024-03-04 02:00:00,19.22,16.78,16.46,16.71,95.80,15.79,0.00,4.20,48.20,0.09
250,2024-03-04 02:15:00,19.21,16.69,16.39,16.61,96.00,15.75,0.00,4.55,64.21,0.09
250,2024-03-04 02:30:00,19.20,16.70,16.41,16.62,96.10,15.79,0.00,4.64,63.80,0.09
250,2024-03-04 02:45:00,19.18,16.73,16.43,16.64,96.30,15.84,0.00,3.36,71.43,0.08
250,2024-03-04 03:00:00,19.17,16.69,16.33,16.59,96.30,15.74,0.00,4.42,72.85,0.09
250,2024-03-04 03:15:00,19.15,16.69,16.41,16.60,96.50,15.85,0.00,4.61,70.05,0.09
250,2024-03-04 03:30:00,19.13,16.80,16.57,16.72,96.70,16.04,0.00,4.59,72.22,0.09
250,2024-03-04 03:45:00,19.11,16.93,16.67,16.84,96.80,16.16,0.00,5.16,60.22,0.09
250,2024-03-04 04:00:00,19.09,17.01,16.66,16.92,96.80,16.15,0.00,4.86,60.61,0.08
250,2024-03-04 04:15:00,19.08,16.99,16.71,16.89,96.90,16.22,0.00,6.31,64.81,0.09
250,2024-03-04 04:30:00,19.06,17.04,16.77,16.94,97.00,16.29,0.00,6.02,59.36,0.09
250,2024-03-04 04:45:00,19.04,17.05,16.74,16.96,97.10,16.28,0.00,6.78,60.50,0.08
250,2024-03-04 05:00:00,19.01,17.09,16.75,17.00,97.10,16.29,0.00,5.47,62.18,0.08
250,2024-03-04 05:15:00,18.99,17.12,16.84,17.02,97.20,16.39,0.00,4.21,68.43,0.08
250,2024-03-04 05:30:00,18.98,17.19,16.92,17.09,97.30,16.49,0.00,2.49,65.21,0.09
250,2024-03-04 05:45:00,18.98,17.23,16.94,17.12,97.30,16.51,0.00,3.15,93.90,0.08
250,2024-03-04 06:00:00,18.98,17.27,16.92,17.17,97.30,16.49,0.00,2.18,88.30,0.09
250,2024-03-04 06:15:00,18.98,17.25,16.96,17.15,97.30,16.53,0.00,3.63,77.31,0.09
250,2024-03-04 06:30:00,18.98,17.32,17.02,17.20,97.30,16.59,0.00,3.59,71.70,0.09
250,2024-03-04 06:45:00,18.98,17.34,17.00,17.22,97.30,16.57,0.00,3.15,80.40,0.78
250,2024-03-04 07:00:00,18.97,17.31,17.00,17.21,97.30,16.57,0.00,3.59,78.42,5.14
250,2024-03-04 07:15:00,18.97,17.38,17.07,17.23,97.40,16.65,0.00,3.98,68.22,18.67
250,2024-03-04 07:30:00,18.98,17.43,17.05,17.26,97.40,16.64,0.00,4.70,68.60,33.42
250,2024-03-04 07:45:00,18.99,17.43,17.07,17.25,97.40,16.65,0.00,5.55,64.62,31.87
250,2024-03-04 08:00:00,19.02,17.33,16.90,17.15,97.40,16.49,0.00,4.93,82.30,46.18
250,2024-03-04 08:15:00,19.04,17.32,16.84,17.11,97.40,16.43,0.00,5.94,78.88,43.94
250,2024-03-04 08:30:00,19.07,17.31,16.91,17.01,97.40,16.50,0.00,5.00,93.80,84.70
250,2024-03-04 08:45:00,19.11,17.39,16.94,17.07,97.40,16.53,0.00,4.99,65.22,82.00
250,2024-03-04 09:00:00,19.17,17.40,16.88,16.97,97.30,16.45,0.00,6.35,74.53,159.90
250,2024-03-04 09:15:00,19.25,17.43,16.90,16.96,97.20,16.45,0.00,4.30,70.58,85.60
250,2024-03-04 09:30:00,19.34,17.61,16.94,17.11,97.00,16.46,0.00,4.49,63.08,133.30
250,2024-03-04 09:45:00,19.44,17.84,17.35,17.17,96.80,16.84,0.00,6.77,64.67,222.30
250,2024-03-04 10:00:00,19.57,18.29,17.56,17.52,96.20,16.95,0.00,4.70,85.50,219.70
250,2024-03-04 10:15:00,19.74,18.56,18.06,17.77,96.00,17.41,0.00,4.80,93.40,315.20
250,2024-03-04 10:30:00,19.97,19.65,18.94,18.54,95.00,18.12,0.00,5.19,53.34,506.70
250,2024-03-04 10:45:00,20.35,20.06,19.12,18.85,90.80,17.58,0.00,5.91,38.26,439.40
250,2024-03-04 11:00:00,20.73,21.10,20.92,19.73,80.30,17.40,0.00,5.85,40.56,687.20
250,2024-03-04 11:15:00,21.19,21.30,20.27,20.11,80.80,16.87,0.00,6.26,59.65,514.00
250,2024-03-04 11:30:00,21.67,22.02,21.60,20.76,79.44,17.89,0.00,5.87,54.97,671.80
250,2024-03-04 11:45:00,22.08,21.93,21.23,20.77,78.92,17.43,0.00,5.62,40.66,548.80
250,2024-03-04 12:00:00,22.45,22.78,21.97,21.42,76.22,17.60,0.00,5.64,38.45,725.00
250,2024-03-04 12:15:00,22.83,23.32,22.27,22.01,74.70,17.57,0.00,6.72,23.27,748.20
250,2024-03-04 12:30:00,23.21,23.43,22.80,22.21,72.75,17.66,0.00,4.91,36.82,577.70
250,2024-03-04 12:45:00,23.47,24.08,22.99,22.72,71.03,17.46,0.00,6.23,56.04,810.00
250,2024-03-04 13:00:00,23.76,23.62,23.28,22.56,72.56,18.08,0.00,5.35,63.84,586.60
250,2024-03-04 13:15:00,23.96,23.96,22.93,23.00,72.07,17.63,0.00,5.49,63.01,519.70
250,2024-03-04 13:30:00,24.11,24.20,23.23,23.13,68.90,17.21,0.00,6.36,75.68,640.30
250,2024-03-04 13:45:00,24.19,24.93,24.49,23.80,67.78,18.15,0.00,5.07,64.22,681.40
250,2024-03-04 14:00:00,24.31,24.74,23.91,23.66,67.52,17.54,0.00,7.22,47.62,523.10
250,2024-03-04 14:15:00,24.42,24.96,23.62,23.89,68.28,17.44,0.00,5.50,32.92,459.30
250,2024-03-04 14:30:00,24.52,25.47,24.79,24.25,65.85,17.98,0.00,5.79,57.12,768.40
250,2024-03-04 14:45:00,24.69,24.83,23.72,24.00,66.58,17.14,0.00,6.03,68.16,334.40
250,2024-03-04 15:00:00,24.85,25.00,24.44,24.09,64.70,17.37,0.00,5.82,71.63,499.00
250,2024-03-04 15:15:00,24.93,26.01,25.18,24.85,63.31,17.72,0.00,4.91,93.10,642.90
250,2024-03-04 15:30:00,25.15,25.80,24.63,24.74,65.12,17.65,0.00,6.18,78.68,459.20
250,2024-03-04 15:45:00,25.34,25.16,24.53,24.52,63.36,17.12,0.00,5.22,47.49,213.40
250,2024-03-04 16:00:00,25.33,25.75,24.80,24.91,62.80,17.24,0.00,5.63,55.71,367.70
250,2024-03-04 16:15:00,25.30,25.48,25.37,24.79,62.25,17.63,0.00,5.98,59.97,316.10
250,2024-03-04 16:30:00,25.25,25.41,24.56,24.94,63.54,17.19,0.00,6.47,64.84,189.20
250,2024-03-04 16:45:00,25.16,25.10,24.43,24.64,63.81,17.14,0.00,6.58,64.13,195.00
250,2024-03-04 17:00:00,25.02,24.85,24.63,24.52,62.91,17.10,0.00,6.39,71.50,175.10
250,2024-03-04 17:15:00,24.84,25.33,24.69,24.75,62.48,17.05,0.00,8.21,69.38,244.10
250,2024-03-04 17:30:00,24.71,25.03,24.39,24.63,62.29,16.72,0.00,12.59,63.72,171.60
250,2024-03-04 17:45:00,24.57,24.69,24.08,24.44,64.39,16.95,0.00,6.76,75.20,123.90
250,2024-03-04 18:00:00,24.39,24.19,23.58,24.09,66.36,16.95,0.00,6.07,68.21,75.21
250,2024-03-04 18:15:00,24.17,23.53,23.07,23.64,67.95,16.84,0.00,5.30,62.42,24.64
250,2024-03-04 18:30:00,23.91,22.89,22.41,23.16,70.75,16.84,0.00,4.39,63.32,6.57
250,2024-03-04 18:45:00,23.63,22.19,22.00,22.69,72.34,16.80,0.00,4.30,56.47,1.23
250,2024-03-04 19:00:00,23.36,21.83,21.68,22.33,74.30,16.91,0.00,5.45,58.19,0.13
250,2024-03-04 19:15:00,23.09,21.81,21.40,21.94,77.55,17.32,0.00,7.42,77.06,0.08
250,2024-03-04 19:30:00,22.85,21.35,21.00,21.49,79.00,17.22,0.00,6.86,82.00,0.09
250,2024-03-04 19:45:00,22.61,20.88,20.52,21.00,80.80,17.11,0.00,7.27,75.22,0.09
250,2024-03-04 20:00:00,22.40,20.50,20.18,20.62,81.90,16.99,0.00,6.03,83.80,0.09
250,2024-03-04 20:15:00,22.20,20.15,19.77,20.27,83.10,16.82,0.00,4.93,78.43,0.08
250,2024-03-04 20:30:00,22.01,19.70,19.45,19.87,85.10,16.88,0.00,4.22,74.36,0.09
250,2024-03-04 20:45:00,21.82,19.51,19.21,19.59,86.00,16.81,0.00,4.09,80.60,0.09
250,2024-03-04 21:00:00,21.66,19.18,18.82,19.25,87.20,16.65,0.00,5.36,72.02,0.08
250,2024-03-04 21:15:00,21.50,18.78,18.28,18.78,88.50,16.35,0.00,6.98,80.70,0.09
250,2024-03-04 21:30:00,21.35,18.34,17.90,18.29,89.20,16.10,0.00,9.26,77.30,0.09
250,2024-03-04 21:45:00,21.20,18.10,17.72,18.01,89.80,16.02,0.00,6.01,68.85,0.08
250,2024-03-04 22:00:00,21.08,18.10,17.76,17.98,89.90,16.08,0.00,4.60,83.50,0.09
250,2024-03-04 22:15:00,20.98,18.09,17.76,18.00,90.10,16.12,0.00,4.46,79.93,0.09
250,2024-03-04 22:30:00,20.88,18.15,17.86,18.05,90.10,16.22,0.00,4.12,78.56,0.09
250,2024-03-04 22:45:00,20.80,18.20,17.90,18.10,90.20,16.27,0.00,3.73,74.96,0.09
250,2024-03-04 23:00:00,20.72,18.26,17.94,18.15,90.30,16.33,0.00,3.57,83.80,0.09
250,2024-03-04 23:15:00,20.67,18.26,17.92,18.16,90.40,16.33,0.00,3.54,88.60,0.09
250,2024-03-04 23:30:00,20.60,18.27,17.96,18.18,90.50,16.38,0.00,3.22,98.70,0.09
250,2024-03-04 23:45:00,20.55,18.24,17.93,18.18,90.60,16.37,0.00,3.73,94.90,0.09
250,2024-03-05 00:00:00,20.48,18.23,17.92,18.15,90.90,16.41,0.00,2.48,82.50,0.08
250,2024-03-05 00:15:00,20.42,18.24,17.90,18.13,91.10,16.43,0.00,3.89,68.82,0.09
250,2024-03-05 00:30:00,20.37,18.21,17.87,18.12,91.30,16.43,0.00,4.67,71.84,0.09
250,2024-03-05 00:45:00,20.33,18.22,17.85,18.11,91.40,16.43,0.00,4.77,72.20,0.09
250,2024-03-05 01:00:00,20.28,18.16,17.82,18.05,91.60,16.43,0.00,5.16,77.19,0.08
250,2024-03-05 01:15:00,20.23,18.15,17.80,18.05,91.70,16.43,0.00,3.55,78.59,0.09
250,2024-03-05 01:30:00,20.19,18.14,17.79,18.04,92.00,16.47,0.00,4.04,96.10,0.09
250,2024-03-05 01:45:00,20.16,18.08,17.70,17.97,92.30,16.44,0.00,4.10,88.10,0.09
250,2024-03-05 02:00:00,20.12,18.00,17.66,17.89,92.80,16.48,0.00,5.35,97.10,0.09
250,2024-03-05 02:15:00,20.09,17.96,17.63,17.85,93.30,16.54,0.00,3.48,91.80,0.09
250,2024-03-05 02:30:00,20.06,17.97,17.66,17.85,93.60,16.62,0.00,3.53,89.30,0.09
250,2024-03-05 02:45:00,20.03,17.98,17.63,17.84,93.70,16.60,0.00,4.18,98.00,0.09
250,2024-03-05 03:00:00,20.00,17.93,17.56,17.82,93.90,16.57,0.00,5.33,96.80,0.08
250,2024-03-05 03:15:00,19.98,17.93,17.62,17.81,94.10,16.66,0.00,3.76,98.00,0.09
250,2024-03-05 03:30:00,19.95,17.96,17.62,17.83,94.30,16.69,0.00,3.75,103.20,0.08
250,2024-03-05 03:45:00,19.92,17.90,17.55,17.78,94.50,16.66,0.00,4.05,84.20,0.09
250,2024-03-05 04:00:00,19.89,17.85,17.55,17.74,94.70,16.69,0.00,3.67,92.60,0.09
250,2024-03-05 04:15:00,19.87,17.86,17.52,17.74,94.90,16.69,0.00,3.81,82.00,0.09
250,2024-03-05 04:30:00,19.85,17.87,17.55,17.74,95.00,16.74,0.00,3.73,72.52,0.09
250,2024-03-05 04:45:00,19.82,17.89,17.53,17.76,95.10,16.74,0.00,3.93,73.68,0.09
250,2024-03-05 05:00:00,19.79,17.90,17.57,17.78,95.20,16.79,0.00,3.31,69.89,0.09
250,2024-03-05 05:15:00,19.78,17.91,17.55,17.78,95.30,16.79,0.00,3.39,65.33,0.09
250,2024-03-05 05:30:00,19.76,17.89,17.52,17.76,95.40,16.78,0.00,3.06,83.10,0.09
250,2024-03-05 05:45:00,19.74,17.87,17.52,17.73,95.50,16.79,0.00,3.31,78.59,0.08
250,2024-03-05 06:00:00,19.72,17.86,17.52,17.73,95.60,16.81,0.00,2.63,95.00,0.09
250,2024-03-05 06:15:00,19.70,17.87,17.52,17.75,95.60,16.81,0.00,2.50,92.00,0.09
250,2024-03-05 06:30:00,19.68,17.90,17.55,17.77,95.60,16.84,0.00,2.39,101.00,0.10
250,2024-03-05 06:45:00,19.67,17.94,17.56,17.79,95.70,16.87,0.00,3.00,93.40,0.39
250,2024-03-05 07:00:00,19.65,17.92,17.62,17.78,95.80,16.94,0.00,3.52,93.20,4.17
250,2024-03-05 07:15:00,19.64,17.94,17.53,17.76,95.80,16.85,0.00,3.71,95.90,13.80
250,2024-03-05 07:30:00,19.64,17.96,17.57,17.78,95.80,16.89,0.00,3.66,102.70,23.07
250,2024-03-05 07:45:00,19.64,18.04,17.63,17.84,95.90,16.97,0.00,3.75,98.10,38.56
250,2024-03-05 08:00:00,19.65,18.10,17.72,17.85,96.00,17.07,0.00,4.58,91.70,56.97
250,2024-03-05 08:15:00,19.69,18.30,17.82,17.95,95.90,17.16,0.00,4.19,98.80,99.60
250,2024-03-05 08:30:00,19.76,18.50,18.03,18.11,95.80,17.35,0.00,3.87,104.30,98.50
250,2024-03-05 08:45:00,19.86,18.78,18.28,18.35,95.40,17.53,0.00,3.66,107.50,101.60
250,2024-03-05 09:00:00,19.96,19.12,18.51,18.63,95.10,17.71,0.00,3.20,104.20,124.40
250,2024-03-05 09:15:00,20.08,19.64,19.11,18.99,94.90,18.27,0.00,4.19,97.70,233.20
250,2024-03-05 09:30:00,20.25,20.19,19.37,19.53,93.30,18.26,0.00,3.90,117.10,201.70
250,2024-03-05 09:45:00,20.48,20.42,19.81,19.81,92.20,18.51,0.00,3.10,97.70,245.00
250,2024-03-05 10:00:00,20.69,21.22,20.83,20.44,87.90,18.75,0.00,5.05,147.80,405.60
250,2024-03-05 10:15:00,21.00,22.25,21.53,21.29,83.60,18.64,0.00,4.61,110.60,437.20
250,2024-03-05 10:30:00,21.40,22.55,22.18,21.57,83.40,19.24,0.00,5.79,107.40,454.40
250,2024-03-05 10:45:00,21.81,23.25,22.90,22.20,79.17,19.10,0.00,5.95,114.70,486.10
250,2024-03-05 11:00:00,22.21,23.40,22.79,22.67,78.63,18.89,0.00,5.91,135.30,403.70
250,2024-03-05 11:15:00,22.54,23.59,22.86,22.87,78.09,18.84,0.00,5.66,122.00,319.70
250,2024-03-05 11:30:00,22.77,23.53,23.02,23.01,76.75,18.72,0.00,5.50,141.90,211.20
250,2024-03-05 11:45:00,22.88,23.56,23.07,23.21,75.47,18.50,0.00,5.04,142.00,157.20
250,2024-03-05 12:00:00,22.88,23.75,23.36,23.38,73.59,18.38,0.00,5.29,147.80,203.90
250,2024-03-05 12:15:00,22.87,23.99,23.46,23.59,73.38,18.43,0.00,4.67,140.60,216.40
250,2024-03-05 12:30:00,22.89,24.22,23.65,23.75,73.17,18.57,0.00,3.95,130.20,229.70
250,2024-03-05 12:45:00,22.95,24.42,23.75,23.97,69.96,17.95,0.00,4.92,138.70,239.80
250,2024-03-05 13:00:00,23.02,24.40,23.88,24.01,69.90,18.06,0.00,5.91,149.00,232.80
250,2024-03-05 13:15:00,23.09,24.58,24.12,24.09,70.18,18.35,0.00,5.09,129.50,274.00
250,2024-03-05 13:30:00,23.17,24.79,24.22,24.25,69.00,18.18,0.00,5.24,126.40,295.30
250,2024-03-05 13:45:00,23.29,24.88,24.29,24.37,66.30,17.61,0.00,5.07,112.00,284.00
250,2024-03-05 14:00:00,23.41,24.98,24.22,24.47,68.12,17.97,0.00,4.40,128.00,236.80
250,2024-03-05 14:15:00,23.52,24.74,24.05,24.36,67.98,17.78,0.00,4.34,124.50,196.00
250,2024-03-05 14:30:00,23.57,24.58,23.98,24.24,68.09,17.74,0.00,4.96,121.20,187.90
250,2024-03-05 14:45:00,23.56,24.50,23.99,24.17,69.52,18.08,0.00,5.00,111.90,163.70
250,2024-03-05 15:00:00,23.54,24.47,23.92,24.13,70.35,18.20,0.00,4.52,105.90,151.60
250,2024-03-05 15:15:00,23.51,24.40,24.01,24.10,72.48,18.76,0.00,4.84,105.70,160.00
250,2024-03-05 15:30:00,23.48,24.46,24.02,24.13,71.88,18.64,0.00,4.70,110.30,154.70
250,2024-03-05 15:45:00,23.45,24.49,23.94,24.21,72.90,18.79,0.00,3.05,116.20,119.60
250,2024-03-05 16:00:00,23.41,24.37,23.89,24.10,72.73,18.70,0.00,3.86,113.60,107.30
250,2024-03-05 16:15:00,23.38,24.25,23.78,24.04,73.15,18.69,0.00,4.62,105.90,109.00
250,2024-03-05 16:30:00,23.31,24.15,23.71,23.97,73.21,18.63,0.00,4.33,91.00,89.10
250,2024-03-05 16:45:00,23.25,24.14,23.68,23.95,73.88,18.75,0.00,9.25,87.60,85.80
250,2024-03-05 17:00:00,23.18,23.96,23.51,23.83,72.81,18.35,0.00,5.05,84.70,66.52
250,2024-03-05 17:15:00,23.11,23.88,23.43,23.77,72.75,18.26,0.00,3.77,88.80,56.82
250,2024-03-05 17:30:00,23.03,23.68,23.24,23.64,73.51,18.25,0.00,3.85,84.10,32.10
250,2024-03-05 17:45:00,22.93,23.40,22.97,23.42,75.11,18.33,0.00,3.79,69.57,21.33
250,2024-03-05 18:00:00,22.82,23.05,22.59,23.07,78.06,18.58,0.00,4.16,56.03,11.58
250,2024-03-05 18:15:00,22.69,22.83,22.49,22.85,79.02,18.67,0.00,3.86,48.97,4.55
250,2024-03-05 18:30:00,22.58,22.58,22.24,22.64,80.80,18.79,0.00,3.52,344.90,0.74
250,2024-03-05 18:45:00,22.47,21.96,21.27,21.98,85.60,18.76,0.00,3.26,37.51,0.27
250,2024-03-05 19:00:00,22.36,21.13,20.76,21.21,88.30,18.76,0.00,4.50,52.92,0.10
250,2024-03-05 19:15:00,22.23,20.91,20.62,21.00,89.00,18.74,0.00,5.89,57.82,0.09
250,2024-03-05 19:30:00,22.08,20.96,20.65,21.01,88.70,18.72,0.01,5.47,54.42,0.09
250,2024-03-05 19:45:00,21.95,20.89,20.60,20.93,88.50,18.63,0.00,6.18,64.68,0.09
250,2024-03-05 20:00:00,21.82,20.84,20.54,20.88,88.60,18.59,0.00,5.28,69.67,0.09
250,2024-03-05 20:15:00,21.69,20.76,20.49,20.81,88.80,18.58,0.00,5.15,72.58,0.09
250,2024-03-05 20:30:00,21.58,20.75,20.49,20.80,88.40,18.51,0.00,4.45,78.70,0.09
250,2024-03-05 20:45:00,21.48,20.84,20.58,20.89,87.70,18.47,0.00,5.06,80.40,0.09
250,2024-03-05 21:00:00,21.38,20.93,20.71,20.98,87.30,18.52,0.00,6.70,77.38,0.09
250,2024-03-05 21:15:00,21.31,20.98,20.74,21.02,87.50,18.59,0.00,4.67,86.30,0.08
250,2024-03-05 21:30:00,21.24,21.04,20.74,21.07,87.80,18.65,0.00,4.78,78.69,0.09
250,2024-03-05 21:45:00,21.17,20.89,20.55,20.91,89.10,18.69,0.00,4.63,93.00,0.08
250,2024-03-05 22:00:00,21.12,20.61,20.31,20.62,90.50,18.71,0.03,3.26,99.20,0.09
250,2024-03-05 22:15:00,21.07,20.44,20.13,20.42,91.80,18.76,0.10,2.59,94.10,0.08
250,2024-03-05 22:30:00,21.01,20.21,19.94,20.25,92.90,18.76,0.04,2.79,349.20,0.09
250,2024-03-05 22:45:00,20.96,20.14,19.95,20.16,93.80,18.92,0.00,6.49,38.63,0.09
250,2024-03-05 23:00:00,20.92,20.66,20.35,20.58,93.00,19.18,0.00,4.82,128.20,0.09
250,2024-03-05 23:15:00,20.90,20.55,20.21,20.55,93.00,19.04,0.00,4.03,90.70,0.08
250,2024-03-05 23:30:00,20.88,20.39,20.08,20.37,93.40,18.98,0.00,2.96,88.00,0.09
250,2024-03-05 23:45:00,20.87,20.28,20.03,20.26,93.70,18.98,0.00,1.99,53.51,0.09
250,2024-03-06 00:00:00,20.84,20.21,19.95,20.19,94.00,18.96,0.02,2.47,79.75,0.09
250,2024-03-06 00:15:00,20.82,20.16,19.93,20.10,94.40,19.00,0.04,6.63,83.00,0.08
250,2024-03-06 00:30:00,20.79,20.36,20.18,20.19,94.50,19.27,0.03,6.60,17.26,0.08
250,2024-03-06 00:45:00,20.77,20.86,20.64,20.66,93.50,19.55,0.00,6.00,203.50,0.09
250,2024-03-06 01:00:00,20.75,20.94,20.58,20.82,93.30,19.46,0.00,6.17,151.50,0.09
250,2024-03-06 01:15:00,20.74,20.93,20.58,20.84,93.00,19.41,0.00,6.52,153.50,0.08
250,2024-03-06 01:30:00,20.72,20.85,20.52,20.77,93.00,19.35,0.00,6.57,147.90,0.09
250,2024-03-06 01:45:00,20.70,20.89,20.59,20.80,93.00,19.42,0.00,7.81,153.20,0.09
250,2024-03-06 02:00:00,20.69,20.95,20.64,20.87,92.90,19.45,0.00,8.80,169.70,0.08
250,2024-03-06 02:15:00,20.69,20.95,20.64,20.91,92.80,19.43,0.00,8.42,173.70,0.09
250,2024-03-06 02:30:00,20.67,20.81,20.41,20.82,92.50,19.15,0.00,8.79,182.50,0.09
250,2024-03-06 02:45:00,20.64,20.58,20.13,20.62,92.00,18.79,0.00,9.92,187.80,0.09
250,2024-03-06 03:00:00,20.57,20.23,19.83,20.30,91.70,18.44,0.00,9.30,186.00,0.09
250,2024-03-06 03:15:00,20.48,19.99,19.59,20.04,91.30,18.13,0.00,8.31,188.80,0.09
250,2024-03-06 03:30:00,20.39,19.72,19.39,19.80,91.50,17.97,0.00,8.65,193.30,0.09
250,2024-03-06 03:45:00,20.29,19.57,19.25,19.65,91.50,17.83,0.00,9.07,188.00,0.09
250,2024-03-06 04:00:00,20.19,19.33,19.02,19.48,92.00,17.69,0.00,8.88,195.00,0.08
250,2024-03-06 04:15:00,20.08,19.37,19.18,19.48,92.30,17.90,0.00,10.89,202.00,0.09
250,2024-03-06 04:30:00,19.99,19.54,19.25,19.59,91.90,17.90,0.00,12.64,202.30,0.08
250,2024-03-06 04:45:00,19.96,19.55,19.22,19.61,91.90,17.87,0.00,11.76,205.60,0.09
250,2024-03-06 05:00:00,19.93,19.53,19.22,19.64,91.70,17.84,0.00,12.27,211.80,0.09
250,2024-03-06 05:15:00,19.90,19.49,19.27,19.61,91.50,17.85,0.00,11.65,220.30,0.09
250,2024-03-06 05:30:00,19.84,19.53,19.26,19.63,91.40,17.82,0.00,11.98,223.50,0.09
250,2024-03-06 05:45:00,19.80,19.42,19.16,19.56,91.40,17.73,0.00,10.95,225.80,0.09
250,2024-03-06 06:00:00,19.75,19.38,19.18,19.54,91.50,17.76,0.00,10.21,226.80,0.08
250,2024-03-06 06:15:00,19.69,19.37,19.16,19.55,91.50,17.74,0.00,9.14,233.50,0.09
250,2024-03-06 06:30:00,19.64,19.22,18.98,19.41,91.90,17.63,0.00,7.21,225.80,0.10
250,2024-03-06 06:45:00,19.59,18.93,18.79,19.22,92.60,17.57,0.00,6.48,226.60,0.67
250,2024-03-06 07:00:00,19.52,18.97,18.81,19.19,93.00,17.65,0.00,7.50,229.40,4.24
250,2024-03-06 07:15:00,19.45,19.00,18.88,19.17,93.30,17.78,0.00,7.57,223.90,14.05
250,2024-03-06 07:30:00,19.41,19.17,19.02,19.25,93.60,17.96,0.00,7.70,219.30,41.28
250,2024-03-06 07:45:00,19.40,19.57,19.40,19.46,93.50,18.32,0.00,6.20,219.60,104.80
250,2024-03-06 08:00:00,19.45,20.10,19.74,19.80,92.90,18.56,0.00,5.64,221.40,154.20
250,2024-03-06 08:15:00,19.57,20.58,20.15,20.16,91.20,18.67,0.00,6.68,212.80,201.80
250,2024-03-06 08:30:00,19.75,21.21,20.90,20.69,88.00,18.84,0.00,7.93,211.70,248.10
250,2024-03-06 08:45:00,19.97,21.84,21.50,21.21,86.00,19.06,0.00,8.86,211.40,322.90
250,2024-03-06 09:00:00,20.25,22.45,22.01,21.76,83.00,18.99,0.00,10.92,228.10,363.30
250,2024-03-06 09:15:00,20.55,22.59,22.04,22.06,82.40,18.90,0.00,12.87,231.30,266.20
250,2024-03-06 09:30:00,20.79,22.95,22.39,22.37,80.60,18.89,0.00,12.09,238.50,296.00
250,2024-03-06 09:45:00,20.98,23.57,23.33,22.79,78.65,19.41,0.00,12.65,247.50,415.80
250,2024-03-06 10:00:00,21.21,23.64,23.17,23.01,80.10,19.55,0.00,11.70,254.40,243.60
250,2024-03-06 10:15:00,21.43,23.75,23.24,23.12,79.00,19.40,0.00,12.83,241.00,282.90
250,2024-03-06 10:30:00,21.60,23.97,23.36,23.24,77.12,19.13,0.00,13.98,247.20,367.80
250,2024-03-06 10:45:00,21.77,23.95,23.38,23.30,78.01,19.33,0.00,14.19,248.40,318.60
250,2024-03-06 11:00:00,21.93,24.19,23.24,23.49,76.73,18.93,0.00,12.71,261.00,274.40
250,2024-03-06 11:15:00,22.08,25.26,24.26,24.13,71.54,18.79,0.00,10.15,247.70,564.10
250,2024-03-06 11:30:00,22.35,24.35,23.72,23.80,74.79,18.98,0.00,13.63,248.90,221.10
250,2024-03-06 11:45:00,22.48,24.94,24.09,24.00,71.95,18.72,0.00,12.14,251.70,388.30
250,2024-03-06 12:00:00,22.58,24.66,24.09,24.15,73.15,18.99,0.00,11.31,248.20,191.40
250,2024-03-06 12:15:00,22.62,24.68,24.36,24.06,71.55,18.89,0.00,11.95,242.50,331.30
250,2024-03-06 12:30:00,22.65,24.78,24.04,24.15,72.58,18.81,0.00,12.92,238.60,282.20
250,2024-03-06 12:45:00,22.72,24.86,24.36,24.19,72.12,19.02,0.00,12.10,243.70,374.40
250,2024-03-06 13:00:00,22.79,25.66,25.14,24.46,67.46,18.70,0.00,13.78,248.40,632.00
250,2024-03-06 13:15:00,23.00,25.29,24.40,24.46,70.03,18.59,0.00,11.22,258.50,349.00
250,2024-03-06 13:30:00,23.16,25.47,25.00,24.57,69.68,19.08,0.00,10.85,252.50,405.50
250,2024-03-06 13:45:00,23.28,26.45,25.57,24.99,64.68,18.43,0.00,13.52,250.10,666.20
250,2024-03-06 14:00:00,23.45,25.52,24.49,24.71,68.18,18.25,0.00,13.86,241.20,332.10
250,2024-03-06 14:15:00,23.57,25.59,25.06,24.76,67.57,18.65,0.00,12.82,234.50,473.40
250,2024-03-06 14:30:00,23.66,25.82,24.93,24.74,68.43,18.72,0.00,14.23,232.60,510.60
250,2024-03-06 14:45:00,23.80,26.07,24.83,24.91,66.42,18.15,0.00,15.03,250.30,508.70
250,2024-03-06 15:00:00,23.95,26.20,25.48,25.00,62.13,17.71,0.00,16.19,247.00,530.10
250,2024-03-06 15:15:00,24.08,26.09,25.04,25.03,64.80,17.96,0.00,13.63,254.80,434.20
250,2024-03-06 15:30:00,24.19,26.22,25.49,25.04,62.89,17.91,0.00,15.23,247.30,529.10
250,2024-03-06 15:45:00,24.28,26.30,25.28,25.14,63.21,17.79,0.00,15.86,246.40,460.80
250,2024-03-06 16:00:00,24.38,25.78,25.46,24.86,64.62,18.31,0.00,15.66,238.00,402.80
250,2024-03-06 16:15:00,24.41,25.52,25.24,24.67,65.32,18.28,0.00,15.91,244.30,307.50
250,2024-03-06 16:30:00,24.40,25.54,25.00,24.66,64.94,17.96,0.00,14.70,245.40,387.20
250,2024-03-06 16:45:00,24.39,25.08,24.08,24.39,68.62,17.96,0.00,16.05,244.50,261.20
250,2024-03-06 17:00:00,24.34,24.80,24.42,24.25,66.96,17.89,0.00,14.38,242.90,255.40
250,2024-03-06 17:15:00,24.22,24.78,24.19,24.19,67.77,17.86,0.00,14.52,259.80,216.00
250,2024-03-06 17:30:00,24.10,24.36,23.50,23.96,71.13,17.97,0.00,13.63,245.80,149.80
250,2024-03-06 17:45:00,23.94,23.55,23.09,23.47,73.38,18.07,0.00,13.77,243.10,72.83
250,2024-03-06 18:00:00,23.73,23.45,23.05,23.36,73.79,18.12,0.00,15.29,250.10,84.00
250,2024-03-06 18:15:00,23.51,23.03,22.59,23.11,76.03,18.16,0.00,12.06,238.60,45.79
250,2024-03-06 18:30:00,23.28,22.46,22.02,22.75,78.52,18.12,0.00,9.16,242.00,14.49
250,2024-03-06 18:45:00,23.04,21.98,21.71,22.36,80.90,18.29,0.00,8.24,238.20,2.69
250,2024-03-06 19:00:00,22.81,21.76,21.50,22.11,82.20,18.34,0.00,9.02,237.10,0.28
250,2024-03-06 19:15:00,22.58,21.56,21.36,21.89,82.70,18.30,0.00,8.72,238.60,0.09
250,2024-03-06 19:30:00,22.38,21.17,20.82,21.60,84.10,18.04,0.00,8.13,236.60,0.09
250,2024-03-06 19:45:00,22.19,20.79,20.58,21.34,84.90,17.95,0.00,6.76,247.10,0.08
250,2024-03-06 20:00:00,22.00,19.95,20.10,21.06,86.50,17.78,0.00,4.77,256.30,0.09
250,2024-03-06 20:15:00,21.81,19.99,19.98,20.85,87.80,17.90,0.00,5.67,244.00,0.08
250,2024-03-06 20:30:00,21.64,20.00,19.90,20.61,88.80,18.00,0.00,4.49,243.40,0.08
250,2024-03-06 20:45:00,21.51,19.96,19.83,20.54,89.30,18.02,0.00,4.71,236.70,0.09
250,2024-03-06 21:00:00,21.40,19.59,19.52,20.34,90.40,17.91,0.00,5.35,237.10,0.09
250,2024-03-06 21:15:00,21.28,20.05,20.00,20.36,90.20,18.35,0.00,7.63,244.70,0.09
250,2024-03-06 21:30:00,21.17,19.86,19.59,20.36,90.00,17.91,0.00,6.04,266.50,0.09
250,2024-03-06 21:45:00,21.06,19.49,19.50,20.18,91.20,18.03,0.00,5.83,250.40,0.09
250,2024-03-06 22:00:00,20.94,19.52,19.45,20.04,91.20,17.98,0.00,6.39,247.10,0.09
250,2024-03-06 22:15:00,20.81,19.60,19.54,19.98,91.60,18.14,0.00,6.24,259.90,0.09
250,2024-03-06 22:30:00,20.72,19.52,19.43,19.91,91.90,18.08,0.00,6.04,250.20,0.09
250,2024-03-06 22:45:00,20.62,19.60,19.56,19.91,91.90,18.21,0.00,7.24,268.20,0.09
250,2024-03-06 23:00:00,20.54,19.93,19.70,20.05,90.90,18.17,0.00,7.18,278.10,0.09
250,2024-03-06 23:15:00,20.48,19.87,19.60,20.00,90.50,18.00,0.00,7.32,270.40,0.09
250,2024-03-06 23:30:00,20.46,19.91,19.63,19.96,90.10,17.96,0.00,7.18,267.90,0.09
250,2024-03-06 23:45:00,20.45,19.90,19.57,19.93,89.80,17.85,0.00,6.50,270.40,0.09
250,2024-03-07 00:00:00,20.45,19.62,19.33,19.78,89.30,17.53,0.00,6.24,275.60,0.08
250,2024-03-07 00:15:00,20.41,19.10,18.97,19.53,89.70,17.24,0.00,4.37,285.00,0.09
250,2024-03-07 00:30:00,20.31,18.75,18.57,19.20,89.90,16.88,0.00,2.81,293.80,0.08
250,2024-03-07 00:45:00,20.17,18.28,18.30,18.92,90.60,16.74,0.00,1.89,302.30,0.09
250,2024-03-07 01:00:00,20.02,17.67,17.87,18.60,91.00,16.38,0.00,1.20,272.60,0.09
250,2024-03-07 01:15:00,19.88,17.28,17.46,18.32,92.00,16.15,0.00,0.77,339.00,0.09
250,2024-03-07 01:30:00,19.74,17.07,17.38,18.16,92.50,16.15,0.00,2.03,324.70,0.09
250,2024-03-07 01:45:00,19.59,16.62,16.85,18.06,93.40,15.78,0.00,1.64,321.50,0.09
250,2024-03-07 02:00:00,19.45,16.42,16.46,17.87,93.00,15.33,0.00,2.18,321.50,0.09
250,2024-03-07 02:15:00,19.31,15.71,15.89,17.42,94.10,14.94,0.00,3.26,202.00,0.09
250,2024-03-07 02:30:00,19.17,15.23,15.31,16.56,94.30,14.40,0.00,1.95,201.80,0.09
250,2024-03-07 02:45:00,19.03,15.27,15.23,16.38,94.70,14.39,0.00,2.79,198.40,0.09
250,2024-03-07 03:00:00,18.91,15.45,16.05,16.71,95.60,15.35,0.00,3.88,231.60,0.09
250,2024-03-07 03:15:00,18.81,16.35,16.56,17.13,95.40,15.82,0.00,3.34,244.00,0.09
250,2024-03-07 03:30:00,18.77,16.94,16.92,17.27,95.40,16.18,0.00,4.07,242.70,0.09
250,2024-03-07 03:45:00,18.73,17.17,17.00,17.32,95.40,16.26,0.00,3.22,256.20,0.09
250,2024-03-07 04:00:00,18.73,17.10,16.83,17.33,95.30,16.07,0.00,4.01,255.30,0.09
250,2024-03-07 04:15:00,18.71,16.85,16.60,17.23,95.00,15.80,0.00,3.43,261.50,0.09
250,2024-03-07 04:30:00,18.68,16.48,16.54,17.11,95.50,15.82,0.00,2.46,297.80,0.09
250,2024-03-07 04:45:00,18.60,16.72,16.56,17.01,95.50,15.84,0.00,1.70,337.70,0.09
250,2024-03-07 05:00:00,18.55,16.79,16.58,16.98,95.40,15.84,0.00,2.41,310.40,0.09
250,2024-03-07 05:15:00,18.52,16.81,16.60,16.98,95.60,15.89,0.00,2.68,325.70,0.09
250,2024-03-07 05:30:00,18.49,16.91,16.73,17.01,95.50,16.01,0.00,3.44,336.20,0.09
250,2024-03-07 05:45:00,18.48,17.02,16.77,17.05,95.40,16.03,0.00,3.11,344.30,0.09
250,2024-03-07 06:00:00,18.47,16.97,16.67,17.04,95.20,15.90,0.00,2.29,345.30,0.09
250,2024-03-07 06:15:00,18.45,16.98,16.75,17.04,95.20,15.98,0.00,2.00,324.20,0.09
250,2024-03-07 06:30:00,18.45,17.00,16.77,17.09,95.10,15.98,0.00,1.89,354.30,0.11
250,2024-03-07 06:45:00,18.45,17.09,16.83,17.13,95.10,16.04,0.00,2.07,62.12,1.06
250,2024-03-07 07:00:00,18.45,17.07,16.75,17.04,94.90,15.93,0.00,2.60,32.68,5.98
250,2024-03-07 07:15:00,18.45,17.11,16.83,17.10,94.70,15.98,0.00,1.43,22.38,17.41
250,2024-03-07 07:30:00,18.45,17.30,17.05,17.22,94.50,16.16,0.00,1.90,46.25,42.48
250,2024-03-07 07:45:00,18.47,17.55,17.04,17.36,94.00,16.07,0.00,2.92,46.33,67.47
250,2024-03-07 08:00:00,18.53,17.86,17.57,17.56,93.00,16.43,0.00,3.09,8.89,154.60
250,2024-03-07 08:15:00,18.58,18.96,18.18,18.28,90.80,16.65,0.00,2.54,11.05,250.30
250,2024-03-07 08:30:00,18.72,19.39,18.72,18.64,88.80,16.84,0.00,3.06,9.42,281.30
250,2024-03-07 08:45:00,18.96,19.73,18.98,18.91,85.80,16.55,0.00,3.46,17.26,325.60
250,2024-03-07 09:00:00,19.24,20.06,19.26,19.14,84.40,16.57,0.00,4.22,13.29,374.50
250,2024-03-07 09:15:00,19.56,19.91,19.34,18.83,85.10,16.77,0.00,4.80,350.50,423.40
250,2024-03-07 09:30:00,19.91,20.73,20.32,19.67,81.30,17.01,0.00,3.46,0.65,471.00
250,2024-03-07 09:45:00,20.31,21.30,21.20,20.29,75.64,16.73,0.00,3.24,44.67,513.40
250,2024-03-07 10:00:00,20.74,22.11,21.23,21.00,73.50,16.31,0.00,3.73,20.10,556.70
250,2024-03-07 10:15:00,21.17,22.23,21.84,21.29,72.11,16.60,0.00,3.99,40.53,578.00
250,2024-03-07 10:30:00,21.62,22.78,22.01,21.74,70.09,16.31,0.00,3.45,32.64,628.20
250,2024-03-07 10:45:00,22.10,23.48,22.73,22.41,69.62,16.90,0.00,2.98,53.04,660.20
250,2024-03-07 11:00:00,22.60,24.00,22.56,23.07,64.59,15.56,0.00,3.25,139.70,694.90
250,2024-03-07 11:15:00,23.12,24.19,23.18,23.36,63.18,15.80,0.00,2.68,129.80,721.10
250,2024-03-07 11:30:00,23.63,24.91,23.84,23.83,59.98,15.61,0.00,3.09,149.50,736.20
250,2024-03-07 11:45:00,24.13,25.49,24.46,24.12,56.88,15.36,0.00,3.92,63.38,769.00
250,2024-03-07 12:00:00,24.61,25.45,24.59,24.42,57.31,15.60,0.00,3.15,173.70,753.30
250,2024-03-07 12:15:00,25.05,25.83,24.67,24.62,55.51,15.18,0.00,3.56,205.70,803.00
250,2024-03-07 12:30:00,25.47,26.27,25.37,25.28,56.22,16.03,0.00,2.05,356.60,768.50
250,2024-03-07 12:45:00,25.84,26.36,25.03,25.29,53.16,14.84,0.00,2.66,92.10,766.60
250,2024-03-07 13:00:00,26.12,26.68,25.55,25.63,53.51,15.43,0.00,2.70,83.30,788.60
250,2024-03-07 13:15:00,26.31,26.96,26.20,26.08,52.14,15.62,0.00,2.64,134.80,736.50
250,2024-03-07 13:30:00,26.44,27.01,26.35,25.91,50.04,15.12,0.00,3.48,158.30,790.80
250,2024-03-07 13:45:00,26.57,27.35,26.36,26.32,47.84,14.43,0.00,2.91,342.90,783.80
250,2024-03-07 14:00:00,26.70,27.68,26.44,26.64,52.80,16.04,0.00,3.86,303.90,793.70
250,2024-03-07 14:15:00,26.90,27.83,25.88,26.40,52.28,15.37,0.00,3.88,21.34,541.20
250,2024-03-07 14:30:00,27.12,26.89,26.35,26.05,51.05,15.43,0.00,2.96,16.94,472.90
250,2024-03-07 14:45:00,27.21,27.93,26.83,26.49,48.49,15.07,0.00,4.10,344.70,741.80
250,2024-03-07 15:00:00,27.41,27.78,26.77,26.48,47.59,14.73,0.00,4.54,18.00,572.60
250,2024-03-07 15:15:00,27.65,27.99,26.94,27.13,44.81,13.95,0.00,2.88,103.80,469.90
250,2024-03-07 15:30:00,27.78,27.88,27.04,27.09,44.19,13.83,0.00,3.11,168.70,368.30
250,2024-03-07 15:45:00,27.79,27.75,26.91,26.96,45.34,14.10,0.00,4.48,192.50,343.60
250,2024-03-07 16:00:00,27.73,27.29,26.94,26.89,46.19,14.42,0.00,2.40,245.90,291.40
250,2024-03-07 16:15:00,27.64,27.91,26.90,27.19,45.98,14.31,0.00,4.01,197.60,342.20
250,2024-03-07 16:30:00,27.59,27.39,26.98,27.02,44.07,13.73,0.00,2.07,130.60,277.90
250,2024-03-07 16:45:00,27.49,28.30,27.02,27.86,44.92,14.06,0.00,2.78,234.00,358.60
250,2024-03-07 17:00:00,27.48,27.93,27.20,27.18,46.70,14.82,0.00,4.08,212.40,299.00
250,2024-03-07 17:15:00,27.41,27.54,26.67,26.95,44.42,13.57,0.00,4.51,199.20,204.80
250,2024-03-07 17:30:00,27.29,27.08,26.53,26.78,45.99,13.98,0.00,3.13,189.70,151.80
250,2024-03-07 17:45:00,27.07,26.66,25.89,26.65,54.00,15.88,0.00,3.57,213.70,94.40
250,2024-03-07 18:00:00,26.82,25.97,25.11,26.28,57.48,16.13,0.00,3.07,225.60,70.30
250,2024-03-07 18:15:00,26.54,25.17,24.58,25.91,56.92,15.49,0.00,1.66,31.39,50.67
250,2024-03-07 18:30:00,26.25,24.40,23.82,25.25,60.29,15.67,0.00,1.42,49.65,14.86
250,2024-03-07 18:45:00,25.94,23.16,22.96,24.32,63.96,15.78,0.00,1.99,45.83,1.50
250,2024-03-07 19:00:00,25.62,23.33,23.13,23.93,64.47,16.07,0.00,6.57,83.30,0.18
250,2024-03-07 19:15:00,25.30,22.92,22.45,23.13,69.10,16.51,0.00,6.10,85.50,0.09
250,2024-03-07 19:30:00,24.98,22.28,21.95,22.51,71.46,16.56,0.00,5.87,90.70,0.09
250,2024-03-07 19:45:00,24.68,21.70,21.41,21.96,73.09,16.39,0.00,4.87,89.50,0.09
250,2024-03-07 20:00:00,24.38,21.37,21.03,21.55,73.70,16.16,0.00,5.55,97.20,0.09
250,2024-03-07 20:15:00,24.10,20.99,20.68,21.16,74.81,16.05,0.00,5.21,88.80,0.09
250,2024-03-07 20:30:00,23.85,20.64,20.34,20.83,75.99,15.97,0.00,3.68,87.10,0.09
250,2024-03-07 20:45:00,23.60,20.11,19.57,20.47,79.90,16.01,0.00,2.89,176.40,0.09
250,2024-03-07 21:00:00,23.35,19.17,19.19,19.99,80.60,15.78,0.00,2.35,149.30,0.08
250,2024-03-07 21:15:00,23.12,19.48,19.49,19.85,79.44,15.84,0.00,3.63,163.60,0.08
250,2024-03-07 21:30:00,22.89,19.49,19.25,19.69,79.98,15.71,0.00,2.42,126.80,0.09
250,2024-03-07 21:45:00,22.67,19.01,18.78,19.38,81.70,15.59,0.00,2.32,71.48,0.09
250,2024-03-07 22:00:00,22.47,18.30,18.24,19.01,83.80,15.46,0.00,2.71,55.77,0.09
250,2024-03-07 22:15:00,22.27,17.68,17.62,18.63,85.40,15.14,0.00,2.37,73.18,0.09
250,2024-03-07 22:30:00,22.08,17.50,17.52,18.39,86.70,15.28,0.00,2.15,51.76,0.09
250,2024-03-07 22:45:00,21.89,17.10,17.31,18.21,88.30,15.36,0.00,3.08,60.81,0.08
250,2024-03-07 23:00:00,21.71,17.16,17.12,17.97,88.80,15.26,0.00,3.02,55.01,0.09
250,2024-03-07 23:15:00,21.53,17.10,17.15,17.74,89.70,15.44,0.00,2.92,66.99,0.09
250,2024-03-07 23:30:00,21.37,17.05,16.98,17.61,90.20,15.36,0.00,2.06,50.30,0.09
250,2024-03-07 23:45:00,21.21,16.92,16.78,17.52,90.50,15.22,0.00,1.64,34.49,0.09
250,2024-03-08 00:00:00,21.07,16.92,17.04,17.53,91.70,15.68,0.00,3.79,58.33,0.09
250,2024-03-08 00:15:00,20.94,17.22,17.11,17.47,92.00,15.80,0.00,2.87,75.69,0.09
250,2024-03-08 00:30:00,20.82,17.20,16.95,17.36,92.20,15.68,0.00,2.55,59.31,0.09
250,2024-03-08 00:45:00,20.71,17.01,16.87,17.26,92.50,15.65,0.00,1.90,19.53,0.09
250,2024-03-08 01:00:00,20.61,16.99,16.92,17.24,93.00,15.78,0.00,2.38,18.21,0.09
250,2024-03-08 01:15:00,20.51,16.98,16.80,17.17,93.20,15.70,0.00,2.41,64.93,0.09
250,2024-03-08 01:30:00,20.42,16.88,16.70,17.05,93.40,15.63,0.00,1.81,66.87,0.09
250,2024-03-08 01:45:00,20.33,16.87,16.70,16.97,93.60,15.66,0.00,1.93,17.58,0.09
250,2024-03-08 02:00:00,20.25,16.77,16.58,16.96,93.80,15.58,0.00,2.07,38.35,0.09
250,2024-03-08 02:15:00,20.17,16.70,16.58,16.91,94.00,15.61,0.00,1.61,30.36,0.09
250,2024-03-08 02:30:00,20.08,16.71,16.61,16.90,94.30,15.69,0.00,2.21,35.54,0.09
250,2024-03-08 02:45:00,20.00,16.81,16.60,16.92,94.30,15.68,0.00,2.05,21.10,0.09
250,2024-03-08 03:00:00,19.91,16.74,16.61,16.92,94.40,15.71,0.00,2.80,52.18,0.09
250,2024-03-08 03:15:00,19.84,16.72,16.51,16.87,94.40,15.61,0.00,2.59,64.02,0.09
250,2024-03-08 03:30:00,19.75,16.67,16.46,16.81,94.50,15.57,0.00,1.05,50.06,0.09
250,2024-03-08 03:45:00,19.68,16.64,16.49,16.82,94.80,15.65,0.00,1.72,89.40,0.09
250,2024-03-08 04:00:00,19.62,16.70,16.57,16.84,94.90,15.75,0.00,2.18,74.26,0.09
250,2024-03-08 04:15:00,19.56,16.66,16.47,16.88,94.80,15.63,0.00,1.44,341.10,0.09
250,2024-03-08 04:30:00,19.50,16.52,16.61,16.86,95.20,15.84,0.00,1.22,127.30,0.09
250,2024-03-08 04:45:00,19.44,16.93,16.77,17.03,95.00,15.96,0.00,2.23,105.10,0.09
250,2024-03-08 05:00:00,19.40,16.98,16.64,17.01,94.90,15.82,0.00,2.69,86.60,0.09
250,2024-03-08 05:15:00,19.38,16.76,16.51,16.87,95.00,15.71,0.00,1.65,71.19,0.09
250,2024-03-08 05:30:00,19.33,16.61,16.47,16.83,95.10,15.68,0.00,2.24,79.99,0.09
250,2024-03-08 05:45:00,19.26,16.59,16.40,16.84,95.00,15.60,0.00,1.64,83.20,0.09
250,2024-03-08 06:00:00,19.18,16.35,16.05,16.76,94.80,15.22,0.00,1.06,131.20,0.09
250,2024-03-08 06:15:00,19.11,16.00,15.72,16.61,95.20,14.95,0.00,1.08,181.60,0.09
250,2024-03-08 06:30:00,19.04,16.15,16.08,16.50,95.60,15.38,0.00,0.65,63.98,0.14
250,2024-03-08 06:45:00,19.02,16.50,16.37,16.62,95.60,15.67,0.00,1.07,83.10,3.83
250,2024-03-08 07:00:00,19.03,16.83,16.66,16.87,95.60,15.95,0.00,1.30,95.00,21.83
250,2024-03-08 07:15:00,19.04,17.06,16.84,17.17,95.60,16.13,0.00,1.03,70.57,46.39
250,2024-03-08 07:30:00,19.04,17.30,17.09,17.32,95.70,16.40,0.00,1.30,102.40,60.32
250,2024-03-08 07:45:00,19.05,18.01,17.56,17.71,95.50,16.83,0.00,1.17,61.57,103.90
250,2024-03-08 08:00:00,19.11,18.63,18.04,18.26,94.80,17.19,0.00,2.42,95.90,145.60
250,2024-03-08 08:15:00,19.23,19.52,18.97,18.98,94.30,18.03,0.00,2.57,127.20,222.80
250,2024-03-08 08:30:00,19.41,20.17,19.57,19.62,92.20,18.27,0.00,3.36,118.30,262.90
250,2024-03-08 08:45:00,19.65,21.06,20.58,20.39,89.00,18.70,0.00,3.35,104.20,317.10
250,2024-03-08 09:00:00,19.96,21.64,21.00,21.04,86.50,18.66,0.00,3.86,117.40,250.30
250,2024-03-08 09:15:00,20.29,22.28,22.04,21.70,83.40,19.10,0.00,4.69,127.40,362.00
250,2024-03-08 09:30:00,20.64,23.63,23.26,22.76,81.20,19.86,0.00,5.03,117.40,453.90
250,2024-03-08 09:45:00,21.11,24.24,23.67,23.44,80.10,20.04,0.00,5.64,119.80,472.40
250,2024-03-08 10:00:00,21.60,24.45,23.85,23.71,78.91,19.97,0.00,7.13,124.50,391.60
250,2024-03-08 10:15:00,22.06,24.71,23.97,24.05,77.39,19.78,0.00,7.15,135.40,377.20
250,2024-03-08 10:30:00,22.44,24.88,24.67,24.23,75.00,19.95,0.00,7.63,129.40,404.50
250,2024-03-08 10:45:00,22.77,25.56,25.20,24.76,72.52,19.91,0.00,8.16,140.50,539.80
250,2024-03-08 11:00:00,23.17,26.63,25.60,25.57,67.68,19.19,0.00,8.54,144.10,776.70
250,2024-03-08 11:15:00,23.75,26.37,26.13,25.54,66.62,19.44,0.00,7.26,141.40,458.00
250,2024-03-08 11:30:00,24.27,27.29,26.50,26.31,64.86,19.36,0.00,6.59,135.70,638.20
250,2024-03-08 11:45:00,24.76,27.72,27.37,26.73,60.95,19.18,0.00,7.13,144.10,777.30
250,2024-03-08 12:00:00,25.27,27.57,26.67,26.60,61.00,18.54,0.00,7.45,145.40,544.40
250,2024-03-08 12:15:00,25.74,27.84,26.80,26.77,58.51,18.00,0.00,5.93,119.00,593.50
250,2024-03-08 12:30:00,26.10,27.61,26.84,26.90,58.06,17.91,0.00,5.08,124.20,391.20
250,2024-03-08 12:45:00,26.30,28.60,28.27,27.68,52.54,17.65,0.00,4.66,133.00,745.00
250,2024-03-08 13:00:00,26.50,28.75,27.68,27.81,56.60,18.29,0.00,5.60,159.40,502.60
250,2024-03-08 13:15:00,26.75,28.88,28.53,27.92,49.36,16.91,0.00,4.17,118.10,747.00
250,2024-03-08 13:30:00,26.94,29.84,28.82,28.42,50.33,17.48,0.00,6.27,171.00,833.00
250,2024-03-08 13:45:00,27.28,29.25,28.23,28.06,51.58,17.32,0.00,6.40,181.40,607.60
250,2024-03-08 14:00:00,27.57,29.09,28.00,28.15,51.50,17.09,0.00,5.06,146.70,422.50
250,2024-03-08 14:15:00,27.80,28.53,28.03,27.92,52.14,17.31,0.00,6.11,144.80,358.30
250,2024-03-08 14:30:00,27.88,28.62,27.92,28.04,51.15,16.91,0.00,4.53,134.40,289.00
250,2024-03-08 14:45:00,27.90,29.30,28.00,28.47,50.69,16.84,0.00,4.96,109.90,529.20
250,2024-03-08 15:00:00,28.00,29.13,28.19,28.40,49.52,16.65,0.00,5.38,129.30,448.30
250,2024-03-08 15:15:00,28.13,29.25,28.70,28.56,47.83,16.57,0.00,4.32,145.30,348.20
250,2024-03-08 15:30:00,28.19,28.95,28.39,28.41,50.60,17.17,0.00,6.69,176.70,264.50
250,2024-03-08 15:45:00,28.17,29.39,28.87,28.58,50.63,17.62,0.00,5.63,179.30,384.80
250,2024-03-08 16:00:00,28.16,29.29,28.54,28.73,47.63,16.35,0.00,4.24,164.20,295.40
250,2024-03-08 16:15:00,28.16,29.30,28.46,28.76,48.00,16.40,0.00,4.02,157.90,282.30
250,2024-03-08 16:30:00,28.13,28.94,28.33,28.60,49.68,16.82,0.00,3.83,131.90,187.40
250,2024-03-08 16:45:00,28.07,28.99,28.23,28.67,49.17,16.57,0.00,2.68,147.00,152.00
250,2024-03-08 17:00:00,27.93,28.42,27.15,28.05,63.64,19.67,0.00,5.56,87.20,209.90
250,2024-03-08 17:15:00,27.80,26.94,26.02,26.49,69.87,20.10,0.00,9.44,67.59,174.60
250,2024-03-08 17:30:00,27.67,26.13,25.51,25.98,72.11,20.12,0.00,8.17,84.00,61.55
250,2024-03-08 17:45:00,27.46,25.85,25.40,25.71,73.24,20.27,0.00,6.00,81.50,61.52
250,2024-03-08 18:00:00,27.22,25.56,24.93,25.42,75.37,20.28,0.00,6.13,80.40,45.40
250,2024-03-08 18:15:00,26.98,25.18,24.74,25.12,75.88,20.20,0.00,7.29,91.50,29.33
250,2024-03-08 18:30:00,26.74,24.96,24.49,24.96,75.99,19.98,0.00,6.97,94.80,12.43
250,2024-03-08 18:45:00,26.48,24.53,24.07,24.60,77.56,19.91,0.00,6.14,94.30,1.26
250,2024-03-08 19:00:00,26.22,24.21,23.79,24.27,78.96,19.92,0.00,4.47,99.50,0.14
250,2024-03-08 19:15:00,25.96,23.97,23.67,24.02,79.95,20.01,0.00,5.79,95.60,0.09
250,2024-03-08 19:30:00,25.74,23.82,23.40,23.86,80.90,19.94,0.00,6.31,104.40,0.09
250,2024-03-08 19:45:00,25.50,23.57,23.23,23.64,81.90,19.97,0.00,5.97,99.50,0.09
250,2024-03-08 20:00:00,25.29,23.39,22.99,23.42,82.90,19.93,0.00,5.38,102.00,0.09
250,2024-03-08 20:15:00,25.10,23.19,22.83,23.24,83.60,19.91,0.00,4.64,106.10,0.09
250,2024-03-08 20:30:00,24.90,23.01,22.67,23.06,84.70,19.96,0.00,3.79,114.00,0.08
250,2024-03-08 20:45:00,24.74,22.96,22.66,23.00,85.10,20.03,0.00,4.44,124.50,0.09
250,2024-03-08 21:00:00,24.57,22.86,22.49,22.92,85.80,20.00,0.00,3.65,124.90,0.09
250,2024-03-08 21:15:00,24.42,22.70,22.41,22.78,86.60,20.07,0.00,3.90,122.00,0.09
250,2024-03-08 21:30:00,24.27,22.67,22.39,22.68,87.20,20.16,0.00,4.53,143.20,0.09
250,2024-03-08 21:45:00,24.13,22.80,22.48,22.75,87.30,20.27,0.00,3.94,145.20,0.08
250,2024-03-08 22:00:00,24.03,22.81,22.45,22.75,87.50,20.27,0.00,3.70,142.30,0.09
250,2024-03-08 22:15:00,23.94,22.76,22.48,22.74,87.90,20.38,0.00,3.36,131.90,0.09
250,2024-03-08 22:30:00,23.86,22.72,22.38,22.70,88.40,20.37,0.00,4.11,145.00,0.09
250,2024-03-08 22:45:00,23.77,22.74,22.39,22.68,88.70,20.43,0.00,5.07,153.10,0.09
250,2024-03-08 23:00:00,23.70,22.68,22.34,22.63,89.10,20.46,0.00,3.27,136.80,0.09
250,2024-03-08 23:15:00,23.63,22.66,22.31,22.61,89.50,20.50,0.00,3.37,139.90,0.09
250,2024-03-08 23:30:00,23.56,22.65,22.31,22.60,89.70,20.54,0.00,3.51,147.10,0.09
250,2024-03-08 23:45:00,23.51,22.60,22.24,22.57,90.00,20.52,0.00,3.41,157.80,0.09
250,2024-03-09 00:00:00,23.45,22.44,22.12,22.46,90.50,20.49,0.00,3.49,164.20,0.09
250,2024-03-09 00:15:00,23.39,22.28,21.95,22.32,91.00,20.41,0.00,3.57,158.50,0.09
250,2024-03-09 00:30:00,23.31,22.12,21.80,22.15,91.40,20.34,0.00,3.91,153.00,0.08
250,2024-03-09 00:45:00,23.21,21.84,21.67,21.98,92.10,20.33,0.00,2.56,137.90,0.09
250,2024-03-09 01:00:00,23.12,21.85,21.61,21.93,92.40,20.33,0.00,2.36,155.70,0.09
250,2024-03-09 01:15:00,23.03,21.76,21.46,21.85,92.70,20.23,0.00,2.67,150.00,0.09
250,2024-03-09 01:30:00,22.94,21.74,21.50,21.78,93.00,20.32,0.00,3.48,146.50,0.09
250,2024-03-09 01:45:00,22.86,21.85,21.61,21.82,93.40,20.50,0.00,5.15,156.40,0.08
250,2024-03-09 02:00:00,22.80,21.98,21.60,21.95,93.30,20.47,0.00,4.42,159.00,0.09
250,2024-03-09 02:15:00,22.76,21.90,21.54,21.87,93.40,20.43,0.00,4.45,148.80,0.09
250,2024-03-09 02:30:00,22.72,21.84,21.54,21.81,93.60,20.46,0.00,3.59,156.80,0.09
250,2024-03-09 02:45:00,22.69,21.85,21.56,21.83,93.70,20.50,0.00,3.18,162.30,0.09
250,2024-03-09 03:00:00,22.64,21.64,21.31,21.77,93.80,20.27,0.00,3.69,178.80,0.09
250,2024-03-09 03:15:00,22.58,21.50,21.33,21.69,94.00,20.33,0.00,3.22,164.30,0.09
250,2024-03-09 03:30:00,22.50,21.64,21.40,21.71,94.00,20.39,0.00,3.36,159.50,0.09
250,2024-03-09 03:45:00,22.43,21.58,21.37,21.66,94.10,20.38,0.00,3.51,159.20,0.09
250,2024-03-09 04:00:00,22.36,21.56,21.27,21.61,94.10,20.28,0.00,3.80,153.90,0.09
250,2024-03-09 04:15:00,22.29,21.46,21.18,21.50,94.20,20.21,0.00,2.93,149.30,0.09
250,2024-03-09 04:30:00,22.22,21.38,21.13,21.44,94.30,20.18,0.00,3.10,153.40,0.08
250,2024-03-09 04:45:00,22.15,21.29,21.06,21.36,94.60,20.16,0.00,3.27,158.30,0.09
250,2024-03-09 05:00:00,22.08,21.27,20.98,21.32,94.50,20.06,0.00,3.42,164.70,0.09
250,2024-03-09 05:15:00,22.03,21.29,21.09,21.43,94.80,20.22,0.00,5.45,180.10,0.08
250,2024-03-09 05:30:00,21.98,21.40,21.19,21.59,94.80,20.32,0.00,5.52,188.80,0.09
250,2024-03-09 05:45:00,21.93,21.50,21.16,21.67,94.60,20.26,0.00,5.44,185.30,0.09
250,2024-03-09 06:00:00,21.88,21.75,21.57,21.89,94.70,20.68,0.00,7.19,187.90,0.09
250,2024-03-09 06:15:00,21.86,22.04,21.65,22.15,94.30,20.69,0.00,7.44,187.70,0.09
250,2024-03-09 06:30:00,21.83,22.03,21.64,22.16,94.00,20.63,0.00,6.28,185.60,0.12
250,2024-03-09 06:45:00,21.82,21.91,21.54,22.17,93.80,20.50,0.00,5.34,191.20,1.34
250,2024-03-09 07:00:00,21.79,22.01,21.71,22.17,93.90,20.69,0.00,5.80,177.20,7.34
250,2024-03-09 07:15:00,21.77,22.14,21.84,22.21,93.50,20.74,0.00,6.15,175.70,19.48
250,2024-03-09 07:30:00,21.76,22.35,22.04,22.39,93.10,20.87,0.00,6.00,184.20,38.84
250,2024-03-09 07:45:00,21.77,22.61,22.41,22.60,92.70,21.17,0.00,6.88,184.90,80.70
250,2024-03-09 08:00:00,21.82,23.09,22.77,22.90,91.60,21.33,0.00,7.15,183.10,117.40
250,2024-03-09 08:15:00,21.91,23.56,23.20,23.22,89.80,21.43,0.00,7.76,183.50,192.50
250,2024-03-09 08:30:00,22.05,23.80,23.65,23.46,88.80,21.69,0.00,8.53,188.10,187.50
250,2024-03-09 08:45:00,22.21,24.27,24.01,23.81,87.10,21.73,0.00,9.52,197.00,243.30
250,2024-03-09 09:00:00,22.42,24.89,24.69,24.27,84.50,21.90,0.00,10.14,190.40,343.90
250,2024-03-09 09:15:00,22.69,25.49,25.13,24.71,82.60,21.96,0.00,10.07,196.10,350.20
250,2024-03-09 09:30:00,23.03,26.07,25.52,25.14,79.19,21.65,0.00,10.99,202.40,411.50
250,2024-03-09 09:45:00,23.41,26.37,26.09,25.43,78.95,22.16,0.00,11.71,205.70,410.30
250,2024-03-09 10:00:00,23.79,26.81,26.27,25.83,77.25,21.97,0.00,13.00,208.20,438.10
250,2024-03-09 10:15:00,24.18,27.47,26.79,26.27,75.07,22.01,0.00,14.42,206.40,572.80
250,2024-03-09 10:30:00,24.62,27.88,27.63,26.72,73.07,22.37,0.00,14.29,209.20,559.90
250,2024-03-09 10:45:00,25.07,28.07,27.73,26.96,72.36,22.31,0.00,15.02,216.20,498.50
250,2024-03-09 11:00:00,25.48,27.96,26.87,27.03,73.27,21.69,0.00,15.04,202.90,352.70
250,2024-03-09 11:15:00,25.80,27.98,27.12,26.98,71.87,21.61,0.00,13.53,206.20,451.90
250,2024-03-09 11:30:00,26.03,27.94,27.21,27.17,72.79,21.91,0.00,11.11,204.30,279.80
250,2024-03-09 11:45:00,26.21,27.90,27.28,27.32,71.38,21.65,0.00,11.26,207.40,246.10
250,2024-03-09 12:00:00,26.27,27.85,27.40,27.44,70.80,21.64,0.00,11.77,214.40,198.70
250,2024-03-09 12:15:00,26.30,28.41,27.68,27.93,69.11,21.51,0.00,15.97,226.30,259.70
250,2024-03-09 12:30:00,26.34,28.63,28.37,28.05,66.79,21.61,0.00,15.44,237.60,357.80
250,2024-03-09 12:45:00,26.37,29.42,29.44,28.56,63.32,21.75,0.00,16.41,241.10,486.40
250,2024-03-09 13:00:00,26.51,30.65,29.58,29.29,57.86,20.42,0.00,19.15,230.60,740.30
250,2024-03-09 13:15:00,26.80,30.14,29.32,29.16,59.04,20.50,0.00,20.14,242.10,437.90
250,2024-03-09 13:30:00,27.07,29.79,29.29,29.05,59.89,20.70,0.00,20.04,240.20,412.10
250,2024-03-09 13:45:00,27.20,30.20,29.79,29.16,60.20,21.26,0.00,20.81,231.90,625.00
250,2024-03-09 14:00:00,27.36,30.39,29.33,29.26,60.78,20.98,0.00,20.90,236.50,526.60
250,2024-03-09 14:15:00,27.57,30.11,29.52,28.90,62.38,21.58,0.00,22.50,238.50,639.80
250,2024-03-09 14:30:00,27.78,29.93,28.98,28.83,63.13,21.27,0.00,24.46,222.40,591.50
250,2024-03-09 14:45:00,28.00,30.12,29.09,28.85,62.58,21.23,0.00,23.48,225.70,664.30
250,2024-03-09 15:00:00,28.23,30.03,29.48,28.80,63.76,21.90,0.00,20.23,232.60,547.60
250,2024-03-09 15:15:00,28.45,29.36,28.34,28.48,66.26,21.45,0.00,19.50,233.80,405.30
250,2024-03-09 15:30:00,28.60,28.86,27.89,28.15,67.87,21.41,0.00,20.50,230.40,318.60
250,2024-03-09 15:45:00,28.61,28.38,27.73,27.78,69.66,21.69,0.00,19.26,241.90,256.30
250,2024-03-09 16:00:00,28.53,28.62,27.92,27.87,68.85,21.68,0.00,17.08,240.40,309.30
250,2024-03-09 16:15:00,28.46,27.79,27.20,27.41,70.75,21.43,0.00,17.72,242.00,134.90
250,2024-03-09 16:30:00,28.34,27.62,27.11,27.31,70.77,21.35,0.00,16.26,236.80,145.00
250,2024-03-09 16:45:00,28.17,27.52,26.97,27.24,70.81,21.23,0.00,17.49,231.50,139.30
250,2024-03-09 17:00:00,28.01,27.28,26.64,27.09,71.70,21.11,0.00,15.09,227.80,92.00
250,2024-03-09 17:15:00,27.82,26.97,26.49,26.83,73.07,21.28,0.00,15.23,236.30,72.44
250,2024-03-09 17:30:00,27.64,26.79,26.30,26.68,74.05,21.31,0.00,16.21,226.30,60.37
250,2024-03-09 17:45:00,27.44,26.50,26.00,26.43,75.65,21.37,0.00,17.80,225.30,40.25
250,2024-03-09 18:00:00,27.25,26.28,25.84,26.26,76.95,21.49,0.00,15.04,227.20,24.67
250,2024-03-09 18:15:00,27.06,26.15,25.76,26.15,77.69,21.57,0.00,14.49,235.30,6.01
250,2024-03-09 18:30:00,26.88,25.92,25.46,25.94,79.00,21.55,0.00,12.07,234.60,1.68
250,2024-03-09 18:45:00,26.69,25.71,25.37,25.76,79.33,21.54,0.00,12.50,230.50,0.32
250,2024-03-09 19:00:00,26.51,25.68,25.30,25.71,79.65,21.53,0.00,12.51,231.80,0.09
250,2024-03-09 19:15:00,26.35,25.59,25.23,25.64,80.10,21.56,0.00,13.90,231.10,0.09
250,2024-03-09 19:30:00,26.20,25.50,25.11,25.54,80.90,21.60,0.00,13.55,226.80,0.09
250,2024-03-09 19:45:00,26.07,25.45,25.09,25.48,81.00,21.60,0.00,13.59,219.70,0.09
250,2024-03-09 20:00:00,25.94,25.37,25.00,25.38,81.70,21.66,0.00,12.29,223.40,0.09
250,2024-03-09 20:15:00,25.84,25.31,24.93,25.31,82.40,21.73,0.00,11.69,222.20,0.09
250,2024-03-09 20:30:00,25.73,25.26,24.90,25.27,82.70,21.76,0.00,11.71,222.00,0.09
250,2024-03-09 20:45:00,25.64,24.76,24.23,24.93,86.70,21.87,0.01,12.73,218.00,0.09
250,2024-03-09 21:00:00,25.53,24.27,23.89,24.45,88.30,21.84,0.00,11.89,225.20,0.09
250,2024-03-09 21:15:00,25.36,23.95,23.60,24.06,89.90,21.85,0.01,11.49,214.30,0.09
250,2024-03-09 21:30:00,25.19,23.99,23.72,24.10,89.80,21.95,0.00,12.42,228.50,0.09
250,2024-03-09 21:45:00,25.03,23.86,23.56,23.92,91.10,22.02,0.04,9.81,232.00,0.09
250,2024-03-09 22:00:00,24.89,23.70,23.41,23.72,91.90,22.02,0.06,8.42,235.80,0.09
250,2024-03-09 22:15:00,24.76,23.65,23.33,23.63,92.20,21.99,0.01,6.98,234.50,0.09
250,2024-03-09 22:30:00,24.63,23.57,23.28,23.57,92.70,22.03,0.00,8.14,216.00,0.09
250,2024-03-09 22:45:00,24.52,23.56,23.24,23.55,92.90,22.03,0.00,6.60,236.10,0.10
250,2024-03-09 23:00:00,24.43,23.49,23.05,23.46,92.80,21.82,0.00,3.99,269.50,0.09
250,2024-03-09 23:15:00,24.37,23.17,22.75,23.14,92.20,21.42,0.01,11.44,260.00,0.09
250,2024-03-09 23:30:00,24.28,22.58,21.98,22.60,91.30,20.50,0.00,11.95,250.80,0.10
250,2024-03-09 23:45:00,24.16,22.03,21.57,22.01,91.40,20.11,0.00,11.55,249.20,0.09
250,2024-03-10 00:00:00,24.00,21.72,21.39,21.73,91.50,19.95,0.00,10.91,256.20,0.09
250,2024-03-10 00:15:00,23.83,21.63,21.34,21.63,91.80,19.95,0.00,7.99,256.10,0.09
250,2024-03-10 00:30:00,23.69,21.69,21.37,21.65,92.10,20.03,0.00,7.77,263.20,0.09
250,2024-03-10 00:45:00,23.56,21.70,21.40,21.66,92.30,20.10,0.00,9.92,273.50,0.09
250,2024-03-10 01:00:00,23.46,21.63,21.29,21.59,92.70,20.06,0.00,8.72,276.30,0.09
250,2024-03-10 01:15:00,23.37,21.53,21.25,21.49,93.00,20.07,0.00,7.27,275.60,0.09
250,2024-03-10 01:30:00,23.30,21.53,21.25,21.47,92.90,20.06,0.00,5.97,282.70,0.09
250,2024-03-10 01:45:00,23.22,21.51,21.20,21.44,92.90,20.01,0.00,5.39,282.60,0.09
250,2024-03-10 02:00:00,23.16,21.53,21.14,21.43,92.90,19.95,0.00,5.46,305.10,0.09
250,2024-03-10 02:15:00,23.09,21.50,21.10,21.42,92.50,19.84,0.00,5.29,303.60,0.09
250,2024-03-10 02:30:00,23.03,21.43,20.96,21.34,91.90,19.59,0.00,5.99,312.50,0.10
250,2024-03-10 02:45:00,22.96,21.09,20.37,21.00,89.40,18.57,0.00,9.45,325.30,0.09
250,2024-03-10 03:00:00,22.87,20.48,20.01,20.46,85.40,17.49,0.00,7.95,330.10,0.10
250,2024-03-10 03:15:00,22.72,20.07,19.56,20.05,87.00,17.34,0.00,7.39,319.60,0.08
250,2024-03-10 03:30:00,22.54,19.49,19.01,19.45,86.70,16.74,0.00,8.00,317.00,0.09
250,2024-03-10 03:45:00,22.36,19.09,18.64,19.07,87.40,16.51,0.00,7.95,322.50,0.08
250,2024-03-10 04:00:00,22.17,18.75,18.37,18.79,87.50,16.26,0.00,6.68,319.40,0.09
250,2024-03-10 04:15:00,21.95,18.51,18.18,18.55,88.20,16.20,0.00,6.61,320.90,0.09
250,2024-03-10 04:30:00,21.75,18.41,18.04,18.43,87.80,15.99,0.00,6.48,320.40,0.09
250,2024-03-10 04:45:00,21.55,18.12,17.72,18.18,88.30,15.76,0.00,4.66,316.40,0.09
250,2024-03-10 05:00:00,21.36,17.82,17.49,17.90,88.80,15.62,0.00,6.04,313.50,0.09
250,2024-03-10 05:15:00,21.17,17.56,17.24,17.65,88.50,15.32,0.00,6.02,314.10,0.09
250,2024-03-10 05:30:00,20.99,17.34,17.04,17.44,88.50,15.13,0.00,5.58,315.50,0.09
250,2024-03-10 05:45:00,20.81,17.18,16.85,17.26,88.30,14.90,0.00,5.80,311.90,0.09
250,2024-03-10 06:00:00,20.63,16.92,16.56,17.04,88.60,14.67,0.00,4.98,314.60,0.09
250,2024-03-10 06:15:00,20.45,16.63,16.37,16.80,89.10,14.57,0.00,4.63,317.10,0.09
250,2024-03-10 06:30:00,20.28,16.65,16.40,16.73,89.00,14.58,0.00,5.54,317.60,0.16
250,2024-03-10 06:45:00,20.12,16.53,16.24,16.59,88.80,14.39,0.00,6.54,318.60,1.63
250,2024-03-10 07:00:00,19.96,16.39,16.12,16.46,88.70,14.26,0.00,6.55,320.30,14.94
250,2024-03-10 07:15:00,19.82,16.37,16.09,16.38,88.80,14.24,0.00,11.84,324.00,37.67
250,2024-03-10 07:30:00,19.70,16.44,16.08,16.39,88.10,14.11,0.00,6.79,321.80,35.78
250,2024-03-10 07:45:00,19.61,16.46,16.20,16.35,87.50,14.12,0.00,6.03,322.60,86.60
250,2024-03-10 08:00:00,19.55,16.96,16.60,16.61,85.90,14.23,0.00,6.57,320.90,171.50
250,2024-03-10 08:15:00,19.57,17.04,16.66,16.65,85.10,14.15,0.00,7.94,322.70,191.30
250,2024-03-10 08:30:00,19.63,17.19,16.68,16.74,83.30,13.84,0.00,9.46,322.60,235.20
250,2024-03-10 08:45:00,19.73,17.55,17.14,17.03,81.10,13.87,0.00,7.97,329.20,314.10
250,2024-03-10 09:00:00,19.86,18.07,17.46,17.34,78.64,13.71,0.00,7.74,327.00,370.50
250,2024-03-10 09:15:00,20.08,18.36,17.67,17.56,75.51,13.29,0.00,7.10,320.90,418.20
250,2024-03-10 09:30:00,20.35,18.57,18.08,17.76,74.00,13.38,0.00,8.85,329.60,459.60
250,2024-03-10 09:45:00,20.62,18.77,18.06,17.91,73.27,13.21,0.00,8.34,329.60,453.40
250,2024-03-10 10:00:00,20.89,19.34,18.72,18.39,72.32,13.64,0.00,6.93,310.50,542.90
250,2024-03-10 10:15:00,21.19,19.69,18.88,18.64,68.53,12.97,0.00,7.25,330.70,589.50
250,2024-03-10 10:30:00,21.54,19.95,19.29,18.78,67.79,13.20,0.00,7.21,339.20,638.70
250,2024-03-10 10:45:00,21.92,20.12,19.39,18.85,69.26,13.62,0.00,7.49,342.70,677.30
250,2024-03-10 11:00:00,22.33,20.74,19.29,19.35,65.63,12.70,0.00,6.42,344.80,637.40
250,2024-03-10 11:15:00,22.72,20.70,20.18,19.48,67.38,13.95,0.00,7.46,349.40,679.20
250,2024-03-10 11:30:00,23.06,21.20,20.04,19.86,63.99,13.03,0.00,6.85,353.50,726.70
250,2024-03-10 11:45:00,23.42,21.62,20.85,20.15,62.65,13.47,0.00,6.58,346.50,776.70
250,2024-03-10 12:00:00,23.82,21.77,20.62,20.40,63.61,13.48,0.00,7.06,341.40,684.20
250,2024-03-10 12:15:00,24.15,22.11,21.39,20.73,52.62,11.32,0.00,5.99,331.90,777.70
250,2024-03-10 12:30:00,24.43,22.44,21.54,20.99,55.79,12.34,0.00,8.36,339.90,804.00
250,2024-03-10 12:45:00,24.69,22.43,21.19,21.07,53.74,11.45,0.00,7.25,332.20,724.70
250,2024-03-10 13:00:00,24.87,22.58,21.49,21.20,53.65,11.70,0.00,6.41,348.60,762.40
250,2024-03-10 13:15:00,24.97,22.92,21.88,21.56,51.45,11.43,0.00,6.99,332.90,739.00
250,2024-03-10 13:30:00,25.07,23.16,22.42,21.77,52.11,12.12,0.00,7.55,335.70,707.90
250,2024-03-10 13:45:00,25.19,23.59,22.55,22.06,48.35,11.11,0.00,8.20,329.50,825.00
250,2024-03-10 14:00:00,25.36,23.34,22.55,21.95,48.96,11.30,0.00,7.24,328.20,706.20
250,2024-03-10 14:15:00,25.55,23.66,22.66,22.30,44.84,10.08,0.00,18.57,324.10,648.20
250,2024-03-10 14:30:00,25.74,22.99,21.87,22.00,48.36,10.49,0.00,7.41,333.50,435.70
250,2024-03-10 14:45:00,25.84,22.74,21.91,21.87,48.88,10.69,0.00,6.07,325.40,351.40
250,2024-03-10 15:00:00,25.83,22.31,21.61,21.74,47.97,10.13,0.00,5.90,303.60,249.70
250,2024-03-10 15:15:00,25.71,22.69,22.38,21.87,45.66,10.09,0.00,6.75,308.40,480.50
250,2024-03-10 15:30:00,25.62,21.96,21.05,21.31,48.32,9.73,0.00,9.16,336.30,235.00
250,2024-03-10 15:45:00,25.52,21.58,21.05,21.03,48.78,9.87,0.00,7.41,330.50,262.80
250,2024-03-10 16:00:00,25.34,22.16,21.27,21.25,45.44,9.01,0.00,7.18,315.60,391.00
250,2024-03-10 16:15:00,25.23,21.82,20.80,21.09,46.25,8.85,0.00,6.63,322.70,253.90
250,2024-03-10 16:30:00,25.13,21.40,20.82,20.95,49.07,9.74,0.00,5.14,310.60,172.40
250,2024-03-10 16:45:00,24.95,21.30,20.75,20.84,52.40,10.66,0.00,5.69,304.60,173.70
250,2024-03-10 17:00:00,24.75,21.13,20.60,20.68,51.63,10.30,0.00,6.02,286.30,177.90
250,2024-03-10 17:15:00,24.55,21.34,20.58,20.83,51.22,10.16,0.00,5.77,279.70,169.40
250,2024-03-10 17:30:00,24.37,21.89,21.23,21.18,45.37,8.95,0.00,6.19,279.30,257.50
250,2024-03-10 17:45:00,24.23,21.37,20.85,21.02,47.71,9.35,0.00,5.37,288.00,131.20
250,2024-03-10 18:00:00,24.07,20.84,20.20,20.77,51.11,9.78,0.00,4.51,287.80,75.08
250,2024-03-10 18:15:00,23.83,20.20,19.73,20.36,50.41,9.14,0.00,3.44,304.30,37.12
250,2024-03-10 18:30:00,23.57,19.13,18.85,19.81,50.92,8.48,0.00,3.16,293.30,9.75
250,2024-03-10 18:45:00,23.27,18.19,18.24,19.34,51.99,8.22,0.00,2.58,293.00,1.47
250,2024-03-10 19:00:00,22.96,17.37,17.59,18.88,53.67,8.09,0.00,2.68,292.00,0.18
250,2024-03-10 19:15:00,22.66,16.77,17.61,18.53,52.43,7.76,0.00,2.94,300.10,0.09
250,2024-03-10 19:30:00,22.36,17.97,18.08,18.54,49.45,7.34,0.00,4.33,316.40,0.09
250,2024-03-10 19:45:00,22.08,18.28,18.07,18.57,50.89,7.75,0.00,5.64,323.60,0.09
250,2024-03-10 20:00:00,21.81,18.07,17.75,18.35,52.61,7.94,0.00,5.85,330.50,0.09
250,2024-03-10 20:15:00,21.56,17.85,17.52,18.11,55.31,8.47,0.00,5.70,334.90,0.09
250,2024-03-10 20:30:00,21.31,17.19,17.00,17.72,58.04,8.69,0.00,3.08,328.90,0.09
250,2024-03-10 20:45:00,21.07,16.62,16.63,17.37,58.51,8.47,0.00,3.16,324.60,0.09
250,2024-03-10 21:00:00,20.84,15.76,15.90,17.02,60.38,8.24,0.00,3.21,305.60,0.09
250,2024-03-10 21:15:00,20.60,16.57,16.60,17.07,56.87,8.02,0.00,5.59,324.20,0.09
250,2024-03-10 21:30:00,20.37,15.54,15.01,16.59,61.37,7.64,0.00,2.89,297.90,0.09
250,2024-03-10 21:45:00,20.17,13.00,13.58,15.73,67.28,7.63,0.00,3.34,279.60,0.09
250,2024-03-10 22:00:00,19.94,12.58,14.12,15.37,64.14,7.45,0.00,2.15,308.60,0.09
250,2024-03-10 22:15:00,19.72,14.24,15.44,15.63,58.96,7.46,0.00,4.09,321.70,0.09
250,2024-03-10 22:30:00,19.52,15.58,15.58,15.99,56.60,7.00,0.00,5.35,326.30,0.09
250,2024-03-10 22:45:00,19.33,15.28,15.13,15.74,57.17,6.72,0.00,3.23,315.70,0.09
250,2024-03-10 23:00:00,19.14,14.17,14.19,15.30,59.73,6.47,0.00,2.43,302.30,0.09
250,2024-03-11 00:15:00,18.95,12.62,13.62,14.88,61.10,6.27,0.00,2.47,296.70,0.09
250,2024-03-11 00:30:00,18.77,12.41,13.23,14.59,60.97,5.87,0.00,2.36,295.40,0.09
250,2024-03-11 00:45:00,18.57,11.37,12.32,13.97,66.08,6.17,0.00,2.49,282.00,0.09
250,2024-03-11 01:00:00,18.36,10.24,10.68,13.37,76.75,6.77,0.00,3.33,259.30,0.09
250,2024-03-11 01:15:00,18.17,10.04,10.21,12.92,80.10,6.93,0.00,2.63,270.30,0.09
250,2024-03-11 01:30:00,17.98,10.05,10.34,12.75,76.18,6.33,0.00,1.31,290.90,0.09
250,2024-03-11 01:45:00,17.81,9.80,10.13,11.98,77.07,6.29,0.00,1.01,289.70,0.09
250,2024-03-11 02:00:00,17.65,9.74,9.94,11.95,80.20,6.69,0.00,2.06,267.30,0.09
250,2024-03-11 02:15:00,17.49,9.52,9.84,11.78,78.19,6.22,0.00,1.97,281.30,0.09
250,2024-03-11 02:30:00,17.33,9.28,9.80,11.58,78.67,6.27,0.00,1.58,293.80,0.09
250,2024-03-11 02:45:00,17.18,9.33,10.00,11.99,76.50,6.06,0.00,2.03,301.90,0.09
250,2024-03-11 03:00:00,17.03,9.93,11.18,12.20,72.90,6.50,0.00,3.11,323.20,0.09
250,2024-03-11 03:15:00,16.88,12.30,12.85,13.41,63.67,6.14,0.00,6.24,346.10,0.09
250,2024-03-11 03:30:00,16.74,12.96,12.99,13.59,61.88,5.86,0.00,6.24,347.40,0.09
250,2024-03-11 03:45:00,16.62,12.92,12.95,13.53,62.02,5.85,0.00,5.66,348.30,0.09
250,2024-03-11 04:00:00,16.50,13.11,13.27,13.69,59.41,5.53,0.00,5.78,358.10,0.09
250,2024-03-11 04:15:00,16.39,13.46,13.37,13.90,53.73,4.18,0.00,8.06,1.33,0.09
250,2024-03-11 04:30:00,16.30,13.38,13.09,13.78,54.52,4.13,0.00,6.92,5.88,0.09
250,2024-03-11 04:45:00,16.20,13.15,13.16,13.59,51.98,3.52,0.00,6.53,7.06,0.09
250,2024-03-11 05:00:00,16.10,12.95,12.78,13.39,53.86,3.67,0.00,5.48,7.25,0.09
250,2024-03-11 05:15:00,16.00,12.82,12.80,13.27,51.81,3.14,0.00,5.78,8.28,0.09
250,2024-03-11 05:30:00,15.89,12.65,12.66,13.10,51.85,3.02,0.00,4.99,9.96,0.09
250,2024-03-11 05:45:00,15.79,12.59,12.34,13.02,54.07,3.32,0.00,4.94,19.57,0.09
250,2024-03-11 06:00:00,15.69,12.23,12.06,12.68,54.96,3.29,0.00,4.38,25.12,0.09
250,2024-03-11 06:15:00,15.59,11.97,11.85,12.33,54.79,3.05,0.00,4.55,22.36,0.09
250,2024-03-11 06:30:00,15.47,11.60,11.47,12.04,57.56,3.39,0.00,4.30,17.93,0.09
250,2024-03-11 06:45:00,15.36,11.34,11.43,11.82,57.29,3.28,0.00,4.55,16.08,0.09
250,2024-03-11 07:00:00,15.25,11.32,11.34,11.75,55.76,2.82,0.00,3.82,17.72,0.09
250,2024-03-11 07:15:00,15.15,11.25,11.27,11.65,54.87,2.53,0.00,4.12,21.90,0.09
250,2024-03-11 07:30:00,15.05,11.21,11.15,11.58,55.71,2.63,0.00,4.40,20.04,0.32
250,2024-03-11 07:45:00,14.95,11.14,11.13,11.47,55.95,2.67,0.00,4.55,20.30,2.62
250,2024-03-11 08:00:00,14.85,11.22,11.13,11.49,54.48,2.30,0.00,4.93,18.53,11.08
250,2024-03-11 08:15:00,14.78,11.29,11.19,11.45,55.50,2.61,0.00,5.16,18.45,33.97
250,2024-03-11 08:30:00,14.72,11.35,11.19,11.40,55.99,2.74,0.00,5.80,19.15,70.13
250,2024-03-11 08:45:00,14.70,11.57,11.37,11.49,56.21,2.96,0.00,5.71,15.79,93.00
250,2024-03-11 09:00:00,14.71,12.10,11.97,11.74,54.11,2.98,0.00,5.84,15.81,179.30
250,2024-03-11 09:15:00,14.79,12.44,12.08,12.01,49.56,1.85,0.00,5.92,21.90,201.80
250,2024-03-11 09:30:00,14.93,12.58,12.21,12.13,47.93,1.50,0.00,7.56,32.32,238.00
250,2024-03-11 09:45:00,15.10,13.02,12.70,12.37,47.87,1.93,0.00,6.85,25.88,289.60
250,2024-03-11 10:00:00,15.32,12.89,12.52,12.33,46.72,1.43,0.00,7.78,39.54,291.80
250,2024-03-11 10:15:00,15.55,13.46,13.09,12.67,47.00,2.03,0.00,7.22,33.83,417.40
250,2024-03-11 10:30:00,15.83,13.92,13.74,13.03,44.26,1.79,0.00,7.33,36.38,426.40
250,2024-03-11 10:45:00,16.18,15.04,14.52,13.91,42.71,2.00,0.00,6.02,33.49,530.60
250,2024-03-11 11:00:00,16.63,15.06,14.72,13.98,44.32,2.70,0.00,8.34,51.73,544.00
250,2024-03-11 11:15:00,17.10,15.73,15.13,14.47,40.81,1.91,0.00,7.36,56.22,569.40
250,2024-03-11 11:30:00,17.58,16.02,15.57,14.82,42.03,2.72,0.00,6.88,43.81,603.40
250,2024-03-11 11:45:00,18.06,16.26,15.37,15.00,41.86,2.48,0.00,8.67,64.27,644.10
250,2024-03-11 12:00:00,18.57,16.91,16.47,15.48,39.77,2.75,0.00,7.19,49.92,671.00
250,2024-03-11 12:15:00,19.09,17.13,16.00,15.66,41.84,3.04,0.00,7.18,52.96,727.10
250,2024-03-11 12:30:00,19.64,17.51,16.54,16.09,41.17,3.30,0.00,7.20,72.27,800.00
250,2024-03-11 12:45:00,20.21,17.85,16.80,16.33,40.68,3.37,0.00,5.57,53.34,817.00
250,2024-03-11 13:00:00,20.79,18.63,18.06,17.08,41.13,4.66,0.00,5.89,36.18,831.00
250,2024-03-11 13:15:00,21.37,18.75,17.50,17.20,38.08,3.06,0.00,6.36,65.69,840.00
250,2024-03-11 13:30:00,21.90,19.06,18.60,17.70,38.45,4.18,0.00,4.92,38.00,808.00
250,2024-03-11 13:45:00,22.33,19.62,18.41,18.19,39.30,4.32,0.00,4.76,58.98,821.00
250,2024-03-11 14:00:00,22.67,20.19,19.64,18.86,37.49,4.74,0.00,5.93,33.04,833.00
250,2024-03-11 14:15:00,22.92,20.74,19.66,19.35,33.95,3.35,0.00,5.02,45.49,811.00
250,2024-03-11 14:30:00,23.10,21.19,20.25,19.59,35.48,4.50,0.00,5.59,33.15,830.00
250,2024-03-11 14:45:00,23.28,20.72,20.17,19.29,36.37,4.78,0.00,6.77,64.41,795.80
250,2024-03-11 15:00:00,23.47,21.07,20.23,19.64,35.01,4.29,0.00,6.67,54.21,771.70
250,2024-03-11 15:15:00,23.69,21.36,20.48,19.85,36.04,4.93,0.00,6.32,51.27,751.00
250,2024-03-11 15:30:00,23.93,21.97,20.98,20.41,34.65,4.80,0.00,4.64,24.46,741.60
250,2024-03-11 15:45:00,24.23,21.86,20.68,20.61,33.32,3.98,0.00,4.12,55.37,673.50
250,2024-03-11 16:00:00,24.54,21.87,20.55,20.60,31.28,2.97,0.00,5.28,59.17,631.60
250,2024-03-11 16:15:00,24.82,22.10,20.75,20.91,33.16,3.97,0.00,4.34,57.82,601.50
250,2024-03-11 16:30:00,25.04,22.20,21.07,21.06,32.98,4.18,0.00,5.23,42.65,528.80
250,2024-03-11 16:45:00,25.20,22.19,21.50,20.99,35.19,5.48,0.00,5.01,27.29,519.30
250,2024-03-11 17:00:00,25.30,22.63,21.33,21.25,33.92,4.81,0.00,5.21,31.42,506.70
250,2024-03-11 17:15:00,25.40,22.23,21.14,21.26,35.55,5.31,0.00,5.00,45.80,416.00
250,2024-03-11 17:30:00,25.43,22.17,21.47,21.22,34.65,5.24,0.00,4.34,18.06,371.40
250,2024-03-11 17:45:00,25.38,22.18,21.37,21.41,35.19,5.37,0.00,4.32,32.45,339.30
250,2024-03-11 18:00:00,25.30,22.15,21.20,21.37,35.46,5.33,0.00,3.60,38.38,270.50
250,2024-03-11 18:15:00,25.18,21.95,20.80,21.27,37.27,5.69,0.00,4.29,60.62,250.40
250,2024-03-11 18:30:00,25.01,21.28,20.51,20.87,37.96,5.70,0.00,4.51,70.84,147.50
250,2024-03-11 18:45:00,24.79,20.55,19.98,20.49,41.41,6.48,0.00,4.41,65.39,82.70
250,2024-03-11 19:00:00,24.49,19.92,19.49,20.01,44.35,7.04,0.00,3.49,73.11,62.30
250,2024-03-11 19:15:00,24.16,19.35,19.05,19.57,44.96,6.84,0.00,3.87,89.90,36.25
250,2024-03-11 19:30:00,23.82,18.71,18.27,19.01,47.84,7.03,0.00,4.26,86.50,15.72
250,2024-03-11 19:45:00,23.47,18.03,17.69,18.33,49.66,7.04,0.00,5.00,92.80,2.75
250,2024-03-11 20:00:00,23.11,17.32,16.98,17.66,52.20,7.12,0.00,4.61,95.40,0.35
250,2024-03-11 20:15:00,22.76,16.95,16.64,17.24,53.74,7.23,0.00,4.99,97.00,0.10
250,2024-03-11 20:30:00,22.42,16.48,16.24,16.81,54.51,7.06,0.00,4.43,96.60,0.09
250,2024-03-11 20:45:00,22.08,16.07,15.78,16.39,55.84,6.98,0.00,4.48,97.30,0.09
250,2024-03-11 21:00:00,21.78,15.75,15.52,16.02,56.68,6.96,0.00,4.33,94.30,0.09
250,2024-03-11 21:15:00,21.48,15.31,15.13,15.67,57.73,6.86,0.00,3.88,90.90,0.09
250,2024-03-11 21:30:00,21.19,15.03,14.87,15.36,60.10,7.20,0.00,3.67,101.50,0.09
250,2024-03-11 21:45:00,20.92,14.56,14.39,14.95,62.64,7.36,0.00,2.15,95.00,0.10
250,2024-03-11 22:00:00,20.66,13.93,13.85,14.51,65.26,7.44,0.00,1.49,69.39,0.09
250,2024-03-11 22:15:00,20.41,13.41,13.24,14.12,67.59,7.38,0.00,1.13,48.64,0.09
250,2024-03-11 22:30:00,20.16,12.47,12.38,13.47,71.55,7.39,0.00,1.13,27.02,0.09
250,2024-03-11 22:45:00,19.93,11.77,11.85,12.96,73.66,7.30,0.00,0.98,37.48,0.09
250,2024-03-11 23:00:00,19.69,11.70,12.20,12.88,74.66,7.84,0.00,2.20,84.80,0.09
250,2024-03-11 23:15:00,19.48,11.83,12.04,12.79,75.36,7.82,0.00,1.83,60.68,0.09
250,2024-03-11 23:30:00,19.26,11.53,11.63,12.46,77.14,7.76,0.00,1.70,62.19,0.09
250,2024-03-11 23:45:00,19.05,11.49,11.71,12.34,76.86,7.79,0.00,2.71,80.80,0.09
250,2024-03-12 00:00:00,18.86,11.58,11.57,12.14,76.21,7.53,0.00,1.66,66.88,0.09
250,2024-03-12 00:15:00,18.67,10.84,10.76,11.47,79.98,7.45,0.00,0.60,354.90,0.09
250,2024-03-12 00:30:00,18.49,10.34,10.31,10.98,82.00,7.37,0.00,0.78,348.50,0.09
250,2024-03-12 00:45:00,18.31,9.56,9.60,10.52,84.00,7.03,0.00,0.56,330.40,0.09
250,2024-03-12 01:00:00,18.13,9.25,9.49,10.01,85.90,7.25,0.00,0.65,354.30,0.09
250,2024-03-12 01:15:00,17.96,9.19,9.21,9.75,87.00,7.16,0.00,1.04,4.68,0.09
250,2024-03-12 01:30:00,17.78,8.87,8.84,9.46,88.20,7.00,0.00,0.83,351.30,0.09
250,2024-03-12 01:45:00,17.62,8.60,8.65,9.20,88.70,6.89,0.00,0.68,12.00,0.09
250,2024-03-12 02:00:00,17.45,8.20,8.40,9.07,89.50,6.77,0.00,0.62,349.20,0.09
250,2024-03-12 02:15:00,17.29,8.07,8.54,9.01,90.60,7.09,0.00,0.78,234.20,0.09
250,2024-03-12 02:30:00,17.13,8.21,8.25,8.94,90.70,6.82,0.00,0.68,214.90,0.08
250,2024-03-12 02:45:00,16.98,7.98,8.26,8.91,91.70,6.99,0.00,1.15,219.00,0.09
250,2024-03-12 03:00:00,16.83,8.08,8.23,8.82,91.90,6.99,0.00,1.98,201.20,0.09
250,2024-03-12 03:15:00,16.70,8.09,7.95,8.71,92.20,6.76,0.00,1.59,180.00,0.09
250,2024-03-12 03:30:00,16.55,7.86,7.78,8.43,92.40,6.62,0.00,0.62,187.60,0.09
250,2024-03-12 03:45:00,16.42,7.57,7.48,8.18,92.70,6.38,0.00,0.97,116.00,0.09
250,2024-03-12 04:00:00,16.28,7.43,7.35,7.96,93.10,6.31,0.00,1.68,348.30,0.08
250,2024-03-12 04:15:00,16.15,7.31,7.25,7.82,93.40,6.26,0.00,0.95,351.20,0.09
250,2024-03-12 04:30:00,16.02,6.88,7.14,7.55,93.90,6.22,0.00,0.40,247.20,0.09
250,2024-03-12 04:45:00,15.89,7.08,7.04,7.52,93.80,6.11,0.00,0.48,286.80,0.09
250,2024-03-12 05:00:00,15.77,6.90,6.96,7.28,94.10,6.07,0.00,0.42,356.40,0.09
250,2024-03-12 05:15:00,15.65,6.62,6.78,7.17,94.20,5.91,0.00,0.36,341.00,0.09
250,2024-03-12 05:30:00,15.53,6.54,6.69,7.07,94.60,5.88,0.00,0.36,264.70,0.09
250,2024-03-12 05:45:00,15.41,6.39,6.86,7.19,95.00,6.11,0.00,0.90,244.90,0.09
250,2024-03-12 06:00:00,15.29,6.59,6.63,7.20,94.70,5.84,0.00,0.39,243.50,0.09
250,2024-03-12 06:15:00,15.18,6.75,6.72,7.28,94.80,5.94,0.00,1.55,196.70,0.09
250,2024-03-12 06:30:00,15.07,6.72,6.72,7.17,95.10,5.99,0.00,0.91,328.60,0.09
250,2024-03-12 06:45:00,14.96,6.68,6.60,7.04,94.90,5.85,0.00,0.75,130.00,0.09
250,2024-03-12 07:00:00,14.87,6.55,6.60,7.06,95.10,5.88,0.00,0.66,258.90,0.09
250,2024-03-12 07:15:00,14.77,6.59,6.63,6.97,95.30,5.93,0.00,0.93,112.10,0.09
250,2024-03-12 07:30:00,14.68,6.52,6.47,7.04,95.10,5.75,0.00,0.51,230.70,0.36
250,2024-03-12 07:45:00,14.60,6.40,6.49,6.82,95.40,5.81,0.00,0.57,190.60,5.79
250,2024-03-12 08:00:00,14.51,6.75,6.87,7.23,95.60,6.22,0.00,0.80,147.10,25.98
250,2024-03-12 08:15:00,14.44,7.33,7.28,7.48,95.60,6.63,0.00,1.32,207.90,53.83
250,2024-03-12 08:30:00,14.41,8.67,8.37,8.48,95.50,7.69,0.00,0.69,147.60,97.50
250,2024-03-12 08:45:00,14.43,9.97,9.35,9.59,95.40,8.65,0.00,0.84,244.60,164.80
250,2024-03-12 09:00:00,14.51,10.84,10.08,10.55,94.90,9.30,0.00,1.12,337.10,153.80
250,2024-03-12 09:15:00,14.64,12.78,12.14,12.72,93.60,11.14,0.00,0.81,161.90,255.80
250,2024-03-12 09:30:00,14.86,14.67,13.48,13.95,88.70,11.65,0.00,1.55,118.90,304.20
250,2024-03-12 09:45:00,15.19,14.75,14.12,13.97,83.40,11.35,0.00,2.96,133.00,350.40
250,2024-03-12 10:00:00,15.59,15.66,15.33,14.79,81.30,12.15,0.00,2.60,150.30,396.80
250,2024-03-12 10:15:00,16.05,16.96,16.54,16.19,76.90,12.48,0.00,2.82,162.60,446.00
250,2024-03-12 10:30:00,16.57,18.44,17.97,17.65,71.74,12.80,0.00,2.98,141.90,492.00
250,2024-03-12 10:45:00,17.15,19.57,19.18,18.70,68.96,13.35,0.00,2.78,156.30,536.50
250,2024-03-12 11:00:00,17.76,20.43,20.00,19.43,66.21,13.51,0.00,4.21,156.10,578.70
250,2024-03-12 11:15:00,18.40,20.85,20.39,19.78,66.33,13.91,0.00,5.92,170.30,617.50
250,2024-03-12 11:30:00,19.06,21.23,20.51,20.15,63.95,13.46,0.00,4.93,172.10,654.30
250,2024-03-12 11:45:00,19.71,22.10,21.25,20.92,58.34,12.75,0.00,4.37,171.00,688.80
250,2024-03-12 12:00:00,20.38,22.43,21.54,21.25,58.03,12.94,0.00,4.25,186.60,718.20
250,2024-03-12 12:15:00,21.05,23.16,22.58,21.63,55.43,13.21,0.00,4.20,215.60,742.10
250,2024-03-12 12:30:00,21.72,23.22,22.45,21.96,49.47,11.36,0.00,4.37,171.70,766.60
250,2024-03-12 12:45:00,22.35,23.57,22.65,22.15,49.62,11.59,0.00,4.17,154.40,784.70
250,2024-03-12 13:00:00,22.95,24.18,23.38,22.98,48.51,11.92,0.00,2.77,326.80,798.10
250,2024-03-12 13:15:00,23.54,24.58,23.41,22.84,45.80,11.08,0.00,5.64,246.00,811.00
250,2024-03-12 13:30:00,24.04,24.39,23.92,23.09,44.15,10.99,0.00,3.48,249.90,789.40
250,2024-03-12 13:45:00,24.43,24.94,23.77,23.45,41.03,9.76,0.00,4.52,143.10,797.80
250,2024-03-12 14:00:00,24.76,25.08,23.57,23.71,42.08,9.95,0.00,3.82,311.60,770.60
250,2024-03-12 14:15:00,25.00,25.14,24.40,23.70,40.11,9.98,0.00,5.18,302.10,824.00
250,2024-03-12 14:30:00,25.17,25.41,24.32,24.02,40.89,10.20,0.00,4.88,265.00,789.10
250,2024-03-12 14:45:00,25.32,25.42,24.58,24.11,39.60,9.95,0.00,4.71,144.60,784.10
250,2024-03-12 15:00:00,25.51,25.74,24.87,24.74,39.98,10.35,0.00,2.73,137.50,767.30
250,2024-03-12 15:15:00,25.72,25.89,24.89,24.72,40.33,10.50,0.00,5.11,265.60,696.30
250,2024-03-12 15:30:00,26.00,26.41,25.48,25.07,35.84,9.27,0.00,4.22,185.30,694.20
250,2024-03-12 15:45:00,26.30,26.61,25.51,25.14,36.95,9.75,0.00,4.95,209.40,701.60
250,2024-03-12 16:00:00,26.61,25.96,24.97,24.86,38.45,9.86,0.00,4.68,199.40,486.10
250,2024-03-12 16:15:00,26.82,25.97,24.83,25.05,41.47,10.87,0.00,4.10,342.60,493.30
250,2024-03-12 16:30:00,26.95,26.33,25.15,24.92,40.10,10.65,0.00,4.78,14.13,597.70
250,2024-03-12 16:45:00,27.10,26.87,25.61,25.50,37.18,9.93,0.00,3.04,9.46,543.40
250,2024-03-12 17:00:00,27.28,26.73,25.72,25.73,36.12,9.59,0.00,4.26,237.90,502.70
250,2024-03-12 17:15:00,27.40,26.75,25.64,25.60,36.88,9.83,0.00,6.38,264.90,452.10
250,2024-03-12 17:30:00,27.45,26.64,25.96,25.55,35.05,9.36,0.00,6.16,279.10,402.90
250,2024-03-12 17:45:00,27.41,26.58,25.58,25.56,34.66,8.86,0.00,5.75,257.30,354.00
250,2024-03-12 18:00:00,27.36,26.53,25.62,25.78,35.50,9.25,0.00,4.53,241.50,284.10
250,2024-03-12 18:15:00,27.22,26.70,25.81,26.11,33.92,8.74,0.00,2.73,254.40,234.90
250,2024-03-12 18:30:00,27.07,26.04,24.83,25.59,36.42,8.93,0.00,5.66,271.40,179.80
250,2024-03-12 18:45:00,26.87,25.35,24.83,25.13,39.57,10.16,0.00,5.44,255.70,140.80
250,2024-03-12 19:00:00,26.61,24.91,24.15,24.77,41.04,10.10,0.00,6.52,271.80,119.30
250,2024-03-12 19:15:00,26.32,23.88,23.28,24.25,44.79,10.62,0.00,6.56,266.40,66.21
250,2024-03-12 19:30:00,26.00,22.18,21.78,23.54,49.45,10.74,0.00,6.34,256.90,27.71
250,2024-03-12 19:45:00,25.65,20.66,20.92,22.88,52.71,10.91,0.00,6.33,257.00,5.06
250,2024-03-12 20:00:00,25.27,19.62,20.21,22.18,54.42,10.73,0.00,6.15,260.60,0.48
250,2024-03-12 20:15:00,24.87,18.96,20.18,21.57,54.76,10.80,0.00,4.48,269.90,0.10
250,2024-03-12 20:30:00,24.48,17.34,18.88,21.04,60.02,10.96,0.00,4.37,260.00,0.09
250,2024-03-12 20:45:00,24.11,17.30,18.95,20.43,59.83,10.98,0.00,3.67,275.20,0.09
250,2024-03-12 21:00:00,23.77,17.77,18.68,20.08,60.78,10.96,0.00,2.69,280.40,0.09
250,2024-03-12 21:15:00,23.44,17.38,17.66,19.22,65.51,11.12,0.00,0.74,328.40,0.10
250,2024-03-12 21:30:00,23.14,17.08,17.29,18.42,66.38,10.97,0.00,0.62,357.40,0.09
250,2024-03-12 21:45:00,22.85,16.77,16.95,18.28,67.99,11.01,0.00,0.60,168.00,0.09
250,2024-03-12 22:00:00,22.59,16.03,16.21,17.78,70.59,10.86,0.00,0.67,101.00,0.09
250,2024-03-12 22:15:00,22.32,15.47,15.82,16.90,72.30,10.85,0.00,0.75,90.50,0.10
250,2024-03-12 22:30:00,22.08,14.76,15.03,16.13,75.45,10.73,0.00,0.87,62.80,0.09
250,2024-03-12 22:45:00,21.84,13.85,14.80,15.57,82.70,11.89,0.00,0.75,210.80,0.10
250,2024-03-12 23:00:00,21.61,14.07,14.53,15.65,81.20,11.35,0.00,1.01,147.60,0.10
250,2024-03-12 23:15:00,21.38,13.88,14.02,15.16,81.50,10.91,0.00,0.74,20.77,0.09
250,2024-03-12 23:30:00,21.16,13.35,13.84,14.63,82.90,10.99,0.00,0.82,94.80,0.10
250,2024-03-12 23:45:00,20.95,13.42,13.40,14.44,83.80,10.72,0.00,0.65,124.30,0.09
250,2024-03-13 00:00:00,20.76,12.97,13.07,14.20,85.10,10.63,0.00,1.50,113.10,0.09
250,2024-03-13 00:15:00,20.56,12.94,13.40,14.02,86.30,11.16,0.00,2.25,89.80,0.09
250,2024-03-13 00:30:00,20.37,12.69,12.87,14.19,86.80,10.73,0.00,0.86,77.75,0.09
250,2024-03-13 00:45:00,20.19,11.60,12.70,13.71,89.20,10.97,0.00,1.13,202.20,0.09
250,2024-03-13 01:00:00,20.01,12.13,12.56,13.62,90.00,10.96,0.00,1.33,229.00,0.09
250,2024-03-13 01:15:00,19.83,12.27,12.18,13.21,89.90,10.57,0.00,0.26,126.90,0.09
250,2024-03-13 01:30:00,19.68,11.93,12.28,12.85,90.90,10.84,0.00,0.83,182.90,0.09
250,2024-03-13 01:45:00,19.53,12.18,12.25,12.95,90.60,10.76,0.00,1.09,159.60,0.09
250,2024-03-13 02:00:00,19.39,12.00,12.11,12.80,90.90,10.67,0.00,1.09,130.00,0.09
250,2024-03-13 02:15:00,19.25,11.85,11.81,12.69,91.10,10.41,0.00,0.61,183.10,0.10
250,2024-03-13 02:30:00,19.12,11.86,11.88,12.45,91.40,10.52,0.00,0.67,336.50,0.09
250,2024-03-13 02:45:00,18.99,11.61,11.69,12.33,91.80,10.40,0.00,0.31,61.39,0.09
250,2024-03-13 03:00:00,18.87,11.39,11.61,12.48,91.90,10.34,0.00,1.14,257.10,0.09
250,2024-03-13 03:15:00,18.76,11.61,11.81,12.50,92.00,10.55,0.00,0.74,204.50,0.09
250,2024-03-13 03:30:00,18.66,12.02,12.15,12.69,92.40,10.95,0.00,1.37,232.60,0.09
250,2024-03-13 03:45:00,18.59,12.36,12.24,12.80,92.00,10.98,0.00,0.68,131.10,0.09
250,2024-03-13 04:00:00,18.53,12.52,12.38,12.73,92.10,11.13,0.00,0.59,182.60,0.09
250,2024-03-13 04:15:00,18.48,12.93,12.86,13.04,92.10,11.61,0.00,1.69,154.60,0.09
250,2024-03-13 04:30:00,18.45,13.18,12.79,13.16,91.20,11.39,0.00,0.63,43.82,0.09
250,2024-03-13 04:45:00,18.42,13.08,12.76,13.11,91.40,11.39,0.00,1.02,48.05,0.09
250,2024-03-13 05:00:00,18.40,13.04,12.70,13.02,91.20,11.30,0.00,0.22,145.00,0.09
250,2024-03-13 05:15:00,18.35,12.79,12.59,12.97,91.00,11.16,0.00,0.61,312.30,0.09
250,2024-03-13 05:30:00,18.28,12.52,12.39,12.87,91.30,11.01,0.00,0.64,324.50,0.09
250,2024-03-13 05:45:00,18.20,12.19,12.17,12.72,91.70,10.86,0.00,0.53,25.50,0.09
250,2024-03-13 06:00:00,18.11,12.05,12.08,12.47,92.10,10.84,0.00,0.60,59.83,0.09
250,2024-03-13 06:15:00,18.00,11.81,11.94,12.45,92.60,10.78,0.00,0.64,234.50,0.09
250,2024-03-13 06:30:00,17.90,11.46,11.80,12.35,93.00,10.71,0.00,0.97,195.50,0.09
250,2024-03-13 06:45:00,17.81,11.63,11.73,12.18,93.00,10.64,0.00,0.84,242.10,0.09
250,2024-03-13 07:00:00,17.71,11.18,11.39,11.96,93.60,10.40,0.00,0.95,295.50,0.09
250,2024-03-13 07:15:00,17.61,11.06,11.30,11.78,93.60,10.31,0.00,0.47,23.31,0.10
250,2024-03-13 07:30:00,17.50,11.02,11.19,11.70,93.30,10.15,0.00,0.54,274.70,0.40
250,2024-03-13 07:45:00,17.40,10.85,11.13,11.59,94.00,10.20,0.00,0.52,140.00,3.55
250,2024-03-13 08:00:00,17.30,10.80,11.15,11.66,94.90,10.36,0.00,1.03,277.20,19.82
250,2024-03-13 08:15:00,17.20,11.28,11.49,12.04,94.80,10.69,0.00,0.80,238.10,47.84
250,2024-03-13 08:30:00,17.13,13.02,12.75,13.06,94.20,11.84,0.00,0.56,192.80,111.40
250,2024-03-13 08:45:00,17.12,14.05,13.57,14.10,94.50,12.70,0.00,0.93,216.30,123.90
250,2024-03-13 09:00:00,17.17,15.98,15.34,16.08,92.20,14.08,0.00,0.53,154.80,221.90
250,2024-03-13 09:15:00,17.31,17.45,16.24,17.34,88.20,14.29,0.00,0.72,227.00,216.30
250,2024-03-13 09:30:00,17.54,17.16,16.46,17.01,86.50,14.20,0.00,1.22,198.20,184.90
250,2024-03-13 09:45:00,17.79,18.11,18.07,17.70,84.10,15.35,0.00,0.83,244.70,252.70
250,2024-03-13 10:00:00,18.07,19.37,18.75,18.87,79.82,15.20,0.00,1.07,213.80,298.40
250,2024-03-13 10:15:00,18.41,20.44,19.36,19.56,76.64,15.16,0.00,1.83,344.60,381.80
250,2024-03-13 10:30:00,18.85,20.69,20.13,19.84,75.62,15.69,0.00,2.72,352.60,481.30
250,2024-03-13 10:45:00,19.34,21.14,20.14,19.99,75.55,15.69,0.00,3.58,355.20,521.40
250,2024-03-13 11:00:00,19.89,21.41,20.23,20.10,75.94,15.85,0.00,4.60,2.34,575.80
250,2024-03-13 11:15:00,20.47,21.50,20.28,19.90,75.07,15.72,0.00,5.50,1.76,620.90
250,2024-03-13 11:30:00,21.06,21.68,20.72,20.32,72.18,15.53,0.00,3.67,14.61,537.80
250,2024-03-13 11:45:00,21.61,22.62,21.78,21.15,68.82,15.81,0.00,3.05,346.70,672.30
250,2024-03-13 12:00:00,22.17,22.91,22.16,21.57,66.95,15.74,0.00,4.07,14.07,691.80
250,2024-03-13 12:15:00,22.75,23.15,21.64,22.15,68.93,15.70,0.00,2.54,62.76,631.00
250,2024-03-13 12:30:00,23.32,23.37,22.32,22.26,67.82,16.09,0.00,3.22,107.00,667.10
250,2024-03-13 12:45:00,23.82,24.88,23.53,23.45,65.14,16.61,0.00,2.74,356.80,806.00
250,2024-03-13 13:00:00,24.37,24.85,23.05,23.49,65.77,16.31,0.00,4.27,331.90,606.80
250,2024-03-13 13:15:00,24.87,23.75,23.34,22.83,66.09,16.66,0.00,4.34,22.16,435.30
250,2024-03-13 13:30:00,25.11,25.15,24.62,23.82,61.22,16.66,0.00,3.51,8.67,803.00
250,2024-03-13 13:45:00,25.33,26.24,25.17,24.67,55.54,15.65,0.00,4.58,301.60,751.60
250,2024-03-13 14:00:00,25.67,26.70,25.48,25.08,52.60,15.09,0.00,5.52,284.10,855.00
250,2024-03-13 14:15:00,25.97,26.75,25.28,25.14,52.89,14.99,0.00,8.22,246.20,747.00
250,2024-03-13 14:30:00,26.24,26.77,25.34,25.32,51.33,14.59,0.00,6.69,247.70,612.50
250,2024-03-13 14:45:00,26.47,26.06,24.84,24.94,50.48,13.87,0.00,6.60,257.70,391.30
250,2024-03-13 15:00:00,26.60,26.02,25.13,25.00,51.39,14.41,0.00,8.41,258.00,393.00
250,2024-03-13 15:15:00,26.65,25.99,25.18,25.13,53.58,15.10,0.00,6.96,277.80,308.40
250,2024-03-13 15:30:00,26.65,25.62,24.80,24.77,51.21,14.05,0.00,10.09,268.00,266.30
250,2024-03-13 15:45:00,26.59,25.44,24.74,24.76,51.53,14.09,0.00,8.88,280.40,245.30
250,2024-03-13 16:00:00,26.49,25.29,24.56,24.69,53.61,14.54,0.00,7.95,280.20,221.20
250,2024-03-13 16:15:00,26.38,25.01,24.36,24.47,55.35,14.85,0.00,9.51,278.60,196.80
250,2024-03-13 16:30:00,26.26,24.96,24.21,24.33,56.38,14.99,0.00,10.75,268.20,212.30
250,2024-03-13 16:45:00,26.13,24.83,24.08,24.23,57.45,15.16,0.00,10.65,268.30,202.60
250,2024-03-13 17:00:00,26.00,24.32,23.58,23.90,60.74,15.56,0.00,11.51,252.10,132.40
250,2024-03-13 17:15:00,25.85,23.84,23.31,23.60,62.92,15.86,0.00,9.71,245.60,83.30
250,2024-03-13 17:30:00,25.67,23.48,22.90,23.35,65.47,16.09,0.00,9.19,236.20,69.01
250,2024-03-13 17:45:00,25.46,22.99,22.62,23.05,65.43,15.82,0.00,9.76,221.70,62.08
250,2024-03-13 18:00:00,25.24,23.51,23.07,23.15,63.94,15.88,0.00,6.02,261.20,152.90
250,2024-03-13 18:15:00,25.06,23.40,22.86,23.08,65.63,16.09,0.00,3.98,267.80,99.90
250,2024-03-13 18:30:00,24.94,23.84,23.27,23.25,63.73,16.02,0.00,6.33,263.70,198.00
250,2024-03-13 18:45:00,24.84,23.26,22.55,23.00,65.70,15.81,0.00,7.01,275.70,84.70
250,2024-03-13 19:00:00,24.74,22.98,22.28,22.84,67.99,16.09,0.00,5.95,265.00,87.30
250,2024-03-13 19:15:00,24.59,22.24,21.87,22.48,68.96,15.92,0.00,6.67,276.60,40.95
250,2024-03-13 19:30:00,24.41,21.92,21.46,22.27,70.18,15.81,0.00,4.94,279.50,29.24
250,2024-03-13 19:45:00,24.20,20.82,20.90,21.84,72.12,15.69,0.00,4.57,278.40,5.14
250,2024-03-13 20:00:00,23.98,20.00,20.39,21.45,73.79,15.56,0.00,3.26,281.50,0.62
250,2024-03-13 20:15:00,23.73,19.13,19.56,21.09,78.27,15.68,0.00,3.55,267.20,0.11
250,2024-03-13 20:30:00,23.49,18.82,19.36,20.67,78.63,15.56,0.00,3.26,270.30,0.09
250,2024-03-13 20:45:00,23.24,18.19,18.78,20.23,80.70,15.40,0.00,2.77,275.20,0.09
250,2024-03-13 21:00:00,23.00,17.77,18.16,19.74,82.60,15.15,0.00,1.92,263.00,0.09
250,2024-03-13 21:15:00,22.76,17.32,17.43,19.25,85.60,14.99,0.00,1.84,261.70,0.09
250,2024-03-13 21:30:00,22.54,17.11,17.12,18.49,86.10,14.78,0.00,1.06,26.77,0.09
250,2024-03-13 21:45:00,22.33,16.35,16.49,17.84,87.10,14.34,0.00,0.56,93.80,0.09
250,2024-03-13 22:00:00,22.12,15.83,16.27,17.15,89.10,14.47,0.00,0.69,204.50,0.09
250,2024-03-13 22:15:00,21.90,15.86,16.05,17.15,90.40,14.48,0.00,0.92,208.40,0.10
250,2024-03-13 22:30:00,21.70,15.51,15.55,16.70,91.00,14.09,0.00,1.30,205.80,0.09
250,2024-03-13 22:45:00,21.50,14.92,15.01,16.36,91.50,13.64,0.00,1.06,70.43,0.09
250,2024-03-13 23:00:00,21.31,14.79,14.97,16.12,92.20,13.72,0.00,0.60,84.90,0.09
250,2024-03-13 23:15:00,21.12,14.06,14.59,15.66,92.70,13.42,0.00,0.51,274.70,0.10
250,2024-03-13 23:30:00,20.93,13.91,14.21,15.69,93.00,13.09,0.00,2.59,222.20,0.09
250,2024-03-13 23:45:00,20.74,14.19,14.50,15.56,93.40,13.45,0.00,2.19,222.90,0.09
250,2024-03-14 00:00:00,20.57,14.35,14.67,15.40,94.00,13.72,0.00,0.59,13.77,0.09
250,2024-03-14 00:15:00,20.40,14.10,14.32,15.49,93.70,13.32,0.00,1.07,353.30,0.09
250,2024-03-14 00:30:00,20.23,13.73,14.43,15.57,94.60,13.57,0.00,2.39,354.20,0.09
250,2024-03-14 00:45:00,20.08,13.35,13.28,15.79,94.10,12.35,0.00,1.78,319.80,0.09
250,2024-03-14 01:00:00,19.93,13.00,13.43,14.99,94.50,12.56,0.00,0.58,271.50,0.09
250,2024-03-14 01:15:00,19.77,12.88,13.67,14.91,95.40,12.95,0.00,1.74,197.00,0.09
250,2024-03-14 01:30:00,19.61,13.07,13.26,14.58,94.80,12.44,0.00,0.71,103.20,0.09
250,2024-03-14 01:45:00,19.47,12.62,12.96,13.91,95.00,12.18,0.00,0.46,177.00,0.09
250,2024-03-14 02:00:00,19.34,12.40,12.62,13.51,95.30,11.89,0.00,0.46,105.50,0.09
250,2024-03-14 02:15:00,19.20,12.40,12.66,13.64,95.30,11.93,0.00,1.13,170.20,0.09
250,2024-03-14 02:30:00,19.07,12.28,12.48,13.58,95.10,11.72,0.00,0.99,50.97,0.09
250,2024-03-14 02:45:00,18.94,11.74,12.14,13.34,95.40,11.43,0.00,0.72,294.10,0.09
250,2024-03-14 03:00:00,18.81,11.55,11.88,13.02,95.50,11.18,0.00,0.67,223.00,0.09
250,2024-03-14 03:15:00,18.68,11.69,12.12,13.03,95.70,11.45,0.00,0.64,338.30,0.09
250,2024-03-14 03:30:00,18.56,11.30,11.66,12.93,96.00,11.04,0.00,1.05,224.50,0.09
250,2024-03-14 03:45:00,18.44,11.75,12.08,12.83,95.80,11.43,0.00,1.07,201.00,0.09
250,2024-03-14 04:00:00,18.32,11.72,11.63,12.78,95.80,10.98,0.00,0.71,158.30,0.09
250,2024-03-14 04:15:00,18.22,11.15,11.67,12.61,96.10,11.07,0.00,1.21,192.90,0.09
250,2024-03-14 04:30:00,18.10,11.21,11.49,12.23,96.20,10.91,0.00,0.83,169.50,0.09
250,2024-03-14 04:45:00,18.00,11.26,11.39,12.05,96.30,10.82,0.00,1.66,194.60,0.09
250,2024-03-14 05:00:00,17.89,11.09,11.15,11.92,96.20,10.57,0.00,1.42,59.69,0.09
250,2024-03-14 05:15:00,17.79,10.83,10.89,11.88,96.10,10.29,0.00,0.55,118.70,0.10
250,2024-03-14 05:30:00,17.70,10.62,10.91,11.73,96.50,10.38,0.00,1.62,341.10,0.09
250,2024-03-14 05:45:00,17.59,10.58,10.47,11.66,96.50,9.94,0.00,2.11,296.50,0.09
250,2024-03-14 06:00:00,17.49,10.43,10.68,11.46,96.80,10.19,0.00,1.12,246.90,0.09
250,2024-03-14 06:15:00,17.39,10.69,10.94,11.33,96.90,10.47,0.00,0.83,171.00,0.09
250,2024-03-14 06:30:00,17.30,10.91,10.76,11.30,96.60,10.24,0.00,0.79,203.70,0.09
250,2024-03-14 06:45:00,17.23,10.56,10.45,11.12,96.60,9.93,0.00,0.60,223.20,0.10
250,2024-03-14 07:00:00,17.17,10.10,10.24,10.94,96.90,9.77,0.00,1.40,228.60,0.09
250,2024-03-14 07:15:00,17.09,10.29,10.41,11.00,97.00,9.95,0.00,0.84,179.10,0.11
250,2024-03-14 07:30:00,17.01,10.33,10.27,10.65,97.00,9.81,0.00,0.71,107.90,0.75
250,2024-03-14 07:45:00,16.94,10.20,10.10,10.54,96.90,9.63,0.00,0.58,23.84,5.51
250,2024-03-14 08:00:00,16.85,10.00,10.21,10.44,97.30,9.80,0.00,1.46,224.50,33.47
250,2024-03-14 08:15:00,16.76,10.73,10.61,11.05,97.30,10.20,0.00,0.99,98.00,99.60
250,2024-03-14 08:30:00,16.70,11.23,10.94,11.35,97.10,10.50,0.00,1.64,170.00,145.00
250,2024-03-14 08:45:00,16.70,12.55,11.87,12.33,97.10,11.42,0.00,1.15,151.20,172.00
250,2024-03-14 09:00:00,16.74,13.49,12.79,13.04,97.10,12.34,0.00,1.49,178.80,217.50
250,2024-03-14 09:15:00,16.84,14.96,14.26,14.59,97.10,13.81,0.00,0.86,97.10,297.10
250,2024-03-14 09:30:00,17.02,16.20,15.21,15.75,96.30,14.62,0.00,1.34,112.10,329.20
250,2024-03-14 09:45:00,17.30,16.84,16.00,16.11,95.60,15.30,0.00,1.70,196.10,380.90
250,2024-03-14 10:00:00,17.65,18.01,17.05,17.42,95.00,16.24,0.00,1.04,211.50,419.60
250,2024-03-14 10:15:00,18.07,19.40,17.63,18.35,88.50,15.71,0.00,1.59,355.20,460.70
250,2024-03-14 10:30:00,18.55,20.46,19.53,19.20,67.49,13.36,0.00,2.68,44.42,513.90
250,2024-03-14 10:45:00,19.08,21.33,20.51,20.07,60.50,12.61,0.00,2.52,58.35,549.40
250,2024-03-14 11:00:00,19.63,21.88,21.20,20.68,58.56,12.76,0.00,2.65,149.00,573.30
250,2024-03-14 11:15:00,20.21,22.49,21.82,21.30,49.72,10.86,0.00,2.92,115.30,585.90
250,2024-03-14 11:30:00,20.79,23.20,22.34,21.99,46.82,10.43,0.00,3.33,147.00,617.50
250,2024-03-14 11:45:00,21.35,23.46,22.38,22.50,50.36,11.57,0.00,3.85,83.90,635.30
250,2024-03-14 12:00:00,21.90,23.90,23.09,22.59,47.23,11.25,0.00,4.57,23.14,684.20
250,2024-03-14 12:15:00,22.45,24.49,23.48,23.26,38.91,8.71,0.00,3.68,60.31,698.10
250,2024-03-14 12:30:00,22.99,24.73,23.97,23.61,34.64,7.43,0.00,3.48,57.80,757.70
250,2024-03-14 12:45:00,23.55,25.75,24.73,24.48,32.17,7.02,0.00,3.15,20.66,776.30
250,2024-03-14 13:00:00,24.12,26.38,25.35,24.96,33.01,7.94,0.00,3.39,53.95,802.00
250,2024-03-14 13:15:00,24.68,26.74,25.60,25.49,26.98,5.22,0.00,2.88,65.68,816.00
250,2024-03-14 13:30:00,25.20,27.34,26.20,26.03,26.95,5.72,0.00,3.01,90.10,787.70
250,2024-03-14 13:45:00,25.65,27.39,26.42,26.18,25.66,5.20,0.00,3.12,164.80,802.00
250,2024-03-14 14:00:00,26.01,27.60,26.81,26.47,27.65,6.61,0.00,2.47,348.10,820.00
250,2024-03-14 14:15:00,26.25,28.45,27.17,27.05,27.01,6.58,0.00,2.99,286.90,824.00
250,2024-03-14 14:30:00,26.44,28.62,27.25,27.27,28.70,7.53,0.00,3.43,336.10,815.00
250,2024-03-14 14:45:00,26.63,28.65,27.73,27.14,29.77,8.48,0.00,3.00,325.50,791.50
250,2024-03-14 15:00:00,26.83,28.93,27.83,27.60,27.41,7.36,0.00,3.51,152.70,777.90
250,2024-03-14 15:15:00,27.09,29.27,27.76,27.85,27.75,7.48,0.00,3.73,250.00,751.20
250,2024-03-14 15:30:00,27.39,29.19,27.83,27.73,30.28,8.82,0.00,4.71,359.50,731.50
250,2024-03-14 15:45:00,27.72,29.21,27.89,27.55,27.19,7.29,0.00,6.08,355.00,705.80
250,2024-03-14 16:00:00,28.04,29.26,28.19,27.77,28.68,8.33,0.00,4.77,2.14,665.30
250,2024-03-14 16:15:00,28.32,29.57,28.37,28.22,26.92,7.55,0.00,4.43,359.90,629.90
250,2024-03-14 16:30:00,28.57,29.65,28.28,28.24,25.81,6.86,0.00,3.74,320.30,599.10
250,2024-03-14 16:45:00,28.77,29.60,28.68,28.28,26.47,7.57,0.00,5.36,351.40,547.60
250,2024-03-14 17:00:00,28.92,29.85,28.57,28.57,23.86,5.97,0.00,4.44,357.30,531.90
250,2024-03-14 17:15:00,29.02,29.87,28.43,28.71,26.12,7.16,0.00,4.65,357.50,449.20
250,2024-03-14 17:30:00,29.08,30.01,28.70,28.85,23.44,5.82,0.00,4.19,8.70,428.20
250,2024-03-14 17:45:00,29.08,29.97,28.71,28.93,24.26,6.32,0.00,4.04,2.45,369.30
250,2024-03-14 18:00:00,29.03,29.81,28.20,29.00,24.96,6.31,0.00,3.04,18.80,267.70
250,2024-03-14 18:15:00,28.93,29.09,28.36,28.61,26.39,7.25,0.00,3.20,13.29,230.60
250,2024-03-14 18:30:00,28.75,29.31,27.89,28.79,28.20,7.82,0.00,1.97,35.53,184.50
250,2024-03-14 18:45:00,28.54,28.62,27.58,28.34,30.15,8.54,0.00,1.67,36.33,127.60
250,2024-03-14 19:00:00,28.29,27.46,26.64,27.82,35.22,10.03,0.00,0.92,8.59,67.59
250,2024-03-14 19:15:00,28.00,25.68,24.86,26.78,45.45,12.28,0.00,1.21,307.90,47.78
250,2024-03-14 19:30:00,27.67,22.98,22.89,25.19,52.15,12.57,0.00,0.80,309.00,17.74
250,2024-03-14 19:45:00,27.31,22.32,22.58,23.55,47.26,10.79,0.00,0.53,92.20,3.68
250,2024-03-14 20:00:00,26.92,21.35,21.20,22.40,52.64,11.15,0.00,0.50,278.90,0.59
250,2024-03-14 20:15:00,26.53,20.24,20.34,21.44,53.91,10.71,0.00,1.09,87.20,0.11
250,2024-03-14 20:30:00,26.14,20.09,21.27,21.72,53.03,11.32,0.00,3.71,80.30,0.10
250,2024-03-14 20:45:00,25.77,21.04,21.46,22.18,55.66,12.23,0.00,2.88,111.90,0.09
250,2024-03-14 21:00:00,25.43,20.97,21.09,21.98,57.74,12.45,0.00,3.30,99.80,0.09
250,2024-03-14 21:15:00,25.11,20.75,20.85,21.75,58.41,12.40,0.00,2.56,98.00,0.09
250,2024-03-14 21:30:00,24.81,20.34,20.56,21.32,59.30,12.35,0.00,2.06,94.50,0.09
250,2024-03-14 21:45:00,24.54,20.25,20.24,21.09,60.54,12.37,0.00,2.34,94.00,0.09
250,2024-03-14 22:00:00,24.27,19.83,19.83,20.71,61.59,12.24,0.00,1.95,87.50,0.09
250,2024-03-14 22:15:00,24.03,19.40,19.39,20.31,63.21,12.22,0.00,1.93,101.80,0.10
250,2024-03-14 22:30:00,23.79,18.84,19.36,19.94,63.44,12.25,0.00,2.26,103.60,0.09
250,2024-03-14 22:45:00,23.55,18.44,18.44,19.56,67.39,12.29,0.00,1.37,108.90,0.09
250,2024-03-14 23:00:00,23.32,15.96,16.90,18.74,73.02,12.04,0.00,1.14,206.90,0.09
250,2024-03-14 23:15:00,23.10,15.45,16.10,18.02,76.29,11.93,0.00,0.75,350.60,0.09
250,2024-03-14 23:30:00,22.87,15.30,15.47,17.12,78.25,11.70,0.00,1.62,5.48,0.09
250,2024-03-14 23:45:00,22.66,14.46,14.62,16.42,82.40,11.66,0.00,1.21,305.50,0.09
250,2024-03-15 00:00:00,22.45,14.17,14.72,15.79,83.40,11.94,0.00,0.52,47.92,0.10
250,2024-03-15 00:15:00,22.24,14.28,14.52,15.49,82.90,11.65,0.00,0.65,14.48,0.09
250,2024-03-15 00:30:00,22.04,14.00,14.31,15.06,84.70,11.77,0.00,0.48,161.90,0.09
250,2024-03-15 00:45:00,21.87,13.82,14.02,14.77,85.60,11.65,0.00,0.36,346.40,0.09
250,2024-03-15 01:00:00,21.68,13.70,13.85,14.60,85.60,11.48,0.00,0.52,16.94,0.09
250,2024-03-15 01:15:00,21.51,13.49,13.81,14.38,87.10,11.70,0.00,0.47,151.70,0.09
250,2024-03-15 01:30:00,21.35,13.51,13.57,14.25,87.30,11.50,0.00,0.37,281.30,0.09
250,2024-03-15 01:45:00,21.19,13.39,13.43,14.11,87.80,11.45,0.00,0.45,40.90,0.09
250,2024-03-15 02:00:00,21.05,13.31,13.38,13.99,88.00,11.43,0.00,0.46,110.60,0.09
250,2024-03-15 02:15:00,20.92,13.05,13.23,13.75,88.50,11.37,0.00,0.44,193.00,0.09
250,2024-03-15 02:30:00,20.78,12.91,13.26,13.56,89.60,11.59,0.00,0.31,180.10,0.09
250,2024-03-15 02:45:00,20.65,13.14,13.13,13.64,89.50,11.44,0.00,0.58,289.80,0.09
250,2024-03-15 03:00:00,20.52,13.06,12.93,13.47,89.80,11.30,0.00,0.28,101.00,0.09
250,2024-03-15 03:15:00,20.41,12.93,12.99,13.26,90.30,11.44,0.00,0.44,73.15,0.09
250,2024-03-15 03:30:00,20.30,13.01,12.93,13.32,90.60,11.43,0.00,0.23,10.75,0.09
250,2024-03-15 03:45:00,20.19,12.84,12.75,13.12,90.70,11.27,0.00,0.20,81.20,0.09
250,2024-03-15 04:00:00,20.09,12.75,12.83,13.26,91.20,11.43,0.00,0.71,203.20,0.09
250,2024-03-15 04:15:00,19.98,12.75,12.76,13.27,91.40,11.39,0.00,0.36,253.10,0.09
250,2024-03-15 04:30:00,19.88,12.72,12.82,13.41,91.70,11.50,0.00,1.04,196.60,0.09
250,2024-03-15 04:45:00,19.78,12.56,12.51,13.28,91.90,11.23,0.00,0.78,245.90,0.09
250,2024-03-15 05:00:00,19.68,12.56,12.67,13.28,92.10,11.42,0.00,0.75,217.40,0.10
250,2024-03-15 05:15:00,19.59,12.46,12.53,13.09,92.40,11.33,0.00,0.27,228.30,0.09
250,2024-03-15 05:30:00,19.50,12.41,12.53,13.17,92.70,11.38,0.00,0.77,183.00,0.09
250,2024-03-15 05:45:00,19.41,12.41,12.52,13.13,92.90,11.40,0.00,0.58,152.30,0.09
250,2024-03-15 06:00:00,19.32,12.42,12.59,13.05,93.20,11.52,0.00,0.72,156.10,0.09
250,2024-03-15 06:15:00,19.24,12.67,12.70,13.08,93.40,11.66,0.00,0.88,118.20,0.09
250,2024-03-15 06:30:00,19.15,12.79,12.65,13.29,93.20,11.58,0.00,0.85,105.90,0.09
250,2024-03-15 06:45:00,19.08,12.78,12.92,13.44,93.50,11.90,0.00,1.43,85.00,0.09
250,2024-03-15 07:00:00,18.99,12.71,12.55,13.51,93.40,11.51,0.00,0.48,113.30,0.09
250,2024-03-15 07:15:00,18.91,12.40,12.51,12.96,93.80,11.54,0.00,0.63,287.20,0.12
250,2024-03-15 07:30:00,18.84,12.09,12.32,13.11,94.00,11.38,0.00,1.28,253.00,1.24
250,2024-03-15 07:45:00,18.77,12.40,12.65,13.33,94.30,11.76,0.00,0.98,183.30,5.98
250,2024-03-15 08:00:00,18.69,12.84,12.96,13.38,94.70,12.13,0.00,0.43,80.20,23.69
250,2024-03-15 08:15:00,18.64,13.77,13.40,14.09,94.40,12.52,0.00,0.53,80.10,57.03
250,2024-03-15 08:30:00,18.61,14.76,14.25,15.20,94.60,13.40,0.00,0.38,226.80,103.00
250,2024-03-15 08:45:00,18.64,15.90,15.13,16.10,94.10,14.19,0.00,0.91,199.60,147.30
250,2024-03-15 09:00:00,18.71,17.22,16.73,16.96,93.30,15.64,0.00,2.14,191.20,192.90
250,2024-03-15 09:15:00,18.86,18.54,18.16,18.07,92.60,16.94,0.00,1.77,202.40,236.50
250,2024-03-15 09:30:00,19.09,20.02,19.66,19.38,89.50,17.89,0.00,2.76,186.50,286.50
250,2024-03-15 09:45:00,19.39,21.35,21.07,20.56,84.00,18.26,0.00,3.89,190.70,345.30
250,2024-03-15 10:00:00,19.76,22.54,22.28,21.63,79.84,18.63,0.00,4.82,200.20,368.60
250,2024-03-15 10:15:00,20.18,23.87,23.47,22.89,75.69,18.93,0.00,5.81,202.60,433.70
250,2024-03-15 10:30:00,20.64,24.89,24.38,23.71,74.24,19.50,0.00,9.72,211.90,480.50
250,2024-03-15 10:45:00,21.13,25.60,24.94,24.27,72.50,19.66,0.00,10.41,205.20,500.90
250,2024-03-15 11:00:00,21.64,26.21,25.58,24.97,67.52,19.13,0.00,9.99,214.30,549.80
250,2024-03-15 11:15:00,22.14,26.74,26.19,25.42,65.87,19.31,0.00,10.61,224.50,575.80
250,2024-03-15 11:30:00,22.65,27.53,26.94,26.11,63.74,19.50,0.00,9.25,211.30,634.80
250,2024-03-15 11:45:00,23.19,28.20,27.14,26.67,63.28,19.57,0.00,7.96,208.90,701.40
250,2024-03-15 12:00:00,23.78,28.45,27.28,26.99,60.67,19.02,0.00,8.99,246.30,685.20
250,2024-03-15 12:15:00,24.36,28.72,27.75,27.17,60.87,19.52,0.00,7.41,235.90,631.60
250,2024-03-15 12:30:00,24.91,29.38,27.93,27.64,58.25,18.98,0.00,10.69,249.50,758.60
250,2024-03-15 12:45:00,25.41,28.52,28.07,27.33,58.30,19.13,0.00,8.42,257.30,496.70
250,2024-03-15 13:00:00,25.79,29.18,27.89,27.71,57.67,18.78,0.00,8.79,250.00,690.10
250,2024-03-15 13:15:00,26.12,28.90,28.10,27.65,56.57,18.67,0.00,9.98,263.80,462.50
250,2024-03-15 13:30:00,26.39,29.19,28.44,27.83,57.71,19.31,0.00,8.50,268.60,658.90
250,2024-03-15 13:45:00,26.63,29.73,29.15,28.08,55.97,19.48,0.00,8.89,246.80,672.80
250,2024-03-15 14:00:00,26.89,29.33,28.27,28.12,57.58,19.11,0.00,8.67,266.50,467.50
250,2024-03-15 14:15:00,27.09,29.91,28.40,28.49,55.89,18.76,0.00,7.96,278.80,686.20
250,2024-03-15 14:30:00,27.27,29.85,29.55,28.41,53.16,19.02,0.00,8.35,272.80,644.40
250,2024-03-15 14:45:00,27.44,29.77,28.48,28.44,53.26,18.06,0.00,9.06,270.20,477.50
250,2024-03-15 15:00:00,27.63,30.07,28.81,28.56,51.29,17.77,0.00,11.12,233.20,758.10
250,2024-03-15 15:15:00,27.80,30.26,29.21,28.78,51.70,18.26,0.00,10.40,258.30,712.80
250,2024-03-15 15:30:00,28.02,30.46,29.35,28.81,50.48,18.01,0.00,10.11,255.10,661.20
250,2024-03-15 15:45:00,28.28,30.31,29.09,28.92,50.98,17.93,0.00,10.07,251.50,641.90
250,2024-03-15 16:00:00,28.52,30.47,29.01,28.99,49.45,17.37,0.00,12.39,239.40,657.00
250,2024-03-15 16:15:00,28.75,30.54,29.97,29.04,50.33,18.54,0.00,11.35,238.70,631.50
250,2024-03-15 16:30:00,28.95,29.77,29.28,28.76,50.74,18.03,0.00,8.00,245.60,386.90
250,2024-03-15 16:45:00,29.04,30.41,29.35,29.13,52.38,18.60,0.00,9.30,251.60,510.80
250,2024-03-15 17:00:00,29.15,29.82,29.02,28.81,50.82,17.82,0.00,9.93,234.20,415.50
250,2024-03-15 17:15:00,29.19,30.09,28.98,28.98,50.79,17.77,0.00,11.05,238.70,440.00
250,2024-03-15 17:30:00,29.21,29.85,28.90,28.79,50.26,17.53,0.00,9.18,247.80,381.30
250,2024-03-15 17:45:00,29.20,29.98,28.88,28.98,49.84,17.38,0.00,9.02,248.60,324.50
250,2024-03-15 18:00:00,29.17,29.13,28.53,28.61,51.54,17.59,0.00,10.52,243.10,208.10
250,2024-03-15 18:15:00,29.06,29.29,28.63,28.70,51.54,17.68,0.00,9.13,236.20,234.60
250,2024-03-15 18:30:00,28.90,29.00,28.23,28.60,52.89,17.72,0.00,8.92,255.10,172.00
250,2024-03-15 18:45:00,28.73,28.62,27.92,28.31,54.92,18.03,0.00,8.94,252.20,142.20
250,2024-03-15 19:00:00,28.54,28.10,27.48,28.01,55.73,17.86,0.00,8.59,247.30,98.20
250,2024-03-15 19:15:00,28.33,27.41,26.74,27.57,58.36,17.90,0.00,8.46,235.40,63.22
250,2024-03-15 19:30:00,28.08,26.47,26.02,27.06,59.98,17.66,0.00,6.66,239.30,27.98
250,2024-03-15 19:45:00,27.81,25.35,25.03,26.61,62.96,17.49,0.00,5.80,247.90,5.74
250,2024-03-15 20:00:00,27.53,24.08,24.13,26.23,65.27,17.21,0.00,5.84,245.70,0.57
250,2024-03-15 20:15:00,27.23,23.31,23.31,25.69,68.23,17.13,0.00,5.50,235.20,0.10
250,2024-03-15 20:30:00,26.92,22.51,22.86,25.22,69.52,17.00,0.00,4.53,252.70,0.09
250,2024-03-15 20:45:00,26.62,21.83,22.24,25.00,71.56,16.86,0.00,4.23,253.90,0.09
250,2024-03-15 21:00:00,26.33,21.25,21.10,24.31,76.63,16.84,0.00,4.21,239.50,0.09
250,2024-03-15 21:15:00,26.05,20.87,21.50,23.80,72.78,16.41,0.00,4.27,253.50,0.10
250,2024-03-15 21:30:00,25.79,20.95,21.39,23.80,71.10,15.94,0.00,5.03,254.30,0.10
250,2024-03-15 21:45:00,25.54,20.73,20.71,23.32,75.38,16.20,0.00,4.14,238.10,0.10
250,2024-03-15 22:00:00,25.31,19.73,19.90,23.07,76.05,15.56,0.00,4.07,258.80,0.10
250,2024-03-15 22:15:00,25.07,19.06,19.85,22.78,72.35,14.73,0.00,4.80,261.00,0.09
250,2024-03-15 22:30:00,24.85,19.44,21.11,22.44,61.54,13.44,0.00,4.94,275.50,0.10
250,2024-03-15 22:45:00,24.63,21.07,21.49,22.25,61.12,13.69,0.00,3.31,294.10,0.10
250,2024-03-15 23:00:00,24.43,21.53,21.43,22.00,65.90,14.80,0.00,3.34,293.30,0.10
250,2024-03-15 23:15:00,24.28,20.86,20.85,21.58,71.28,15.46,0.00,2.79,286.90,0.09
250,2024-03-15 23:30:00,24.13,20.38,20.32,21.18,77.20,16.20,0.00,3.34,284.50,0.09
250,2024-03-15 23:45:00,23.97,19.85,19.94,20.76,82.50,16.87,0.00,4.44,266.00,0.09
250,2024-03-16 00:00:00,23.82,19.63,19.76,20.51,84.50,17.07,0.00,4.23,258.20,0.09
250,2024-03-16 00:15:00,23.67,19.36,19.19,20.24,84.90,16.59,0.00,2.09,198.00,0.10
250,2024-03-16 00:30:00,23.52,18.69,18.82,19.97,86.50,16.52,0.00,1.69,358.10,0.09
250,2024-03-16 00:45:00,23.37,18.32,18.68,20.02,88.50,16.74,0.00,3.35,283.60,0.09
250,2024-03-16 01:00:00,23.23,18.59,18.78,19.86,89.00,16.93,0.00,2.32,302.00,0.09
250,2024-03-16 01:15:00,23.09,18.71,18.87,19.70,88.50,16.93,0.00,2.59,301.10,0.09
250,2024-03-16 01:30:00,22.97,18.35,18.14,19.55,90.40,16.54,0.00,3.87,205.20,0.10
250,2024-03-16 01:45:00,22.86,18.77,18.61,19.21,90.20,16.97,0.00,3.65,166.50,0.10
250,2024-03-16 02:00:00,22.74,18.55,18.10,18.92,89.90,16.42,0.00,1.50,170.60,0.09
250,2024-03-16 02:15:00,22.63,17.89,17.62,18.54,90.80,16.10,0.00,2.32,191.20,0.09
250,2024-03-16 02:30:00,22.51,17.11,17.28,18.09,91.70,15.92,0.00,1.26,261.30,0.09
250,2024-03-16 02:45:00,22.37,16.77,16.87,17.99,92.00,15.56,0.00,2.10,302.40,0.09
250,2024-03-16 03:00:00,22.23,16.67,17.07,17.94,93.70,16.05,0.00,1.32,310.50,0.09
250,2024-03-16 03:15:00,22.10,17.29,17.55,18.02,93.30,16.46,0.00,2.71,177.00,0.09
250,2024-03-16 03:30:00,21.99,17.60,17.25,18.03,93.30,16.16,0.00,3.61,193.20,0.09
250,2024-03-16 03:45:00,21.90,17.65,17.69,18.16,94.00,16.71,0.00,2.80,225.60,0.10
250,2024-03-16 04:00:00,21.84,18.02,17.86,18.38,94.00,16.88,0.00,2.69,222.10,0.10
250,2024-03-16 04:15:00,21.78,18.45,19.02,18.79,94.90,18.18,0.00,4.99,240.60,0.09
250,2024-03-16 04:30:00,21.75,19.58,19.43,19.64,94.40,18.51,0.00,6.50,250.80,0.10
250,2024-03-16 04:45:00,21.74,19.75,19.48,19.81,94.40,18.56,0.00,6.73,249.70,0.09
250,2024-03-16 05:00:00,21.74,19.79,19.54,19.83,94.40,18.62,0.00,7.26,270.00,0.10
250,2024-03-16 05:15:00,21.74,19.80,19.49,19.80,94.50,18.58,0.00,9.30,270.10,0.09
250,2024-03-16 05:30:00,21.74,19.77,19.53,19.76,94.70,18.66,0.00,7.24,275.20,0.09
250,2024-03-16 05:45:00,21.74,19.95,19.66,19.88,94.80,18.80,0.00,6.23,283.60,0.10
250,2024-03-16 06:00:00,21.76,20.09,19.80,20.01,94.80,18.94,0.00,5.85,287.10,0.09
250,2024-03-16 06:15:00,21.77,20.26,19.97,20.16,94.70,19.09,0.00,5.37,285.90,0.09
250,2024-03-16 06:30:00,21.79,20.43,20.08,20.33,94.50,19.17,0.00,4.84,293.50,0.10
250,2024-03-16 06:45:00,21.80,20.53,20.18,20.44,94.30,19.24,0.00,4.30,294.80,0.10
250,2024-03-16 07:00:00,21.83,20.62,20.27,20.53,94.20,19.31,0.00,5.97,300.30,0.09
250,2024-03-16 07:15:00,21.84,20.67,20.28,20.57,93.90,19.27,0.00,5.40,298.20,0.09
250,2024-03-16 07:30:00,21.86,20.65,20.25,20.57,93.80,19.22,0.00,4.54,310.10,0.22
250,2024-03-16 07:45:00,21.87,20.62,20.23,20.52,93.60,19.17,0.00,3.77,312.30,1.93
250,2024-03-16 08:00:00,21.88,20.67,20.31,20.60,93.20,19.18,0.00,3.21,300.70,12.77
250,2024-03-16 08:15:00,21.87,20.70,20.32,20.64,92.90,19.13,0.00,2.16,293.50,36.78
250,2024-03-16 08:30:00,21.87,20.71,20.35,20.64,92.80,19.15,0.00,1.61,222.40,58.53
250,2024-03-16 08:45:00,21.86,20.86,20.41,20.67,92.60,19.17,0.00,2.34,177.10,72.61
250,2024-03-16 09:00:00,21.87,21.07,20.68,20.80,92.50,19.42,0.00,3.40,171.20,103.90
250,2024-03-16 09:15:00,21.92,21.34,20.99,20.93,91.60,19.57,0.00,4.87,181.10,160.50
250,2024-03-16 09:30:00,22.00,21.64,20.96,21.12,90.80,19.40,0.00,3.25,218.90,146.30
250,2024-03-16 09:45:00,22.13,22.18,21.34,21.50,87.40,19.16,0.00,3.40,248.50,272.20
250,2024-03-16 10:00:00,22.31,22.72,21.94,21.93,84.50,19.21,0.00,4.12,319.40,253.30
250,2024-03-16 10:15:00,22.55,23.13,22.82,22.30,81.50,19.49,0.00,4.04,336.40,388.90
250,2024-03-16 10:30:00,22.81,23.97,22.75,22.83,78.69,18.86,0.00,3.23,337.20,445.40
250,2024-03-16 10:45:00,23.17,24.45,23.56,23.53,74.23,18.71,0.00,2.85,278.90,433.50
250,2024-03-16 11:00:00,23.57,24.60,23.97,23.56,74.76,19.22,0.00,3.73,296.20,525.30
250,2024-03-16 11:15:00,23.98,25.31,23.97,24.12,73.58,18.96,0.00,3.58,252.20,516.40
250,2024-03-16 11:30:00,24.41,25.84,24.74,24.59,72.53,19.47,0.00,4.07,267.30,555.30
250,2024-03-16 11:45:00,24.87,25.91,24.72,24.75,70.78,19.06,0.00,4.48,278.10,456.60
250,2024-03-16 12:00:00,25.28,25.74,25.17,24.79,69.66,19.24,0.00,4.90,278.50,379.10
250,2024-03-16 12:15:00,25.57,26.26,25.14,25.00,70.97,19.51,0.00,5.53,277.30,514.70
250,2024-03-16 12:30:00,25.85,26.93,25.95,25.55,67.00,19.36,0.00,5.58,263.60,744.70
250,2024-03-16 12:45:00,26.21,26.80,25.41,25.64,67.92,19.06,0.00,4.78,249.80,355.70
250,2024-03-16 13:00:00,26.59,27.10,26.33,25.63,64.92,19.21,0.00,7.95,253.20,687.00
250,2024-03-16 13:15:00,26.86,27.65,26.06,26.06,66.80,19.41,0.00,8.56,238.90,588.40
250,2024-03-16 13:30:00,27.21,27.63,26.36,26.00,64.55,19.15,0.00,8.32,234.20,743.80
250,2024-03-16 13:45:00,27.52,28.42,27.20,26.71,63.34,19.64,0.00,6.30,236.40,799.30
250,2024-03-16 14:00:00,27.84,28.18,27.25,26.75,60.60,18.98,0.00,6.63,233.60,643.20
250,2024-03-16 14:15:00,28.12,28.32,27.35,27.11,58.69,18.56,0.00,7.10,271.00,433.70
250,2024-03-16 14:30:00,28.32,29.33,28.61,27.77,54.08,18.43,0.00,8.48,257.20,773.10
250,2024-03-16 14:45:00,28.48,29.61,28.43,27.86,55.46,18.66,0.00,11.87,260.30,725.30
250,2024-03-16 15:00:00,28.67,29.74,28.67,28.02,53.33,18.26,0.00,11.31,254.20,738.70
250,2024-03-16 15:15:00,28.84,30.02,28.64,28.18,54.05,18.45,0.00,11.59,242.40,723.60
250,2024-03-16 15:30:00,29.06,30.17,29.07,28.42,54.54,18.99,0.00,10.86,261.60,731.30
250,2024-03-16 15:45:00,29.29,30.11,29.17,28.45,56.64,19.69,0.00,10.77,247.50,604.60
250,2024-03-16 16:00:00,29.52,30.40,29.40,28.73,53.07,18.86,0.00,9.65,251.00,663.90
250,2024-03-16 16:15:00,29.73,30.56,28.81,28.78,56.22,19.23,0.00,10.22,266.50,573.40
250,2024-03-16 16:30:00,29.97,29.96,28.68,28.60,57.52,19.48,0.00,9.76,273.50,486.10
250,2024-03-16 16:45:00,30.12,29.98,28.37,28.48,59.04,19.61,0.00,11.81,247.30,511.50
250,2024-03-16 17:00:00,30.20,29.48,27.95,28.30,60.68,19.66,0.00,11.02,247.50,361.50
250,2024-03-16 17:15:00,30.23,28.98,28.28,28.01,60.13,19.82,0.00,11.15,244.00,304.60
250,2024-03-16 17:30:00,30.16,28.92,27.91,27.93,62.79,20.17,0.00,11.84,243.50,314.70
250,2024-03-16 17:45:00,30.05,28.64,28.03,27.72,62.87,20.30,0.00,11.78,242.60,279.10
250,2024-03-16 18:00:00,29.93,28.26,27.08,27.41,65.75,20.13,0.00,13.76,239.70,246.40
250,2024-03-16 18:15:00,29.79,27.72,26.89,27.14,65.99,20.01,0.00,11.29,241.80,177.50
250,2024-03-16 18:30:00,29.63,27.26,26.56,26.85,67.07,19.95,0.00,12.24,243.10,128.30
250,2024-03-16 18:45:00,29.40,26.80,25.98,26.44,69.28,19.92,0.00,11.92,248.50,114.70
250,2024-03-16 19:00:00,29.16,26.15,25.40,25.90,71.57,19.89,0.00,13.00,250.30,89.40
250,2024-03-16 19:15:00,28.91,25.48,24.91,25.41,73.22,19.79,0.00,11.39,255.90,50.33
250,2024-03-16 19:30:00,28.65,24.99,24.52,25.03,74.70,19.74,0.00,12.17,249.90,20.08
250,2024-03-16 19:45:00,28.36,24.43,24.02,24.62,76.37,19.61,0.00,10.07,250.70,3.87
250,2024-03-16 20:00:00,28.08,24.08,23.68,24.32,77.44,19.50,0.00,9.09,246.80,0.65
250,2024-03-16 20:15:00,27.78,23.72,23.51,24.03,78.37,19.53,0.00,9.06,247.60,0.10
250,2024-03-16 20:30:00,27.51,23.44,23.06,23.75,79.49,19.32,0.00,8.06,240.80,0.10
250,2024-03-16 20:45:00,27.24,23.09,22.79,23.49,80.20,19.20,0.00,6.72,242.70,0.10
250,2024-03-16 21:00:00,26.99,22.77,22.53,23.20,81.20,19.15,0.00,6.69,245.60,0.09
250,2024-03-16 21:15:00,26.74,22.62,22.39,23.00,81.70,19.11,0.00,6.62,250.80,0.09
250,2024-03-16 21:30:00,26.52,22.32,22.11,22.67,83.90,19.26,0.00,6.21,235.70,0.09
250,2024-03-16 21:45:00,26.31,21.99,21.78,22.43,85.10,19.17,0.00,5.66,228.50,0.09
250,2024-03-16 22:00:00,26.10,21.84,21.61,22.22,86.10,19.19,0.00,6.18,238.40,0.09
250,2024-03-16 22:15:00,25.90,21.61,21.47,22.04,87.30,19.27,0.00,5.80,240.70,0.09
250,2024-03-16 22:30:00,25.71,21.48,21.29,21.87,88.10,19.24,0.00,5.75,234.70,0.09
250,2024-03-16 22:45:00,25.53,21.44,21.22,21.76,88.70,19.28,0.00,6.45,235.80,0.09
250,2024-03-16 23:00:00,25.36,21.38,21.20,21.67,89.70,19.44,0.00,7.38,237.00,0.09
250,2024-03-16 23:15:00,25.20,21.30,21.09,21.57,90.20,19.42,0.00,6.68,240.80,0.10
250,2024-03-16 23:30:00,25.06,21.06,20.76,21.40,90.60,19.17,0.00,4.84,233.70,0.09
250,2024-03-16 23:45:00,24.90,20.63,20.64,21.20,91.70,19.24,0.00,4.24,227.00,0.09
250,2024-03-17 00:00:00,24.76,21.29,21.22,21.41,92.00,19.87,0.00,6.70,238.60,0.09
250,2024-03-17 00:15:00,24.65,21.75,21.50,21.73,91.60,20.08,0.00,8.69,243.70,0.09
250,2024-03-17 00:30:00,24.58,21.94,21.60,21.91,91.20,20.10,0.00,8.92,243.50,0.09
250,2024-03-17 00:45:00,24.52,21.89,21.50,21.92,90.70,19.92,0.00,8.50,246.80,0.09
250,2024-03-17 01:00:00,24.48,21.74,21.49,21.85,90.40,19.85,0.00,8.15,240.20,0.09
250,2024-03-17 01:15:00,24.40,21.80,21.51,21.88,90.20,19.84,0.00,7.75,244.60,0.10
250,2024-03-17 01:30:00,24.33,21.82,21.53,21.87,90.00,19.82,0.00,7.26,244.40,0.10
250,2024-03-17 01:45:00,24.26,21.79,21.51,21.84,89.90,19.78,0.00,6.73,243.50,0.09
250,2024-03-17 02:00:00,24.20,21.90,21.57,21.92,89.60,19.79,0.00,5.98,255.60,0.10
250,2024-03-17 02:15:00,24.16,21.90,21.57,21.91,89.70,19.81,0.00,5.18,259.30,0.09
250,2024-03-17 02:30:00,24.12,21.87,21.57,21.91,89.40,19.75,0.00,6.10,255.50,0.09
250,2024-03-17 02:45:00,24.08,21.75,21.43,21.89,89.30,19.60,0.00,5.91,243.80,0.09
250,2024-03-17 03:00:00,24.03,21.50,21.31,21.76,89.70,19.55,0.00,5.13,247.10,0.09
250,2024-03-17 03:15:00,23.96,21.66,21.43,21.79,89.80,19.69,0.00,5.15,243.90,0.10
250,2024-03-17 03:30:00,23.90,21.69,21.43,21.82,89.90,19.70,0.00,5.22,250.80,0.09
250,2024-03-17 03:45:00,23.84,21.55,21.39,21.79,90.50,19.77,0.00,5.28,252.00,0.09
250,2024-03-17 04:00:00,23.79,21.47,21.27,21.74,90.70,19.69,0.00,4.42,257.50,0.09
250,2024-03-17 04:15:00,23.72,21.21,21.10,21.65,91.10,19.59,0.00,3.91,268.90,0.09
250,2024-03-17 04:30:00,23.66,21.32,21.16,21.65,91.30,19.69,0.00,3.81,261.50,0.09
250,2024-03-17 04:45:00,23.61,21.31,21.14,21.66,91.40,19.68,0.00,3.43,274.70,0.09
250,2024-03-17 05:00:00,23.55,21.14,21.18,21.60,91.60,19.76,0.00,3.20,273.20,0.09
250,2024-03-17 05:15:00,23.50,21.34,21.14,21.66,91.40,19.68,0.00,4.81,259.00,0.09
250,2024-03-17 05:30:00,23.43,20.84,20.62,21.57,91.80,19.24,0.00,4.65,261.00,0.09
250,2024-03-17 05:45:00,23.37,20.92,20.93,21.50,92.20,19.62,0.00,4.79,263.80,0.09
250,2024-03-17 06:00:00,23.31,21.35,21.14,21.52,91.60,19.72,0.00,6.81,268.50,0.09
250,2024-03-17 06:15:00,23.26,21.46,21.09,21.54,90.90,19.55,0.00,7.30,253.60,0.09
250,2024-03-17 06:30:00,23.23,21.17,20.75,21.47,90.10,19.07,0.00,7.66,239.70,0.10
250,2024-03-17 06:45:00,23.18,20.69,20.55,21.27,90.90,19.01,0.00,5.59,243.90,0.09
250,2024-03-17 07:00:00,23.09,20.17,20.14,21.03,91.30,18.68,0.00,5.07,237.80,0.09
250,2024-03-17 07:15:00,22.99,19.76,19.80,20.83,92.00,18.46,0.00,4.48,242.90,0.12
250,2024-03-17 07:30:00,22.88,19.16,19.50,20.64,92.60,18.27,0.00,3.04,249.70,0.86
250,2024-03-17 07:45:00,22.76,19.12,19.30,20.50,93.40,18.21,0.00,3.03,234.40,5.56
250,2024-03-17 08:00:00,22.63,19.11,19.43,20.37,93.70,18.39,0.00,2.18,251.80,14.16
250,2024-03-17 08:15:00,22.54,19.50,20.01,20.31,94.20,19.05,0.00,3.32,252.30,42.13
250,2024-03-17 08:30:00,22.48,20.49,20.31,20.46,94.20,19.35,0.00,4.29,259.20,104.00
250,2024-03-17 08:45:00,22.47,21.05,20.71,20.73,93.70,19.66,0.00,5.63,251.40,155.30
250,2024-03-17 09:00:00,22.50,21.28,20.86,20.93,92.40,19.58,0.00,6.99,257.70,158.40
250,2024-03-17 09:15:00,22.56,21.94,21.30,21.33,90.40,19.67,0.00,8.14,257.30,251.20
250,2024-03-17 09:30:00,22.68,22.56,21.92,21.74,87.20,19.70,0.00,8.85,255.50,300.60
250,2024-03-17 09:45:00,22.86,23.06,22.32,22.19,83.90,19.47,0.00,5.82,276.20,303.30
250,2024-03-17 10:00:00,23.09,23.62,23.02,22.64,79.22,19.23,0.00,7.94,268.60,380.70
250,2024-03-17 10:15:00,23.35,24.28,23.48,23.17,74.17,18.62,0.00,6.12,294.90,430.30
250,2024-03-17 10:30:00,23.67,24.81,23.94,23.62,70.66,18.29,0.00,6.54,275.80,494.90
250,2024-03-17 10:45:00,24.03,25.24,24.29,24.00,69.73,18.41,0.00,5.20,292.40,538.20
250,2024-03-17 11:00:00,24.44,25.63,24.58,24.29,70.00,18.75,0.00,5.34,305.30,577.30
250,2024-03-17 11:15:00,24.90,26.04,24.90,24.66,65.29,17.95,0.00,5.33,315.30,615.90
250,2024-03-17 11:30:00,25.38,26.46,25.48,25.11,67.40,19.01,0.00,3.84,328.70,651.00
250,2024-03-17 11:45:00,25.88,26.92,25.85,25.61,68.04,19.51,0.00,3.78,329.10,683.60
250,2024-03-17 12:00:00,26.39,26.99,25.74,25.60,67.06,19.17,0.00,4.16,329.10,714.70
250,2024-03-17 12:15:00,26.92,27.61,26.69,26.16,61.69,18.74,0.00,4.42,331.30,744.00
250,2024-03-17 12:30:00,27.44,27.81,26.44,26.47,59.98,18.05,0.00,3.22,302.20,760.70
250,2024-03-17 12:45:00,27.93,28.10,26.76,26.63,62.97,19.13,0.00,4.02,16.00,783.70
250,2024-03-17 13:00:00,28.41,28.02,26.76,26.68,63.18,19.18,0.00,3.81,339.20,804.00
250,2024-03-17 13:15:00,28.88,28.75,27.72,27.23,56.77,18.37,0.00,4.61,316.90,739.30
250,2024-03-17 13:30:00,29.27,28.80,28.10,27.22,52.18,17.39,0.00,8.93,247.30,802.00
250,2024-03-17 13:45:00,29.56,29.65,28.27,27.77,52.13,17.53,0.00,8.77,277.70,799.70
250,2024-03-17 14:00:00,29.75,29.62,28.12,27.80,53.22,17.72,0.00,8.28,256.10,824.00
250,2024-03-17 14:15:00,29.89,29.79,29.04,28.12,48.78,17.19,0.00,6.67,265.20,858.00
250,2024-03-17 14:30:00,30.02,30.27,29.32,28.54,49.71,17.74,0.00,4.97,277.90,905.00
250,2024-03-17 14:45:00,30.20,30.73,29.12,29.00,48.51,17.17,0.00,5.68,279.20,895.00
250,2024-03-17 15:00:00,30.46,30.29,28.99,28.74,49.21,17.28,0.00,8.74,244.00,552.90
250,2024-03-17 15:15:00,30.69,29.67,28.77,28.44,49.01,17.01,0.00,7.63,238.60,443.80
250,2024-03-17 15:30:00,30.82,30.50,29.86,29.01,47.48,17.51,0.00,10.68,238.20,673.60
250,2024-03-17 15:45:00,30.92,30.68,29.75,28.89,47.42,17.39,0.00,14.18,222.70,744.70
250,2024-03-17 16:00:00,31.06,30.27,29.15,28.65,47.42,16.84,0.00,16.14,230.70,663.20
250,2024-03-17 16:15:00,31.18,30.17,29.12,28.57,45.79,16.26,0.00,14.37,239.20,609.70
250,2024-03-17 16:30:00,31.25,29.77,28.64,28.26,47.20,16.30,0.00,16.57,239.40,583.70
250,2024-03-17 16:45:00,31.29,29.41,28.57,28.08,47.74,16.42,0.00,15.65,241.60,504.20
250,2024-03-17 17:00:00,31.26,29.04,28.07,27.65,47.31,15.82,0.00,17.06,246.50,507.00
250,2024-03-17 17:15:00,31.22,28.52,27.37,27.31,50.71,16.27,0.00,15.36,260.30,400.20
250,2024-03-17 17:30:00,31.12,28.19,27.00,27.06,55.47,17.34,0.00,14.73,240.30,390.00
250,2024-03-17 17:45:00,31.00,27.23,26.08,26.51,57.50,17.05,0.00,13.93,236.10,218.00
250,2024-03-17 18:00:00,30.83,26.46,25.74,26.01,58.08,16.89,0.00,11.63,238.70,164.70
250,2024-03-17 18:15:00,30.59,26.11,25.51,25.73,58.06,16.67,0.00,10.71,238.00,131.20
250,2024-03-17 18:30:00,30.31,25.90,25.37,25.58,54.38,15.51,0.00,11.24,245.00,106.50
250,2024-03-17 18:45:00,30.04,25.63,25.10,25.44,54.98,15.43,0.00,7.89,242.40,67.34
250,2024-03-17 19:00:00,29.76,25.35,24.73,25.24,58.64,16.09,0.00,4.69,201.90,58.57
250,2024-03-17 19:15:00,29.48,24.85,24.28,25.02,63.20,16.85,0.00,5.45,199.80,32.03
250,2024-03-17 19:30:00,29.21,24.48,24.08,24.71,65.47,17.21,0.00,8.28,233.90,8.97
250,2024-03-17 19:45:00,28.94,24.10,23.81,24.45,68.23,17.61,0.00,8.60,258.70,2.61
250,2024-03-17 20:00:00,28.66,23.66,23.43,24.18,71.01,17.88,0.00,6.70,265.90,0.37
250,2024-03-17 20:15:00,28.38,23.38,23.13,23.85,74.27,18.30,0.00,6.18,263.90,0.10
250,2024-03-17 20:30:00,28.12,23.16,22.96,23.60,76.03,18.51,0.00,6.12,263.00,0.09
250,2024-03-17 20:45:00,27.88,23.19,22.93,23.45,76.70,18.62,0.00,6.40,256.20,0.09
250,2024-03-17 21:00:00,27.65,22.94,22.70,23.20,78.33,18.74,0.00,6.34,261.30,0.09
250,2024-03-17 21:15:00,27.45,22.96,22.75,23.05,79.17,18.96,0.00,6.85,256.10,0.09
250,2024-03-17 21:30:00,27.26,22.86,22.49,22.91,81.80,19.23,0.00,8.69,247.40,0.09
250,2024-03-17 21:45:00,27.10,22.71,22.31,22.73,83.30,19.34,0.00,7.42,217.90,0.10
250,2024-03-17 22:00:00,26.93,22.60,22.29,22.65,83.70,19.40,0.00,6.43,223.40,0.09
250,2024-03-17 22:15:00,26.78,22.44,22.16,22.57,84.70,19.46,0.00,3.92,255.60,0.09
250,2024-03-17 22:30:00,26.64,22.19,21.87,22.44,86.00,19.42,0.00,4.58,252.10,0.09
250,2024-03-17 22:45:00,26.51,22.16,21.88,22.34,86.50,19.53,0.00,5.57,241.50,0.10
250,2024-03-17 23:00:00,26.37,22.03,21.70,22.23,87.00,19.44,0.00,4.91,247.20,0.09
250,2024-03-17 23:15:00,26.25,21.97,21.67,22.11,88.10,19.62,0.00,6.44,222.90,0.09
250,2024-03-17 23:30:00,26.11,21.96,21.68,22.06,88.20,19.64,0.00,6.11,237.50,0.09
250,2024-03-17 23:45:00,25.99,21.97,21.74,22.04,88.60,19.78,0.00,6.50,239.50,0.09
250,2024-03-18 00:00:00,25.87,21.96,21.63,21.99,89.30,19.79,0.00,6.27,216.90,0.09
250,2024-03-18 00:15:00,25.77,21.94,21.65,21.96,89.60,19.87,0.00,7.59,203.30,0.09
250,2024-03-18 00:30:00,25.67,21.94,21.58,21.99,89.40,19.76,0.00,5.45,266.30,0.09
250,2024-03-18 00:45:00,25.57,21.81,21.58,21.93,89.90,19.85,0.00,5.59,253.30,0.08
250,2024-03-18 01:00:00,25.47,21.88,21.58,21.93,90.00,19.87,0.00,4.83,238.20,0.09
250,2024-03-18 01:15:00,25.39,21.86,21.71,21.97,89.90,19.98,0.00,6.47,252.70,0.09
250,2024-03-18 01:30:00,25.29,22.05,21.70,22.09,89.60,19.92,0.00,7.38,223.70,0.09
250,2024-03-18 01:45:00,25.21,21.91,21.58,21.97,90.30,19.92,0.00,7.05,202.30,0.09
250,2024-03-18 02:00:00,25.13,21.84,21.54,21.92,90.70,19.96,0.00,8.79,208.50,0.09
250,2024-03-18 02:15:00,25.05,21.82,21.50,21.87,90.40,19.86,0.00,8.71,215.80,0.09
250,2024-03-18 02:30:00,24.96,21.75,21.44,21.82,90.60,19.84,0.00,7.79,231.30,0.09
250,2024-03-18 02:45:00,24.86,21.75,21.47,21.84,89.80,19.73,0.00,7.95,242.60,0.09
250,2024-03-18 03:00:00,24.78,21.70,21.43,21.86,89.50,19.63,0.00,5.78,236.20,0.09
250,2024-03-18 03:15:00,24.68,21.61,21.31,21.75,90.30,19.66,0.00,5.32,213.10,0.09
250,2024-03-18 03:30:00,24.60,21.50,21.27,21.63,91.00,19.74,0.00,3.86,207.10,0.09
250,2024-03-18 03:45:00,24.53,21.55,21.26,21.60,91.30,19.79,0.00,2.00,188.30,0.09
250,2024-03-18 04:00:00,24.47,21.64,21.34,21.61,91.50,19.90,0.00,1.71,196.30,0.09
250,2024-03-18 04:15:00,24.43,21.69,21.36,21.63,91.50,19.92,0.00,2.09,297.50,0.09
250,2024-03-18 04:30:00,24.41,21.72,21.39,21.66,91.70,19.98,0.00,2.13,284.40,0.09
250,2024-03-18 04:45:00,24.38,21.70,21.39,21.70,91.80,20.00,0.00,2.02,282.60,0.09
250,2024-03-18 05:00:00,24.35,21.52,21.34,21.73,92.20,20.02,0.00,3.10,255.20,0.09
250,2024-03-18 05:15:00,24.31,21.60,21.40,21.83,92.20,20.08,0.00,4.49,249.70,0.09
250,2024-03-18 05:30:00,24.25,21.72,21.58,21.89,92.50,20.31,0.00,3.27,282.40,0.09
250,2024-03-18 05:45:00,24.19,22.10,21.80,22.10,92.10,20.46,0.00,3.39,289.30,0.10
250,2024-03-18 06:00:00,24.15,22.22,21.87,22.21,91.60,20.44,0.00,5.19,268.10,0.09
250,2024-03-18 06:15:00,24.13,22.25,21.90,22.23,91.20,20.40,0.00,4.39,290.80,0.09
250,2024-03-18 06:30:00,24.11,22.17,21.80,22.15,91.40,20.34,0.00,4.49,279.90,0.09
250,2024-03-18 06:45:00,24.10,22.15,21.80,22.11,91.50,20.35,0.00,3.22,296.50,0.09
250,2024-03-18 07:00:00,24.08,22.07,21.74,22.02,91.90,20.37,0.00,2.88,303.60,0.09
250,2024-03-18 07:15:00,24.05,22.11,21.76,22.05,91.70,20.35,0.00,4.61,303.30,0.10
250,2024-03-18 07:30:00,24.03,22.06,21.73,22.00,91.50,20.29,0.00,5.44,292.00,0.26
250,2024-03-18 07:45:00,24.00,22.07,21.74,22.05,90.90,20.19,0.00,7.00,286.70,1.55
250,2024-03-18 08:00:00,23.95,22.01,21.70,21.99,91.00,20.17,0.00,3.63,287.60,3.30
250,2024-03-18 08:15:00,23.91,21.96,21.60,21.92,91.20,20.10,0.00,3.67,303.80,4.32
250,2024-03-18 08:30:00,23.87,21.77,21.36,21.69,91.50,19.92,0.00,4.50,313.70,11.53
250,2024-03-18 08:45:00,23.84,21.62,21.20,21.52,91.00,19.67,0.00,4.43,304.60,16.26
250,2024-03-18 09:00:00,23.80,21.44,21.00,21.37,90.90,19.46,0.00,3.81,311.00,14.74
250,2024-03-18 09:15:00,23.76,21.31,20.98,21.21,91.40,19.53,0.00,3.53,272.60,33.20
250,2024-03-18 09:30:00,23.71,21.33,21.03,21.22,91.80,19.65,0.01,3.75,263.20,35.29
250,2024-03-18 09:45:00,23.67,21.28,20.90,21.19,92.20,19.59,0.02,2.98,297.30,15.06
250,2024-03-18 10:00:00,23.64,21.19,20.88,21.05,93.00,19.71,0.02,4.25,284.40,45.22
250,2024-03-18 10:15:00,23.61,21.47,21.07,21.16,92.50,19.81,0.00,4.60,270.40,100.00
250,2024-03-18 10:30:00,23.60,21.63,21.13,21.31,92.20,19.81,0.01,3.45,315.80,113.90
250,2024-03-18 10:45:00,23.64,21.55,21.16,21.26,92.40,19.88,0.00,2.09,308.30,75.46
250,2024-03-18 11:00:00,23.68,21.53,20.93,21.14,91.40,19.48,0.01,2.95,311.50,112.10
250,2024-03-18 11:15:00,23.72,21.73,21.22,21.24,91.40,19.76,0.00,4.19,279.00,175.80
250,2024-03-18 11:30:00,23.80,22.29,21.78,21.64,89.60,20.00,0.00,5.18,250.10,314.40
250,2024-03-18 11:45:00,23.95,22.74,22.19,21.97,87.80,20.07,0.00,4.79,253.40,388.20
250,2024-03-18 12:00:00,24.19,23.45,22.63,22.40,85.20,20.02,0.00,5.65,240.80,526.60
250,2024-03-18 12:15:00,24.54,23.71,22.85,22.75,85.40,20.27,0.00,6.56,234.30,339.10
250,2024-03-18 12:30:00,24.79,23.79,23.18,22.95,84.30,20.39,0.00,6.56,253.70,324.70
250,2024-03-18 12:45:00,24.96,24.61,23.81,23.44,82.90,20.73,0.00,8.80,241.60,657.70
250,2024-03-18 13:00:00,25.21,24.93,24.07,23.71,78.86,20.18,0.00,12.18,249.90,509.60
250,2024-03-18 13:15:00,25.49,25.45,24.28,24.09,76.84,19.96,0.00,14.10,249.70,553.30
250,2024-03-18 13:30:00,25.73,24.36,23.54,23.77,80.30,19.95,0.00,9.26,278.90,146.90
250,2024-03-18 13:45:00,25.76,24.02,23.50,23.54,81.70,20.19,0.00,9.29,276.40,175.10
250,2024-03-18 14:00:00,25.68,24.56,24.26,23.75,83.10,21.21,0.00,9.26,273.20,499.40
250,2024-03-18 14:15:00,25.70,24.98,23.23,24.04,81.30,19.85,0.00,8.40,307.30,458.90
250,2024-03-18 14:30:00,25.86,23.15,22.62,22.54,86.30,20.22,0.00,7.32,320.90,284.50
250,2024-03-18 14:45:00,25.91,23.88,23.38,22.93,83.20,20.37,0.00,8.54,323.30,485.70
250,2024-03-18 15:00:00,25.98,23.25,22.08,22.41,85.00,19.44,0.00,8.86,325.40,347.90
250,2024-03-18 15:15:00,26.09,23.52,22.72,22.38,81.20,19.33,0.00,8.51,332.80,535.60
250,2024-03-18 15:30:00,26.21,23.40,22.82,22.55,82.20,19.63,0.00,6.23,310.50,325.00
250,2024-03-18 15:45:00,26.31,23.25,22.51,22.58,81.60,19.21,0.00,6.96,310.30,225.90
250,2024-03-18 16:00:00,26.34,23.12,22.79,22.49,81.20,19.40,0.00,6.41,329.40,257.20
250,2024-03-18 16:15:00,26.29,24.05,23.02,23.12,77.38,18.85,0.00,7.65,302.00,405.20
250,2024-03-18 16:30:00,26.36,24.25,23.48,23.18,75.15,18.83,0.00,7.00,309.20,478.50
250,2024-03-18 16:45:00,26.48,24.73,23.99,23.53,73.35,18.93,0.00,7.80,286.70,486.10
250,2024-03-18 17:00:00,26.67,24.53,23.75,23.76,73.38,18.71,0.00,7.15,294.50,242.70
250,2024-03-18 17:15:00,26.75,24.44,23.74,23.72,71.25,18.23,0.00,6.95,319.00,275.00
250,2024-03-18 17:30:00,26.75,25.19,24.43,24.18,67.06,17.93,0.00,6.82,292.70,407.20
250,2024-03-18 17:45:00,26.77,25.45,24.53,24.52,64.86,17.49,0.00,7.11,298.40,352.40
250,2024-03-18 18:00:00,26.83,24.96,24.02,24.33,66.47,17.39,0.00,7.03,295.90,219.90
250,2024-03-18 18:15:00,26.83,24.17,23.58,23.86,68.17,17.38,0.00,5.05,306.30,108.80
250,2024-03-18 18:30:00,26.71,24.05,23.48,23.76,67.31,17.08,0.00,5.13,309.30,108.70
250,2024-03-18 18:45:00,26.53,23.86,23.27,23.64,68.01,17.04,0.00,4.26,300.40,78.01
250,2024-03-18 19:00:00,26.35,23.51,22.97,23.39,68.32,16.83,0.00,4.53,304.60,48.08
250,2024-03-18 19:15:00,26.14,23.12,22.69,23.13,69.71,16.88,0.00,4.10,292.80,26.64
250,2024-03-18 19:30:00,25.90,22.80,22.38,22.88,70.68,16.80,0.00,4.19,284.10,8.67
250,2024-03-18 19:45:00,25.68,22.46,22.08,22.66,71.99,16.80,0.00,4.54,268.60,2.12
250,2024-03-18 20:00:00,25.46,21.86,21.43,22.36,73.52,16.51,0.00,5.07,272.90,0.38
250,2024-03-18 20:15:00,25.25,21.59,21.44,22.08,72.78,16.36,0.00,6.38,276.10,0.10
250,2024-03-18 20:30:00,25.02,21.34,21.06,21.63,74.47,16.35,0.00,6.31,279.40,0.09
250,2024-03-18 20:45:00,24.79,20.78,20.48,21.11,76.62,16.24,0.00,7.63,270.90,0.09
250,2024-03-18 21:00:00,24.56,20.44,20.11,20.69,77.24,16.00,0.00,10.00,271.80,0.09
250,2024-03-18 21:15:00,24.34,20.19,19.85,20.32,77.50,15.80,0.00,10.16,266.90,0.09
250,2024-03-18 21:30:00,24.14,20.02,19.64,20.08,79.29,15.96,0.00,8.32,267.20,0.09
250,2024-03-18 21:45:00,23.97,19.76,19.40,19.82,79.56,15.78,0.00,9.29,265.20,0.09
250,2024-03-18 22:00:00,23.82,19.55,19.25,19.61,79.98,15.71,0.00,8.72,273.30,0.09
250,2024-03-18 22:15:00,23.66,19.55,19.25,19.54,79.47,15.61,0.00,6.82,286.60,0.09
250,2024-03-18 22:30:00,23.52,19.49,19.16,19.48,78.74,15.38,0.00,7.47,294.70,0.09
250,2024-03-18 22:45:00,23.39,19.40,19.11,19.42,77.97,15.18,0.00,7.19,303.60,0.09
250,2024-03-18 23:00:00,23.24,19.28,18.98,19.31,77.83,15.03,0.00,6.89,309.90,0.09
250,2024-03-18 23:15:00,23.09,19.15,18.81,19.18,78.09,14.91,0.00,7.62,310.80,0.09
250,2024-03-18 23:30:00,22.94,18.85,18.50,18.95,79.09,14.81,0.00,7.16,312.00,0.09
250,2024-03-18 23:45:00,22.78,18.65,18.37,18.76,78.35,14.54,0.00,6.73,315.90,0.09
250,2024-03-19 00:00:00,22.62,18.64,18.38,18.76,67.83,12.34,0.00,9.15,321.50,0.09
250,2024-03-19 00:15:00,22.45,18.50,18.11,18.62,62.30,10.79,0.00,8.74,321.00,0.09
250,2024-03-19 00:30:00,22.27,18.22,17.80,18.40,60.83,10.14,0.00,7.95,320.50,0.09
250,2024-03-19 00:45:00,22.09,17.95,17.65,18.12,55.75,8.71,0.00,9.11,321.50,0.09
250,2024-03-19 01:00:00,21.90,17.65,17.31,17.81,50.07,6.81,0.00,12.37,328.00,0.09
250,2024-03-19 01:15:00,21.70,17.37,16.90,17.45,48.96,6.11,0.00,12.99,335.50,0.09
250,2024-03-19 01:30:00,21.52,16.83,16.37,16.95,48.72,5.55,0.00,10.64,329.80,0.09
250,2024-03-19 01:45:00,21.34,16.40,16.16,16.58,48.64,5.34,0.00,10.04,338.10,0.09
250,2024-03-19 02:00:00,21.14,16.13,15.82,16.29,47.32,4.63,0.00,12.37,344.20,0.09
250,2024-03-19 02:15:00,20.94,15.86,15.55,16.00,47.49,4.43,0.00,11.94,345.20,0.09
250,2024-03-19 02:30:00,20.75,15.51,15.17,15.64,43.66,2.89,0.00,13.92,356.60,0.09
250,2024-03-19 02:45:00,20.57,15.18,14.76,15.27,43.03,2.32,0.00,14.46,351.40,0.09
250,2024-03-19 03:00:00,20.40,14.74,14.42,14.85,45.65,2.84,0.00,11.94,345.20,0.09
250,2024-03-19 03:15:00,20.23,14.36,13.95,14.40,45.06,2.23,0.00,12.45,344.90,0.09
250,2024-03-19 03:30:00,20.08,13.79,13.47,13.84,44.32,1.56,0.00,12.74,348.90,0.09
250,2024-03-19 03:45:00,19.93,13.39,13.00,13.45,43.16,0.76,0.00,10.53,357.60,0.10
250,2024-03-19 04:00:00,19.77,12.87,12.46,12.91,41.68,-0.21,0.00,12.90,352.40,0.09
250,2024-03-19 04:15:00,19.61,12.57,12.31,12.64,40.49,-0.74,0.00,13.89,349.90,0.09
250,2024-03-19 04:30:00,19.43,12.28,11.97,12.38,40.02,-1.20,0.00,10.50,351.20,0.10
250,2024-03-19 04:45:00,19.25,11.99,11.73,12.09,44.04,-0.11,0.00,8.50,2.94,0.10
250,2024-03-19 05:00:00,19.07,11.66,11.41,11.75,37.36,-2.64,0.00,10.46,10.74,0.09
250,2024-03-19 05:15:00,18.88,11.28,10.89,11.37,38.57,-2.68,0.00,10.39,7.90,0.09
250,2024-03-19 05:30:00,18.70,10.75,10.48,10.90,40.64,-2.34,0.00,8.81,12.66,0.10
250,2024-03-19 05:45:00,18.50,10.31,10.00,10.49,42.16,-2.28,0.00,8.31,12.37,0.09
250,2024-03-19 06:00:00,18.28,9.98,9.74,10.16,42.19,-2.50,0.00,10.15,10.06,0.10
250,2024-03-19 06:15:00,18.05,9.66,9.42,9.84,42.60,-2.66,0.00,9.59,9.20,0.10
250,2024-03-19 06:30:00,17.83,9.37,9.16,9.55,40.29,-3.64,0.00,9.30,13.65,0.10
250,2024-03-19 06:45:00,17.61,9.13,8.90,9.30,42.16,-3.27,0.00,8.51,21.68,0.10
250,2024-03-19 07:00:00,17.39,8.74,8.50,8.96,43.52,-3.21,0.00,5.93,22.34,0.10
250,2024-03-19 07:15:00,17.19,8.48,8.37,8.72,42.47,-3.65,0.00,6.60,26.21,0.14
250,2024-03-19 07:30:00,16.98,8.40,8.20,8.59,42.92,-3.67,0.00,7.83,24.17,1.20
250,2024-03-19 07:45:00,16.79,8.18,7.97,8.35,46.15,-2.90,0.00,6.47,24.05,8.72
250,2024-03-19 08:00:00,16.61,8.24,8.13,8.34,46.77,-2.58,0.00,7.16,12.78,42.84
250,2024-03-19 08:15:00,16.44,8.48,8.22,8.37,46.37,-2.61,0.00,7.19,23.69,91.70
250,2024-03-19 08:30:00,16.32,8.74,8.48,8.43,47.68,-2.00,0.00,7.31,19.53,136.80
250,2024-03-19 08:45:00,16.25,9.21,8.84,8.73,44.98,-2.45,0.00,6.22,24.53,187.10
250,2024-03-19 09:00:00,16.22,9.32,9.09,8.78,42.15,-3.10,0.00,8.63,32.17,242.00
250,2024-03-19 09:15:00,16.26,9.69,9.19,9.04,40.77,-3.46,0.00,8.11,32.43,295.60
250,2024-03-19 09:30:00,16.37,10.08,9.66,9.23,39.40,-3.49,0.00,6.94,22.74,348.60
250,2024-03-19 09:45:00,16.55,10.37,9.96,9.42,40.40,-2.89,0.00,7.96,43.95,400.00
250,2024-03-19 10:00:00,16.78,10.66,10.38,9.48,37.36,-3.56,0.00,8.17,55.74,451.00
250,2024-03-19 10:15:00,17.06,11.04,10.31,9.88,35.50,-4.30,0.00,8.05,47.68,501.90
250,2024-03-19 10:30:00,17.39,11.49,11.44,10.32,39.30,-1.93,0.00,7.03,48.47,550.70
250,2024-03-19 10:45:00,17.76,12.04,11.49,10.66,39.14,-1.94,0.00,5.76,22.16,594.40
250,2024-03-19 11:00:00,18.17,12.15,11.57,10.74,39.10,-1.88,0.00,6.37,14.64,635.30
250,2024-03-19 11:15:00,18.62,12.58,11.61,11.01,33.54,-3.91,0.00,7.39,6.02,676.00
250,2024-03-19 11:30:00,19.09,12.91,12.29,11.42,34.92,-2.77,0.00,6.08,20.55,713.90
250,2024-03-19 11:45:00,19.56,13.25,12.55,11.76,35.19,-2.43,0.00,5.58,32.84,748.70
250,2024-03-19 12:00:00,20.06,13.63,13.30,12.01,32.47,-2.86,0.00,6.17,18.85,778.40
250,2024-03-19 12:15:00,20.58,13.87,12.59,12.28,34.42,-2.70,0.00,5.78,5.68,804.00
250,2024-03-19 12:30:00,21.10,14.40,13.53,12.70,33.03,-2.42,0.00,7.14,5.01,827.00
250,2024-03-19 12:45:00,21.58,14.54,13.34,12.84,31.81,-3.10,0.00,6.66,358.40,845.00
250,2024-03-19 13:00:00,22.05,15.10,14.31,13.27,32.86,-1.81,0.00,7.26,1.66,858.00
250,2024-03-19 13:15:00,22.47,15.35,14.28,13.52,32.16,-2.13,0.00,7.45,346.00,869.00
250,2024-03-19 13:30:00,22.82,15.87,14.82,14.17,31.14,-2.09,0.00,7.05,14.15,849.00
250,2024-03-19 13:45:00,23.10,16.07,15.30,14.43,32.74,-0.99,0.00,6.30,355.10,877.00
250,2024-03-19 14:00:00,23.30,16.18,14.94,14.46,29.97,-2.50,0.00,6.01,5.58,874.00
250,2024-03-19 14:15:00,23.41,16.54,15.73,14.92,31.65,-1.07,0.00,5.50,19.90,867.00
250,2024-03-19 14:30:00,23.51,16.81,15.55,15.06,28.58,-2.61,0.00,6.47,4.04,855.00
250,2024-03-19 14:45:00,23.59,17.39,16.57,15.59,28.59,-1.73,0.00,5.72,8.70,840.00
250,2024-03-19 15:00:00,23.71,17.24,16.15,15.65,30.62,-1.16,0.00,7.22,334.40,819.00
250,2024-03-19 15:15:00,23.91,17.31,16.19,15.58,28.49,-2.10,0.00,5.83,334.80,793.80
250,2024-03-19 15:30:00,24.15,18.04,16.85,16.32,30.65,-0.54,0.00,5.15,354.60,768.10
250,2024-03-19 15:45:00,24.42,18.00,17.31,16.55,27.35,-1.69,0.00,5.14,10.14,741.40
250,2024-03-19 16:00:00,24.70,18.23,17.34,16.58,27.88,-1.41,0.00,5.94,350.20,709.40
250,2024-03-19 16:15:00,24.95,18.36,17.04,16.77,27.58,-1.81,0.00,5.73,9.96,673.40
250,2024-03-19 16:30:00,25.17,18.62,17.26,16.99,27.91,-1.46,0.00,5.33,10.49,635.20
250,2024-03-19 16:45:00,25.33,18.39,17.29,17.05,26.87,-1.95,0.00,3.99,24.82,593.20
250,2024-03-19 17:00:00,25.47,18.74,17.72,17.30,27.15,-1.44,0.00,4.72,317.60,550.40
250,2024-03-19 17:15:00,25.56,18.94,17.55,17.64,25.34,-2.52,0.00,4.48,1.97,502.20
250,2024-03-19 17:30:00,25.60,18.90,17.97,17.66,25.34,-2.16,0.00,4.33,336.70,452.30
250,2024-03-19 17:45:00,25.58,19.00,17.92,17.83,25.66,-2.04,0.00,4.13,6.08,399.90
250,2024-03-19 18:00:00,25.52,19.33,18.18,18.56,25.58,-1.86,0.00,2.11,255.30,345.70
250,2024-03-19 18:15:00,25.43,19.07,17.57,18.32,25.56,-2.39,0.00,3.59,7.49,290.20
250,2024-03-19 18:30:00,25.29,18.98,18.01,18.17,26.02,-1.77,0.00,2.50,321.70,234.90
250,2024-03-19 18:45:00,25.10,19.15,17.94,18.40,27.45,-1.10,0.00,2.12,310.60,182.40
250,2024-03-19 19:00:00,24.88,19.35,17.82,18.43,28.65,-0.62,0.00,1.75,353.70,132.30
250,2024-03-19 19:15:00,24.61,18.70,17.34,18.32,30.26,-0.28,0.00,1.13,1.78,84.80
250,2024-03-19 19:30:00,24.30,16.68,15.69,17.71,35.28,0.38,0.00,1.24,287.80,44.57
250,2024-03-19 19:45:00,23.97,13.82,13.82,15.84,44.12,1.82,0.00,1.16,294.90,7.11
250,2024-03-19 20:00:00,23.59,12.75,12.55,13.98,50.10,2.43,0.00,1.55,348.90,0.98
250,2024-03-19 20:15:00,23.20,11.04,10.94,12.64,55.60,2.40,0.00,0.75,296.90,0.12
250,2024-03-19 20:30:00,22.80,9.86,10.72,11.68,55.41,2.15,0.00,0.65,24.59,0.09
250,2024-03-19 20:45:00,22.42,10.14,10.24,11.27,61.17,3.09,0.00,0.92,132.80,0.09
250,2024-03-19 21:00:00,22.05,9.53,9.79,10.77,59.92,2.38,0.00,1.00,146.70,0.10
250,2024-03-19 21:15:00,21.70,9.07,9.18,10.09,65.51,3.06,0.00,1.57,55.48,0.10
250,2024-03-19 21:30:00,21.37,9.09,9.66,10.70,66.67,3.76,0.00,2.72,122.40,0.10
250,2024-03-19 21:45:00,21.05,9.56,10.20,11.57,63.82,3.66,0.00,2.62,110.80,0.10
250,2024-03-19 22:00:00,20.76,10.43,10.96,11.47,64.21,4.46,0.00,2.39,112.50,0.10
250,2024-03-19 22:15:00,20.47,10.36,10.68,11.31,66.88,4.78,0.00,2.33,106.20,0.10
250,2024-03-19 22:30:00,20.22,10.13,10.55,11.18,68.66,5.03,0.00,2.33,133.20,0.10
250,2024-03-19 22:45:00,19.97,10.40,10.65,11.15,66.93,4.76,0.00,3.28,140.10,0.10
250,2024-03-19 23:00:00,19.74,10.16,9.90,10.87,68.09,4.29,0.00,2.05,136.30,0.11
250,2024-03-19 23:15:00,19.53,9.57,10.18,10.49,67.51,4.44,0.00,3.00,143.00,0.10
250,2024-03-19 23:30:00,19.32,10.02,9.70,10.38,68.49,4.18,0.00,2.44,147.70,0.10
250,2024-03-19 23:45:00,19.12,9.06,8.98,10.01,70.57,3.92,0.00,2.61,176.70,0.10
250,2024-03-20 00:00:00,18.91,6.51,7.20,9.46,77.79,3.58,0.00,3.49,254.60,0.10
250,2024-03-20 00:15:00,18.71,5.96,6.91,8.91,79.12,3.55,0.00,3.12,264.80,0.10
250,2024-03-20 00:30:00,18.50,5.94,6.46,8.73,81.40,3.51,0.00,2.46,266.10,0.10
250,2024-03-20 00:45:00,18.28,5.95,6.86,8.19,84.30,4.39,0.00,2.30,249.30,0.11
250,2024-03-20 01:00:00,18.09,6.46,6.78,8.02,83.50,4.18,0.00,1.21,219.40,0.10
250,2024-03-20 01:15:00,17.90,6.11,6.28,7.40,83.00,3.61,0.00,0.66,177.90,0.10
250,2024-03-20 01:30:00,17.72,5.77,6.42,7.52,84.10,3.93,0.00,1.57,206.20,0.10
250,2024-03-20 01:45:00,17.55,6.19,6.43,7.63,84.00,3.93,0.00,1.55,177.00,0.11
250,2024-03-20 02:00:00,17.39,5.75,5.84,6.91,84.90,3.50,0.00,0.41,230.00,0.10
250,2024-03-20 02:15:00,17.23,5.09,5.40,6.23,86.20,3.28,0.00,0.57,319.80,0.10
250,2024-03-20 02:30:00,17.08,4.97,5.24,6.00,87.60,3.35,0.00,0.88,142.80,0.10
250,2024-03-20 02:45:00,16.91,4.87,4.96,5.53,88.60,3.24,0.00,0.44,17.82,0.10
250,2024-03-20 03:00:00,16.76,4.49,4.76,5.27,89.40,3.17,0.00,0.61,269.40,0.11
250,2024-03-20 03:15:00,16.61,4.14,4.18,4.93,89.90,2.67,0.00,0.59,327.70,0.10
250,2024-03-20 03:30:00,16.46,3.82,4.04,4.69,91.00,2.70,0.00,0.51,126.00,0.10
250,2024-03-20 03:45:00,16.31,3.90,4.08,4.63,91.10,2.76,0.00,0.69,207.50,0.10
250,2024-03-20 04:00:00,16.15,3.87,4.04,4.72,91.40,2.77,0.00,0.95,213.70,0.10
250,2024-03-20 04:15:00,16.02,3.75,4.00,4.48,92.30,2.86,0.00,0.71,249.40,0.10
250,2024-03-20 04:30:00,15.87,3.65,3.72,4.31,92.20,2.57,0.00,0.45,228.30,0.11
250,2024-03-20 04:45:00,15.73,3.64,3.90,4.23,92.90,2.86,0.00,0.58,152.40,0.10
250,2024-03-20 05:00:00,15.60,3.67,3.72,4.34,93.00,2.69,0.00,0.68,236.30,0.10
250,2024-03-20 05:15:00,15.49,3.38,3.86,4.52,93.30,2.88,0.00,1.16,225.10,0.10
250,2024-03-20 05:30:00,15.37,3.50,3.85,4.51,93.70,2.92,0.00,0.72,243.00,0.10
250,2024-03-20 05:45:00,15.25,3.40,3.72,4.30,93.80,2.81,0.00,0.81,211.20,0.10
250,2024-03-20 06:00:00,15.15,3.26,3.83,4.49,93.80,2.92,0.00,1.44,207.40,0.11
250,2024-03-20 06:15:00,15.02,3.39,3.46,4.18,93.50,2.51,0.00,0.84,216.40,0.10
250,2024-03-20 06:30:00,14.91,3.24,3.58,4.24,94.20,2.73,0.00,1.32,200.00,0.10
250,2024-03-20 06:45:00,14.79,3.32,3.38,3.97,93.90,2.49,0.00,0.73,276.20,0.10
250,2024-03-20 07:00:00,14.68,3.09,3.13,3.57,94.10,2.28,0.00,0.57,330.10,0.11
250,2024-03-20 07:15:00,14.57,3.06,3.33,3.70,94.50,2.53,0.00,1.55,186.60,0.22
250,2024-03-20 07:30:00,14.46,3.01,3.00,3.59,94.40,2.18,0.00,0.76,75.56,2.04
250,2024-03-20 07:45:00,14.35,2.85,2.87,3.36,94.60,2.09,0.00,0.48,160.90,8.92
250,2024-03-20 08:00:00,14.24,3.32,3.42,3.64,94.90,2.68,0.00,1.14,212.60,48.66
250,2024-03-20 08:15:00,14.16,5.34,4.83,4.63,94.50,4.02,0.00,1.03,214.40,107.00
250,2024-03-20 08:30:00,14.12,6.68,5.82,5.91,94.50,5.01,0.00,0.81,203.00,152.50
250,2024-03-20 08:45:00,14.13,7.74,6.86,7.18,93.60,5.90,0.00,1.24,226.10,198.70
250,2024-03-20 09:00:00,14.20,9.17,8.48,8.75,91.30,7.14,0.00,0.99,228.80,248.00
250,2024-03-20 09:15:00,14.35,10.49,9.97,10.00,86.90,7.89,0.00,1.42,217.90,293.10
250,2024-03-20 09:30:00,14.58,12.00,11.19,11.48,76.42,7.20,0.00,1.25,220.70,336.40
250,2024-03-20 09:45:00,14.90,12.98,12.36,12.46,71.96,7.45,0.00,0.98,209.90,380.00
250,2024-03-20 10:00:00,15.28,13.94,13.27,13.28,68.05,7.50,0.00,1.54,228.10,429.60
250,2024-03-20 10:15:00,15.71,14.46,13.75,13.63,66.83,7.70,0.00,2.82,354.80,483.00
250,2024-03-20 10:30:00,16.18,14.98,14.55,13.85,63.37,7.68,0.00,2.37,307.60,524.30
250,2024-03-20 10:45:00,16.69,15.81,15.05,14.61,52.13,5.31,0.00,2.43,354.50,555.10
250,2024-03-20 11:00:00,17.22,16.36,15.79,15.24,43.91,3.54,0.00,2.64,311.70,615.80
250,2024-03-20 11:15:00,17.76,17.37,17.32,16.26,42.52,4.47,0.00,2.22,330.70,653.50
250,2024-03-20 11:30:00,18.33,18.34,17.26,17.40,40.50,3.72,0.00,2.63,25.11,688.20
250,2024-03-20 11:45:00,18.93,18.29,17.57,17.07,40.33,3.94,0.00,3.36,73.70,721.60
250,2024-03-20 12:00:00,19.52,18.66,17.70,17.08,34.47,1.84,0.00,4.91,342.90,747.70
250,2024-03-20 12:15:00,20.11,19.25,18.00,17.72,25.82,-1.88,0.00,4.58,320.40,772.90
250,2024-03-20 12:30:00,20.67,19.60,18.14,17.98,30.31,0.43,0.00,3.98,314.30,792.40
250,2024-03-20 12:45:00,21.21,19.85,18.46,18.21,29.13,0.16,0.00,4.03,356.80,818.00
250,2024-03-20 13:00:00,21.73,19.75,18.78,18.20,27.38,-0.41,0.00,5.19,326.90,835.00
250,2024-03-20 13:15:00,22.21,20.11,19.21,18.41,26.59,-0.45,0.00,5.77,351.10,845.00
250,2024-03-20 13:30:00,22.61,20.77,19.67,19.26,26.68,-0.01,0.00,3.95,15.42,828.00
250,2024-03-20 13:45:00,22.97,20.78,19.56,19.04,28.36,0.74,0.00,5.88,352.70,855.00
250,2024-03-20 14:00:00,23.24,21.10,20.03,19.39,29.16,1.53,0.00,4.35,27.66,852.00
250,2024-03-20 14:15:00,23.42,21.35,20.00,19.72,28.20,1.04,0.00,4.92,13.51,844.00
250,2024-03-20 14:30:00,23.57,21.57,20.39,19.98,28.26,1.41,0.00,4.73,353.00,825.00
250,2024-03-20 14:45:00,23.71,22.10,20.56,20.96,27.69,1.27,0.00,2.63,131.80,816.00
250,2024-03-20 15:00:00,23.88,22.68,21.50,21.42,29.77,3.10,0.00,3.20,174.90,793.20
250,2024-03-20 15:15:00,24.11,22.48,21.39,21.17,28.85,2.56,0.00,5.93,120.30,770.00
250,2024-03-20 15:30:00,24.39,22.49,21.58,21.39,26.81,1.69,0.00,3.38,106.80,745.90
250,2024-03-20 15:45:00,24.68,23.67,22.00,22.29,24.48,0.79,0.00,4.23,209.20,720.20
250,2024-03-20 16:00:00,24.98,23.60,22.65,22.04,23.49,0.76,0.00,5.25,272.80,685.50
250,2024-03-20 16:15:00,25.26,23.58,22.52,22.11,29.82,4.00,0.00,4.81,299.70,646.30
250,2024-03-20 16:30:00,25.52,23.72,22.41,22.28,24.48,1.13,0.00,4.93,266.90,608.10
250,2024-03-20 16:45:00,25.72,23.64,22.41,22.23,25.53,1.72,0.00,6.52,258.40,569.40
250,2024-03-20 17:00:00,25.88,23.54,22.38,22.17,26.28,2.10,0.00,7.69,240.40,526.20
250,2024-03-20 17:15:00,25.96,23.65,22.60,22.43,22.55,0.16,0.00,6.21,243.20,484.20
250,2024-03-20 17:30:00,25.98,23.71,22.82,22.52,22.00,-0.00,0.00,7.28,244.90,434.10
250,2024-03-20 17:45:00,25.97,23.83,23.10,22.67,23.73,1.28,0.00,5.95,285.90,382.40
250,2024-03-20 18:00:00,25.92,23.74,22.73,22.72,24.28,1.29,0.00,5.34,255.70,329.20
250,2024-03-20 18:15:00,25.83,23.48,22.44,22.73,24.34,1.08,0.00,4.66,241.20,272.30
250,2024-03-20 18:30:00,25.70,23.37,22.39,22.75,26.34,2.14,0.00,4.46,234.60,220.00
250,2024-03-20 18:45:00,25.53,23.04,22.25,22.60,28.83,3.29,0.00,4.28,246.00,166.20
250,2024-03-20 19:00:00,25.33,22.30,21.46,22.21,32.56,4.33,0.00,4.64,224.30,119.40
250,2024-03-20 19:15:00,25.08,21.39,20.23,22.00,41.94,6.89,0.00,4.05,220.10,78.38
250,2024-03-20 19:30:00,24.80,19.76,19.18,20.61,43.52,6.48,0.00,8.34,240.60,36.71
250,2024-03-20 19:45:00,24.50,18.65,18.47,19.75,44.18,6.06,0.00,8.27,246.50,5.64
250,2024-03-20 20:00:00,24.14,17.64,17.87,19.06,45.35,5.89,0.00,8.29,250.40,0.90
250,2024-03-20 20:15:00,23.79,16.72,16.63,18.43,49.71,6.08,0.00,7.60,250.10,0.13
250,2024-03-20 20:30:00,23.43,16.52,16.50,17.79,49.62,5.94,0.00,8.10,253.00,0.10
250,2024-03-20 20:45:00,23.08,15.79,15.70,17.13,50.85,5.55,0.00,7.48,258.70,0.10
250,2024-03-20 21:00:00,22.73,15.31,15.21,16.63,52.27,5.50,0.00,7.43,258.50,0.10
250,2024-03-20 21:15:00,22.41,14.41,14.60,16.05,53.09,5.16,0.00,6.05,261.20,0.10
250,2024-03-20 21:30:00,22.10,13.53,13.64,15.45,56.31,5.11,0.00,3.52,270.30,0.10
250,2024-03-20 21:45:00,21.81,12.82,13.61,14.96,57.16,5.29,0.00,2.27,262.60,0.10
250,2024-03-20 22:00:00,21.51,12.48,13.26,14.66,57.33,5.01,0.00,2.20,269.30,0.10
250,2024-03-20 22:15:00,21.24,12.08,12.97,14.31,58.27,4.97,0.00,2.04,273.70,0.10
250,2024-03-20 22:30:00,20.97,11.13,11.47,13.72,64.02,4.91,0.00,2.04,283.20,0.10
250,2024-03-20 22:45:00,20.70,10.69,11.30,13.20,65.04,4.97,0.00,1.14,334.70,0.10
250,2024-03-20 23:00:00,20.46,10.54,10.79,12.24,66.05,4.71,0.00,0.66,84.30,0.10
250,2024-03-20 23:15:00,20.21,9.25,10.10,11.38,77.28,6.31,0.00,1.31,198.20,0.10
250,2024-03-20 23:30:00,19.97,9.10,9.54,10.82,78.56,6.00,0.00,0.99,228.70,0.11
250,2024-03-20 23:45:00,19.73,8.40,8.98,10.20,78.08,5.37,0.00,0.79,355.20,0.11
250,2024-03-21 00:00:00,19.52,8.02,8.31,9.67,77.92,4.69,0.00,0.80,58.00,0.11
250,2024-03-21 00:15:00,19.31,7.84,8.41,9.37,78.25,4.84,0.00,1.20,358.40,0.10
250,2024-03-21 00:30:00,19.10,7.84,8.30,10.07,79.11,4.89,0.00,1.72,314.80,0.11
250,2024-03-21 00:45:00,18.91,8.07,8.58,11.65,77.64,4.90,0.00,2.36,321.30,0.11
250,2024-03-21 01:00:00,18.72,7.98,8.56,11.69,77.71,4.89,0.00,1.81,307.10,0.11
250,2024-03-21 01:15:00,18.55,7.65,7.89,11.28,80.80,4.80,0.00,1.41,304.60,0.11
250,2024-03-21 01:30:00,18.37,7.17,7.65,10.53,81.80,4.74,0.00,1.58,286.50,0.11
250,2024-03-21 01:45:00,18.21,7.03,7.72,10.96,82.40,4.91,0.00,1.39,309.40,0.11
250,2024-03-21 02:00:00,18.04,7.30,7.92,10.33,81.10,4.88,0.00,1.19,340.00,0.11
250,2024-03-21 02:15:00,17.89,6.89,7.72,9.53,83.40,5.09,0.00,0.79,259.40,0.10
250,2024-03-21 02:30:00,17.73,6.97,7.78,8.88,85.40,5.48,0.00,1.43,236.80,0.11
250,2024-03-21 02:45:00,17.58,7.25,7.65,8.76,85.40,5.36,0.00,1.17,163.40,0.11
250,2024-03-21 03:00:00,17.43,7.10,7.17,8.15,85.00,4.82,0.00,0.67,51.88,0.11
250,2024-03-21 03:15:00,17.28,6.54,6.74,7.70,85.90,4.55,0.00,0.41,351.50,0.10
250,2024-03-21 03:30:00,17.14,5.94,6.70,7.33,87.60,4.79,0.00,0.67,176.70,0.11
250,2024-03-21 03:45:00,17.01,6.00,6.55,7.42,88.50,4.78,0.00,0.90,235.10,0.10
250,2024-03-21 04:00:00,16.86,5.07,5.75,7.36,89.40,4.14,0.00,1.33,248.60,0.10
250,2024-03-21 04:15:00,16.72,5.32,5.88,7.24,89.60,4.31,0.00,0.85,251.30,0.10
250,2024-03-21 04:30:00,16.58,5.56,5.72,7.12,89.30,4.10,0.00,1.07,352.10,0.10
250,2024-03-21 04:45:00,16.45,5.93,6.40,7.19,90.80,5.01,0.00,2.33,176.60,0.10
250,2024-03-21 05:00:00,16.31,5.94,5.75,6.91,90.30,4.29,0.00,1.97,108.70,0.10
250,2024-03-21 05:15:00,16.20,5.82,6.28,7.13,90.80,4.89,0.00,1.73,137.70,0.12
250,2024-03-21 05:30:00,16.08,5.77,6.24,7.07,90.40,4.78,0.00,1.26,70.85,0.10
250,2024-03-21 05:45:00,15.97,5.66,5.78,7.04,89.70,4.22,0.00,1.08,112.30,0.10
250,2024-03-21 06:00:00,15.84,5.20,5.60,6.64,90.80,4.21,0.00,0.74,140.00,0.10
250,2024-03-21 06:15:00,15.74,5.09,5.50,6.17,91.30,4.19,0.00,0.42,138.80,0.11
250,2024-03-21 06:30:00,15.62,5.02,5.43,5.94,91.80,4.20,0.00,0.43,133.60,0.10
250,2024-03-21 06:45:00,15.51,5.03,5.37,5.74,92.00,4.18,0.00,0.38,196.90,0.10
250,2024-03-21 07:00:00,15.41,4.90,5.15,5.78,91.80,3.92,0.00,1.02,172.70,0.11
250,2024-03-21 07:15:00,15.31,4.75,5.15,5.93,93.00,4.11,0.00,1.12,208.40,0.23
250,2024-03-21 07:30:00,15.20,4.84,5.10,5.69,93.10,4.08,0.00,0.96,197.80,2.28
250,2024-03-21 07:45:00,15.10,5.01,5.16,5.49,93.50,4.20,0.00,0.74,185.60,10.23
250,2024-03-21 08:00:00,15.02,5.05,5.20,5.76,93.70,4.27,0.00,0.79,233.90,41.99
250,2024-03-21 08:15:00,14.94,6.69,6.62,6.50,94.50,5.80,0.00,0.92,215.60,95.10
250,2024-03-21 08:30:00,14.90,7.93,7.07,7.45,93.20,6.04,0.00,1.50,179.70,139.70
250,2024-03-21 08:45:00,14.91,8.75,8.44,8.70,93.10,7.39,0.00,0.82,191.50,186.40
250,2024-03-21 09:00:00,14.96,11.34,11.15,11.39,89.10,9.42,0.00,0.46,181.40,230.40
250,2024-03-21 09:15:00,15.10,12.88,12.11,13.73,80.20,8.80,0.00,0.62,153.70,275.40
250,2024-03-21 09:30:00,15.32,13.80,13.43,13.79,73.87,8.87,0.00,0.85,182.60,325.00
250,2024-03-21 09:45:00,15.62,15.10,14.39,14.72,70.78,9.16,0.00,1.40,193.00,376.10
250,2024-03-21 10:00:00,15.99,15.90,15.68,15.30,63.79,8.85,0.00,2.08,148.10,425.40
250,2024-03-21 10:15:00,16.41,17.42,16.83,16.50,56.19,8.06,0.00,2.46,81.40,473.70
250,2024-03-21 10:30:00,16.87,18.03,16.98,16.91,51.98,7.06,0.00,4.09,59.51,520.10
250,2024-03-21 10:45:00,17.37,18.46,18.00,17.27,50.66,7.62,0.00,4.91,52.34,564.80
250,2024-03-21 11:00:00,17.88,19.16,18.36,17.90,49.68,7.67,0.00,5.48,72.72,610.70
250,2024-03-21 11:15:00,18.40,19.71,19.12,18.49,48.18,7.91,0.00,5.46,65.10,646.90
250,2024-03-21 11:30:00,18.94,20.24,19.54,19.00,44.30,7.07,0.00,5.11,55.39,681.10
250,2024-03-21 11:45:00,19.50,21.24,20.31,19.94,43.43,7.48,0.00,4.52,66.79,710.00
250,2024-03-21 12:00:00,20.07,22.10,21.22,20.76,40.39,7.23,0.00,3.66,90.50,742.10
250,2024-03-21 12:15:00,20.67,22.77,21.47,21.55,34.79,5.29,0.00,4.09,109.70,768.60
250,2024-03-21 12:30:00,21.25,23.20,22.18,22.00,30.10,3.84,0.00,4.08,104.30,785.20
250,2024-03-21 12:45:00,21.84,23.89,22.32,22.58,33.83,5.64,0.00,4.25,61.38,806.00
250,2024-03-21 13:00:00,22.40,23.75,22.83,22.43,26.62,2.66,0.00,3.46,71.40,818.00
250,2024-03-21 13:15:00,22.91,24.51,23.58,23.38,25.31,2.59,0.00,4.14,139.30,837.00
250,2024-03-21 13:30:00,23.40,25.17,24.19,23.76,19.54,-0.49,0.00,3.92,103.60,819.00
250,2024-03-21 13:45:00,23.82,25.42,23.91,24.10,21.68,0.71,0.00,3.53,94.40,828.00
250,2024-03-21 14:00:00,24.16,25.71,24.70,24.51,25.95,3.90,0.00,3.49,90.20,850.00
250,2024-03-21 14:15:00,24.42,25.83,24.49,24.55,30.56,6.06,0.00,3.97,108.30,822.00
250,2024-03-21 14:30:00,24.65,25.99,24.95,24.90,32.27,7.25,0.00,2.61,166.20,819.00
250,2024-03-21 14:45:00,24.84,26.31,25.58,25.25,28.67,6.08,0.00,3.35,143.50,804.00
250,2024-03-21 15:00:00,25.04,26.55,24.97,25.30,30.19,6.30,0.00,3.92,76.02,780.40
250,2024-03-21 15:15:00,25.29,26.42,25.33,25.09,31.83,7.39,0.00,3.74,17.90,754.30
250,2024-03-21 15:30:00,25.56,26.61,25.27,25.39,31.05,6.97,0.00,5.57,97.90,721.50
250,2024-03-21 15:45:00,25.85,26.86,25.98,25.69,30.47,7.31,0.00,3.17,157.10,699.20
250,2024-03-21 16:00:00,26.13,27.08,25.88,25.90,34.27,8.95,0.00,5.51,132.50,655.90
250,2024-03-21 16:15:00,26.41,27.00,26.15,25.86,33.06,8.66,0.00,5.01,136.90,625.60
250,2024-03-21 16:30:00,26.63,27.20,26.12,26.21,32.44,8.35,0.00,5.06,153.80,575.70
250,2024-03-21 16:45:00,26.82,27.50,26.73,26.53,32.07,8.72,0.00,5.06,138.80,564.30
250,2024-03-21 17:00:00,26.97,27.42,26.57,26.40,33.44,9.20,0.00,4.42,140.90,469.40
250,2024-03-21 17:15:00,27.08,27.55,26.79,26.64,34.51,9.86,0.00,5.46,116.40,445.90
250,2024-03-21 17:30:00,27.14,27.15,26.37,26.36,34.53,9.50,0.00,4.45,68.90,332.30
250,2024-03-21 17:45:00,27.13,27.33,26.25,26.61,37.84,10.76,0.00,3.89,98.50,273.30
250,2024-03-21 18:00:00,27.07,26.59,25.88,26.17,39.83,11.20,0.00,5.04,85.40,192.30
250,2024-03-21 18:15:00,26.97,26.33,25.69,26.01,40.91,11.43,0.00,3.71,99.90,151.50
250,2024-03-21 18:30:00,26.79,26.08,25.30,25.84,44.04,12.20,0.00,4.68,91.70,112.20
250,2024-03-21 18:45:00,26.61,25.50,24.94,25.34,45.62,12.41,0.00,5.57,96.70,90.80
250,2024-03-21 19:00:00,26.41,25.28,24.73,25.19,44.93,11.99,0.00,4.87,115.50,64.02
250,2024-03-21 19:15:00,26.18,24.71,23.95,24.79,49.77,12.83,0.00,3.01,115.10,35.71
250,2024-03-21 19:30:00,25.95,23.97,23.58,24.26,49.35,12.36,0.00,2.94,112.50,18.39
250,2024-03-21 19:45:00,25.70,23.55,23.11,23.96,51.46,12.57,0.00,3.98,88.60,3.82
250,2024-03-21 20:00:00,25.43,22.92,22.67,23.34,56.21,13.51,0.00,4.45,88.10,0.55
250,2024-03-21 20:15:00,25.15,22.58,22.18,22.75,62.10,14.59,0.00,5.52,91.30,0.11
250,2024-03-21 20:30:00,24.90,22.18,21.84,22.34,64.90,14.95,0.00,5.88,91.30,0.11
250,2024-03-21 20:45:00,24.66,21.85,21.44,21.98,66.97,15.06,0.00,5.67,91.80,0.10
250,2024-03-21 21:00:00,24.45,21.52,21.18,21.63,67.89,15.02,0.00,6.32,92.20,0.11
250,2024-03-21 21:15:00,24.25,21.23,20.88,21.31,69.34,15.06,0.00,7.11,88.60,0.10
250,2024-03-21 21:30:00,24.06,20.91,20.49,20.99,70.67,14.98,0.00,6.27,88.10,0.10
250,2024-03-21 21:45:00,23.88,20.57,20.23,20.69,71.74,14.97,0.00,5.81,91.40,0.10
250,2024-03-21 22:00:00,23.71,20.29,19.91,20.40,72.82,14.89,0.00,5.05,92.20,0.11
250,2024-03-21 22:15:00,23.54,20.00,19.64,20.12,74.23,14.93,0.00,5.53,95.20,0.10
250,2024-03-21 22:30:00,23.37,19.81,19.50,19.90,75.35,15.03,0.00,5.40,98.60,0.11
250,2024-03-21 22:45:00,23.22,19.64,19.30,19.70,76.08,14.98,0.00,5.38,98.10,0.11
250,2024-03-21 23:00:00,23.07,19.46,19.21,19.53,76.87,15.06,0.00,5.07,97.90,0.10
250,2024-03-21 23:15:00,22.94,19.32,19.02,19.42,77.84,15.07,0.00,3.98,98.20,0.10
250,2024-03-21 23:30:00,22.81,19.20,18.94,19.30,78.27,15.08,0.00,3.85,96.20,0.10
250,2024-03-21 23:45:00,22.69,19.17,18.81,19.23,79.07,15.11,0.00,4.20,101.50,0.10
250,2024-03-22 00:00:00,22.58,19.14,18.92,19.18,79.27,15.25,0.00,4.55,103.70,0.11
250,2024-03-22 00:15:00,22.48,19.27,19.03,19.29,79.20,15.35,0.00,2.79,126.10,0.10
250,2024-03-22 00:30:00,22.39,19.27,19.03,19.33,79.39,15.38,0.00,2.84,88.70,0.10
250,2024-03-22 00:45:00,22.30,19.27,18.99,19.38,79.53,15.37,0.00,2.86,86.10,0.10
250,2024-03-22 01:00:00,22.21,19.24,19.05,19.34,80.00,15.52,0.00,2.82,100.00,0.10
250,2024-03-22 01:15:00,22.14,19.27,19.02,19.34,80.70,15.63,0.00,2.74,103.10,0.10
250,2024-03-22 01:30:00,22.08,19.36,19.11,19.36,80.80,15.74,0.00,2.45,98.50,0.10
250,2024-03-22 01:45:00,22.02,19.47,19.22,19.47,80.40,15.77,0.00,3.19,94.90,0.10
250,2024-03-22 02:00:00,21.98,19.57,19.26,19.54,80.30,15.79,0.00,4.22,86.70,0.10
250,2024-03-22 02:15:00,21.94,19.38,18.92,19.39,82.60,15.90,0.00,3.60,94.70,0.10
250,2024-03-22 02:30:00,21.89,18.90,18.48,18.93,85.50,16.00,0.00,3.01,90.10,0.10
250,2024-03-22 02:45:00,21.83,18.58,18.13,18.62,87.90,16.09,0.03,3.05,94.20,0.10
250,2024-03-22 03:00:00,21.75,18.24,17.89,18.23,90.10,16.24,0.03,3.61,77.79,0.10
250,2024-03-22 03:15:00,21.64,18.18,17.92,18.11,91.20,16.47,0.00,4.51,77.76,0.10
250,2024-03-22 03:30:00,21.52,18.34,18.06,18.28,91.30,16.62,0.00,5.54,84.60,0.10
250,2024-03-22 03:45:00,21.40,18.38,18.06,18.35,91.50,16.66,0.00,4.87,101.30,0.10
250,2024-03-22 04:00:00,21.28,18.40,18.08,18.35,91.80,16.73,0.02,3.77,110.40,0.10
250,2024-03-22 04:15:00,21.18,18.36,18.04,18.24,92.30,16.77,0.07,4.52,117.00,0.10
250,2024-03-22 04:30:00,21.08,18.27,17.92,18.14,92.70,16.72,0.09,4.29,111.80,0.10
250,2024-03-22 04:45:00,20.92,18.24,17.93,18.13,93.10,16.80,0.06,4.93,116.20,0.10
250,2024-03-22 05:00:00,20.76,18.23,17.90,18.12,93.30,16.80,0.03,5.62,131.00,0.10
250,2024-03-22 05:15:00,20.61,18.20,17.86,18.11,93.40,16.78,0.07,5.97,133.50,0.10
250,2024-03-22 05:30:00,20.49,18.18,17.86,18.06,93.50,16.80,0.05,6.45,139.40,0.10
250,2024-03-22 05:45:00,20.38,18.16,17.85,18.02,93.50,16.79,0.05,7.59,147.80,0.10
250,2024-03-22 06:00:00,20.28,18.12,17.80,17.99,93.60,16.75,0.02,7.37,137.70,0.10
250,2024-03-22 06:15:00,20.19,18.11,17.80,17.99,93.70,16.77,0.00,6.41,125.30,0.11
250,2024-03-22 06:30:00,20.14,18.17,17.82,18.03,93.60,16.77,0.00,7.13,140.10,0.10
250,2024-03-22 06:45:00,20.08,18.11,17.75,17.97,93.70,16.72,0.08,7.76,144.90,0.10
250,2024-03-22 07:00:00,20.01,18.01,17.66,17.88,93.90,16.67,0.03,7.78,154.80,0.10
250,2024-03-22 07:15:00,19.93,18.03,17.70,17.91,93.90,16.71,0.01,7.90,147.20,0.11
250,2024-03-22 07:30:00,19.87,18.01,17.69,17.88,93.90,16.70,0.01,7.21,152.10,0.22
250,2024-03-22 07:45:00,19.82,18.02,17.69,17.90,93.80,16.68,0.01,5.33,157.40,0.58
250,2024-03-22 08:00:00,19.79,18.02,17.67,17.90,93.70,16.64,0.03,5.80,158.80,2.19
250,2024-03-22 08:15:00,19.74,17.94,17.61,17.87,93.80,16.60,0.09,7.54,143.10,11.17
250,2024-03-22 08:30:00,19.68,17.87,17.59,17.75,94.00,16.61,0.06,8.85,135.40,16.90
250,2024-03-22 08:45:00,19.62,17.92,17.61,17.81,94.00,16.63,0.00,8.21,139.10,11.76
250,2024-03-22 09:00:00,19.58,18.01,17.67,17.89,93.80,16.66,0.01,8.19,144.00,20.36
250,2024-03-22 09:15:00,19.56,18.06,17.70,17.93,93.40,16.62,0.01,10.26,144.80,51.08
250,2024-03-22 09:30:00,19.55,17.98,17.63,17.90,93.30,16.54,0.00,8.49,150.40,24.52
250,2024-03-22 09:45:00,19.54,17.98,17.65,17.89,93.20,16.54,0.00,7.94,147.00,31.32
250,2024-03-22 10:00:00,19.53,17.98,17.69,17.89,93.50,16.63,0.01,6.45,148.70,24.68
250,2024-03-22 10:15:00,19.52,17.98,17.67,17.88,93.60,16.63,0.01,6.88,151.80,21.60
250,2024-03-22 10:30:00,19.52,17.98,17.72,17.89,93.90,16.73,0.01,6.67,142.50,34.04
250,2024-03-22 10:45:00,19.50,18.07,17.75,17.94,93.80,16.74,0.00,7.26,148.30,28.73
250,2024-03-22 11:00:00,19.51,18.16,17.85,18.02,93.60,16.80,0.00,6.79,138.10,59.53
250,2024-03-22 11:15:00,19.53,18.43,18.14,18.20,93.40,17.06,0.00,7.33,136.40,140.70
250,2024-03-22 11:30:00,19.60,18.67,18.36,18.38,92.80,17.17,0.00,7.76,138.90,215.90
250,2024-03-22 11:45:00,19.75,19.21,19.03,18.77,91.40,17.60,0.00,8.44,142.10,367.20
250,2024-03-22 12:00:00,19.99,19.75,19.54,19.25,88.40,17.57,0.00,9.02,145.10,400.80
250,2024-03-22 12:15:00,20.31,20.02,19.57,19.55,86.30,17.22,0.00,8.72,141.40,309.30
250,2024-03-22 12:30:00,20.56,20.19,19.72,19.71,86.00,17.31,0.00,7.93,140.20,232.40
250,2024-03-22 12:45:00,20.74,20.11,19.69,19.77,85.50,17.19,0.00,8.59,146.60,133.90
250,2024-03-22 13:00:00,20.80,20.03,19.64,19.80,85.40,17.12,0.00,7.88,145.70,69.18
250,2024-03-22 13:15:00,20.76,20.25,19.87,19.94,83.50,16.99,0.00,9.85,149.50,170.30
250,2024-03-22 13:30:00,20.75,20.42,20.10,20.13,83.10,17.14,0.00,9.73,144.90,197.90
250,2024-03-22 13:45:00,20.77,21.17,20.92,20.64,80.80,17.50,0.00,10.10,144.60,428.70
250,2024-03-22 14:00:00,20.92,21.35,20.71,20.95,80.80,17.30,0.00,9.81,152.90,215.00
250,2024-03-22 14:15:00,21.08,21.23,20.88,20.92,80.30,17.36,0.00,10.64,155.60,208.10
250,2024-03-22 14:30:00,21.13,21.53,21.23,21.18,78.37,17.32,0.00,10.40,160.80,272.30
250,2024-03-22 14:45:00,21.20,22.07,21.82,21.53,77.99,17.81,0.00,12.45,164.20,417.40
250,2024-03-22 15:00:00,21.33,22.21,21.70,21.77,76.83,17.46,0.00,13.95,162.50,357.70
250,2024-03-22 15:15:00,21.48,22.50,22.15,22.05,75.82,17.69,0.00,9.50,171.10,313.80
250,2024-03-22 15:30:00,21.60,23.05,22.63,22.51,74.46,17.86,0.00,9.00,166.90,381.70
250,2024-03-22 15:45:00,21.77,23.23,22.79,22.71,73.70,17.85,0.00,11.18,170.50,346.80
250,2024-03-22 16:00:00,21.91,22.92,22.51,22.56,75.05,17.87,0.00,11.05,158.70,235.20
250,2024-03-22 16:15:00,21.97,22.77,22.15,22.52,74.49,17.41,0.00,10.39,164.30,129.30
250,2024-03-22 16:30:00,21.93,22.49,22.04,22.33,75.62,17.54,0.00,9.23,170.60,66.74
250,2024-03-22 16:45:00,21.82,22.45,22.08,22.30,75.99,17.65,0.00,8.10,174.70,67.68
250,2024-03-22 17:00:00,21.71,22.35,21.87,22.26,77.69,17.80,0.00,6.60,182.20,39.22
250,2024-03-22 17:15:00,21.62,22.46,22.14,22.31,76.25,17.77,0.00,4.05,175.60,81.10
250,2024-03-22 17:30:00,21.57,22.53,22.09,22.37,77.87,18.05,0.00,4.33,199.30,71.09
250,2024-03-22 17:45:00,21.55,22.36,21.88,22.37,79.10,18.10,0.00,5.07,203.00,41.11
250,2024-03-22 18:00:00,21.53,22.37,21.91,22.35,78.74,18.05,0.00,4.38,190.90,65.49
250,2024-03-22 18:15:00,21.51,22.15,21.67,22.19,80.50,18.17,0.00,3.73,197.70,29.26
250,2024-03-22 18:30:00,21.48,21.92,21.47,22.07,81.30,18.13,0.00,3.47,186.50,15.00
250,2024-03-22 18:45:00,21.44,21.72,21.34,21.81,81.80,18.11,0.00,3.32,176.50,13.31
250,2024-03-22 19:00:00,21.40,21.32,20.82,21.44,85.00,18.21,0.00,4.87,189.50,14.27
250,2024-03-22 19:15:00,21.34,20.66,19.98,20.70,88.10,17.95,0.07,7.24,211.80,3.90
250,2024-03-22 19:30:00,21.27,20.03,19.69,20.05,89.80,17.97,0.00,5.49,198.20,5.11
250,2024-03-22 19:45:00,21.16,19.81,19.40,19.81,91.00,17.89,0.01,3.81,132.90,1.16
250,2024-03-22 20:00:00,21.06,19.59,19.26,19.55,91.90,17.91,0.00,3.88,115.80,0.28
250,2024-03-22 20:15:00,20.97,19.56,19.30,19.49,92.20,18.00,0.00,2.01,107.90,0.11
250,2024-03-22 20:30:00,20.89,19.56,19.22,19.51,92.40,17.96,0.00,2.27,81.80,0.10
250,2024-03-22 20:45:00,20.82,19.43,19.12,19.47,92.50,17.88,0.00,2.78,224.60,0.10
250,2024-03-22 21:00:00,20.75,19.41,19.13,19.42,92.70,17.92,0.00,3.04,174.10,0.10
250,2024-03-22 21:15:00,20.69,19.41,19.11,19.36,92.90,17.93,0.00,3.07,172.10,0.10
250,2024-03-22 21:30:00,20.65,19.30,18.94,19.27,92.90,17.77,0.00,2.38,115.00,0.10
250,2024-03-22 21:45:00,20.60,19.01,18.71,19.06,93.40,17.62,0.00,3.47,104.50,0.10
250,2024-03-22 22:00:00,20.53,18.92,18.62,18.94,93.60,17.57,0.00,2.96,113.50,0.10
250,2024-03-22 22:15:00,20.45,18.80,18.50,18.82,93.70,17.47,0.00,2.69,114.70,0.10
250,2024-03-22 22:30:00,20.36,18.74,18.48,18.75,93.90,17.48,0.00,1.26,253.70,0.10
250,2024-03-22 22:45:00,20.29,18.52,18.14,18.65,93.70,17.11,0.00,1.40,194.70,0.10
250,2024-03-22 23:00:00,20.21,18.07,17.69,18.43,94.10,16.73,0.00,2.38,197.70,0.10
250,2024-03-22 23:15:00,20.11,18.06,17.83,18.41,94.30,16.90,0.00,2.15,174.10,0.10
250,2024-03-22 23:30:00,20.02,17.65,17.36,18.30,94.20,16.42,0.00,3.42,183.00,0.10
250,2024-03-22 23:45:00,19.92,17.37,17.55,18.25,95.20,16.77,0.00,4.41,190.10,0.10
250,2024-03-23 00:00:00,19.81,17.90,17.69,18.15,95.00,16.88,0.00,5.00,175.40,0.10
250,2024-03-23 00:15:00,19.70,17.69,17.50,18.03,95.20,16.72,0.00,3.90,179.40,0.10
250,2024-03-23 00:30:00,19.60,17.65,17.41,17.98,95.10,16.62,0.00,3.88,184.10,0.10
250,2024-03-23 00:45:00,19.49,17.23,17.41,17.90,95.50,16.68,0.00,2.36,240.80,0.10
250,2024-03-23 01:00:00,19.39,17.17,17.17,17.87,95.40,16.43,0.00,2.33,286.90,0.10
250,2024-03-23 01:15:00,19.28,16.88,16.96,17.78,95.70,16.27,0.00,2.88,326.70,0.11
250,2024-03-23 01:30:00,19.18,16.90,16.92,17.69,95.70,16.23,0.00,1.80,16.56,0.10
250,2024-03-23 01:45:00,19.08,16.78,16.68,17.60,95.70,15.99,0.00,1.68,155.40,0.11
250,2024-03-23 02:00:00,18.99,16.30,16.09,17.08,95.70,15.40,0.00,1.02,73.10,0.10
250,2024-03-23 02:15:00,18.89,15.76,15.59,16.68,95.70,14.91,0.00,0.82,42.99,0.10
250,2024-03-23 02:30:00,18.80,15.16,15.01,16.34,96.00,14.38,0.00,0.63,73.00,0.10
250,2024-03-23 02:45:00,18.71,15.14,15.33,16.18,96.30,14.74,0.00,1.21,62.65,0.10
250,2024-03-23 03:00:00,18.62,15.56,15.75,16.21,96.50,15.19,0.00,1.63,132.30,0.10
250,2024-03-23 03:15:00,18.53,15.64,15.54,16.11,96.30,14.95,0.00,1.03,133.90,0.10
250,2024-03-23 03:30:00,18.45,15.61,15.68,16.09,96.60,15.14,0.00,2.79,112.90,0.11
250,2024-03-23 03:45:00,18.40,16.06,16.05,16.27,96.80,15.54,0.00,3.20,95.70,0.10
250,2024-03-23 04:00:00,18.37,16.61,16.39,16.63,96.70,15.86,0.00,3.60,120.60,0.10
250,2024-03-23 04:15:00,18.38,16.63,16.36,16.61,96.60,15.82,0.00,2.35,126.40,0.10
250,2024-03-23 04:30:00,18.41,16.68,16.54,16.73,96.80,16.03,0.00,3.07,112.70,0.09
250,2024-03-23 04:45:00,18.42,16.83,16.64,16.93,96.70,16.11,0.00,3.02,121.50,0.10
250,2024-03-23 05:00:00,18.40,16.92,16.71,16.99,96.70,16.18,0.00,2.97,127.30,0.10
250,2024-03-23 05:15:00,18.39,17.01,16.71,17.00,96.70,16.18,0.00,2.70,131.30,0.10
250,2024-03-23 05:30:00,18.39,16.94,16.74,16.96,96.80,16.23,0.00,2.29,121.30,0.10
250,2024-03-23 05:45:00,18.40,17.14,16.85,17.09,96.80,16.34,0.00,2.72,137.40,0.10
250,2024-03-23 06:00:00,18.41,17.23,16.91,17.16,96.70,16.38,0.00,3.48,155.30,0.10
250,2024-03-23 06:15:00,18.44,17.30,16.98,17.22,96.70,16.45,0.00,4.26,165.30,0.10
250,2024-03-23 06:30:00,18.47,17.34,16.98,17.27,96.70,16.45,0.00,4.05,163.50,0.10
250,2024-03-23 06:45:00,18.49,17.31,16.92,17.26,96.60,16.38,0.00,4.36,167.20,0.10
250,2024-03-23 07:00:00,18.47,17.25,16.94,17.23,96.60,16.40,0.00,4.13,155.70,0.10
250,2024-03-23 07:15:00,18.46,17.22,16.83,17.19,96.60,16.29,0.00,4.02,158.50,0.18
250,2024-03-23 07:30:00,18.44,17.06,16.68,17.09,96.50,16.12,0.00,2.25,177.10,1.49
250,2024-03-23 07:45:00,18.41,16.93,16.71,17.04,96.70,16.18,0.00,1.76,188.60,7.27
250,2024-03-23 08:00:00,18.40,17.15,16.92,17.12,96.80,16.41,0.00,1.49,177.10,7.63
250,2024-03-23 08:15:00,18.42,17.33,17.08,17.26,96.80,16.57,0.00,2.47,166.70,18.07
250,2024-03-23 08:30:00,18.46,17.49,17.14,17.37,96.70,16.61,0.00,2.73,174.00,26.19
250,2024-03-23 08:45:00,18.53,17.68,17.48,17.50,96.80,16.97,0.00,4.20,178.60,70.09
250,2024-03-23 09:00:00,18.61,17.99,17.70,17.74,96.70,17.17,0.00,4.13,184.50,119.90
250,2024-03-23 09:15:00,18.71,18.73,18.47,18.21,96.60,17.92,0.00,4.13,200.10,222.70
250,2024-03-23 09:30:00,18.92,19.24,18.85,18.62,96.00,18.20,0.00,5.11,223.70,273.60
250,2024-03-23 09:45:00,19.19,20.12,19.66,19.37,95.50,18.92,0.00,5.57,225.90,332.10
250,2024-03-23 10:00:00,19.51,20.96,20.14,20.09,93.70,19.09,0.00,6.22,222.20,399.90
250,2024-03-23 10:15:00,19.89,21.73,21.03,20.83,90.70,19.45,0.00,6.57,232.40,457.50
250,2024-03-23 10:30:00,20.31,22.33,21.67,21.25,86.30,19.28,0.00,7.74,262.50,505.90
250,2024-03-23 10:45:00,20.74,22.83,22.09,21.78,81.00,18.68,0.00,7.32,275.00,557.50
250,2024-03-23 11:00:00,21.16,22.85,22.21,21.81,79.10,18.42,0.00,7.64,287.90,496.10
250,2024-03-23 11:15:00,21.55,23.39,22.53,22.32,77.30,18.36,0.00,6.37,303.70,559.40
250,2024-03-23 11:30:00,21.98,23.99,23.10,22.61,73.68,18.15,0.00,8.65,283.20,778.30
250,2024-03-23 11:45:00,22.42,24.11,22.80,22.95,75.92,18.34,0.00,7.82,314.20,589.70
250,2024-03-23 12:00:00,22.82,24.17,23.65,23.04,68.93,17.62,0.00,7.53,301.80,633.40
250,2024-03-23 12:15:00,23.13,24.51,24.05,23.49,69.30,18.08,0.00,6.62,302.60,613.00
250,2024-03-23 12:30:00,23.43,24.04,23.10,23.19,70.51,17.45,0.00,6.88,316.20,437.90
250,2024-03-23 12:45:00,23.62,25.25,24.76,24.03,64.85,17.71,0.00,7.17,300.00,870.00
250,2024-03-23 13:00:00,23.94,25.64,24.16,24.32,61.17,16.22,0.00,7.77,317.10,774.00
250,2024-03-23 13:15:00,24.37,25.92,24.93,24.55,56.74,15.76,0.00,10.94,288.50,870.00
250,2024-03-23 13:30:00,24.64,26.48,25.64,24.94,57.29,16.58,0.00,10.24,287.90,815.00
250,2024-03-23 13:45:00,24.89,26.54,25.23,25.17,54.63,15.45,0.00,8.65,291.40,824.00
250,2024-03-23 14:00:00,25.12,26.54,25.71,25.27,52.65,15.32,0.00,7.95,305.30,816.00
250,2024-03-23 14:15:00,25.28,26.24,25.23,25.17,53.91,15.25,0.00,8.41,296.80,547.70
250,2024-03-23 14:30:00,25.38,26.30,26.08,25.22,53.11,15.80,0.00,8.54,308.40,703.00
250,2024-03-23 14:45:00,25.46,27.03,25.72,25.66,52.49,15.28,0.00,9.99,286.00,688.50
250,2024-03-23 15:00:00,25.60,26.79,25.54,25.69,52.52,15.13,0.00,8.02,283.50,594.90
250,2024-03-23 15:15:00,25.74,26.26,25.28,25.47,49.71,14.04,0.00,6.60,292.40,308.90
250,2024-03-23 15:30:00,25.77,26.11,25.64,25.41,51.34,14.87,0.00,6.24,280.80,330.50
250,2024-03-23 15:45:00,25.72,26.84,26.16,25.70,44.57,13.16,0.00,9.66,261.00,589.90
250,2024-03-23 16:00:00,25.76,26.36,25.40,25.54,48.08,13.63,0.00,9.37,260.40,307.70
250,2024-03-23 16:15:00,25.77,25.92,25.13,25.28,48.54,13.53,0.00,9.27,263.80,228.40
250,2024-03-23 16:30:00,25.65,25.36,24.52,25.00,51.09,13.76,0.00,10.79,267.90,145.70
250,2024-03-23 16:45:00,25.45,26.11,25.35,25.11,50.76,14.42,0.00,11.94,269.10,524.40
250,2024-03-23 17:00:00,25.37,26.27,24.98,24.86,55.07,15.34,0.00,14.26,267.10,559.20
250,2024-03-23 17:15:00,25.48,25.72,24.35,24.65,55.30,14.82,0.00,12.93,266.50,384.40
250,2024-03-23 17:30:00,25.56,25.27,23.99,24.41,55.20,14.46,0.00,12.83,269.90,296.60
250,2024-03-23 17:45:00,25.52,24.38,23.95,23.98,56.73,14.85,0.00,10.17,273.90,142.50
250,2024-03-23 18:00:00,25.35,24.66,24.28,24.25,55.27,14.75,0.00,4.84,302.70,169.80
250,2024-03-23 18:15:00,25.18,23.17,21.88,22.72,71.80,16.57,0.00,5.74,11.54,91.10
250,2024-03-23 18:30:00,25.01,21.18,19.73,20.94,80.10,16.20,0.00,13.28,6.14,26.55
250,2024-03-23 18:45:00,24.72,19.50,19.12,19.36,84.80,16.50,0.02,5.88,9.70,22.59
250,2024-03-23 19:00:00,24.30,18.89,18.36,18.57,88.40,16.41,0.13,4.92,13.11,11.72
250,2024-03-23 19:15:00,23.81,18.64,18.37,18.34,89.50,16.61,0.01,2.95,59.58,20.74
250,2024-03-23 19:30:00,23.40,18.69,18.37,18.44,89.80,16.67,0.00,1.11,32.29,13.75
250,2024-03-23 19:45:00,23.13,18.60,18.18,18.47,90.80,16.65,0.00,2.76,265.00,3.49
250,2024-03-23 20:00:00,22.90,18.52,18.16,18.37,91.70,16.79,0.00,2.61,273.30,0.44
250,2024-03-23 20:15:00,22.69,18.53,18.18,18.37,92.10,16.88,0.00,2.30,263.80,0.11
250,2024-03-23 20:30:00,22.50,18.47,18.07,18.34,92.40,16.82,0.00,3.93,268.20,0.10
250,2024-03-23 20:45:00,22.32,18.39,18.03,18.31,92.60,16.81,0.00,3.07,270.60,0.10
250,2024-03-23 21:00:00,22.16,18.47,18.10,18.33,92.40,16.85,0.00,2.85,284.60,0.10
250,2024-03-23 21:15:00,22.01,18.37,17.92,18.22,92.20,16.64,0.00,2.99,309.80,0.09
250,2024-03-23 21:30:00,21.87,18.16,17.69,18.09,90.80,16.17,0.00,4.47,330.30,0.10
250,2024-03-23 21:45:00,21.70,17.91,17.53,17.95,89.80,15.84,0.00,5.42,334.30,0.09
250,2024-03-23 22:00:00,21.49,17.76,17.49,17.82,89.00,15.66,0.00,5.63,337.80,0.10
250,2024-03-23 22:15:00,21.27,17.65,17.36,17.73,88.70,15.48,0.00,6.26,347.10,0.10
250,2024-03-23 22:30:00,21.05,17.58,17.42,17.70,88.70,15.54,0.00,5.66,344.20,0.10
250,2024-03-23 22:45:00,20.85,17.56,17.32,17.67,88.90,15.47,0.00,5.75,341.70,0.10
250,2024-03-23 23:00:00,20.65,17.48,17.22,17.61,89.10,15.41,0.00,5.45,337.30,0.09
250,2024-03-23 23:15:00,20.48,17.43,17.17,17.57,89.20,15.38,0.00,4.94,340.80,0.10
250,2024-03-23 23:30:00,20.32,17.31,17.08,17.46,89.30,15.31,0.00,4.91,342.90,0.10
250,2024-03-23 23:45:00,20.16,17.34,17.07,17.44,89.20,15.28,0.00,5.74,334.00,0.10
250,2024-03-24 00:00:00,20.02,17.13,16.83,17.24,89.40,15.08,0.00,4.97,350.60,0.10
250,2024-03-24 00:15:00,19.88,17.05,16.85,17.16,89.60,15.13,0.00,5.08,338.70,0.09
250,2024-03-24 00:30:00,19.76,17.15,16.90,17.19,89.90,15.23,0.00,4.32,331.90,0.09
250,2024-03-24 00:45:00,19.68,17.00,16.74,17.08,90.40,15.16,0.00,4.20,336.60,0.10
250,2024-03-24 01:00:00,19.59,16.88,16.63,16.98,90.80,15.12,0.00,5.19,332.60,0.10
250,2024-03-24 01:15:00,19.49,16.83,16.57,16.89,90.90,15.08,0.00,5.45,333.70,0.09
250,2024-03-24 01:30:00,19.37,16.76,16.44,16.82,90.20,14.83,0.00,6.03,340.20,0.10
250,2024-03-24 01:45:00,19.26,16.72,16.54,16.81,89.30,14.77,0.00,6.62,345.10,0.10
250,2024-03-24 02:00:00,19.14,16.75,16.53,16.84,88.20,14.57,0.00,6.23,353.60,0.10
250,2024-03-24 02:15:00,19.03,16.77,16.58,16.76,86.00,14.23,0.00,7.09,356.60,0.09
250,2024-03-24 02:30:00,18.91,16.72,16.46,16.76,85.70,14.06,0.00,7.37,0.77,0.09
250,2024-03-24 02:45:00,18.79,16.54,16.29,16.61,85.90,13.93,0.00,5.67,8.02,0.09
250,2024-03-24 03:00:00,18.67,16.42,16.19,16.53,85.90,13.83,0.00,6.51,8.85,0.10
250,2024-03-24 03:15:00,18.56,16.23,16.02,16.42,86.60,13.79,0.00,5.37,7.99,0.09
250,2024-03-24 03:30:00,18.45,16.16,15.90,16.31,86.60,13.67,0.00,5.09,4.34,0.10
250,2024-03-24 03:45:00,18.34,15.98,15.73,16.17,87.10,13.59,0.00,4.66,7.56,0.10
250,2024-03-24 04:00:00,18.24,15.95,15.84,16.14,86.50,13.59,0.00,5.73,358.30,0.10
250,2024-03-24 04:15:00,18.14,16.00,15.84,16.20,85.80,13.47,0.00,4.90,6.89,0.09
250,2024-03-24 04:30:00,18.05,15.93,15.66,16.10,85.50,13.24,0.00,5.55,15.61,0.10
250,2024-03-24 04:45:00,17.95,15.76,15.57,15.95,85.70,13.18,0.00,5.79,9.93,0.10
250,2024-03-24 05:00:00,17.85,15.70,15.49,15.87,85.70,13.11,0.00,6.03,10.87,0.09
250,2024-03-24 05:15:00,17.75,15.48,15.27,15.71,86.50,13.03,0.00,4.55,12.28,0.09
250,2024-03-24 05:30:00,17.66,15.41,15.21,15.61,86.10,12.90,0.00,6.47,6.30,0.10
250,2024-03-24 05:45:00,17.56,15.26,15.05,15.48,86.40,12.80,0.00,5.53,5.29,0.10
250,2024-03-24 06:00:00,17.47,15.07,14.86,15.29,86.50,12.63,0.00,5.08,13.58,0.09
250,2024-03-24 06:15:00,17.38,14.93,14.69,15.13,86.60,12.48,0.00,4.32,13.88,0.09
250,2024-03-24 06:30:00,17.28,14.67,14.62,14.96,87.60,12.59,0.00,3.43,17.61,0.09
250,2024-03-24 06:45:00,17.19,14.70,14.60,14.98,88.00,12.64,0.00,3.68,23.80,0.09
250,2024-03-24 07:00:00,17.10,14.73,14.49,14.95,88.10,12.54,0.00,3.09,24.42,0.10
250,2024-03-24 07:15:00,17.02,14.51,14.47,14.85,88.80,12.65,0.00,3.37,13.33,0.32
250,2024-03-24 07:30:00,16.95,14.66,14.58,14.96,88.50,12.70,0.00,4.35,8.68,2.89
250,2024-03-24 07:45:00,16.88,14.80,14.63,14.96,87.60,12.60,0.00,6.67,1.63,11.93
250,2024-03-24 08:00:00,16.82,14.78,14.69,14.94,86.80,12.52,0.00,5.95,356.50,38.55
250,2024-03-24 08:15:00,16.77,15.28,15.03,15.18,86.20,12.74,0.00,4.76,3.11,91.90
250,2024-03-24 08:30:00,16.78,15.56,15.14,15.29,85.10,12.66,0.00,7.22,352.90,134.90
250,2024-03-24 08:45:00,16.84,15.91,15.47,15.48,83.90,12.76,0.00,5.43,10.64,180.90
250,2024-03-24 09:00:00,16.94,16.17,15.79,15.64,83.50,13.00,0.00,5.59,17.43,234.50
250,2024-03-24 09:15:00,17.12,16.77,16.24,16.14,82.70,13.30,0.00,4.99,21.34,278.30
250,2024-03-24 09:30:00,17.36,17.44,16.96,16.77,80.10,13.51,0.00,5.74,30.48,366.80
250,2024-03-24 09:45:00,17.65,17.92,17.18,17.23,78.34,13.38,0.00,7.70,35.05,385.60
250,2024-03-24 10:00:00,17.99,17.99,17.55,17.35,79.20,13.91,0.00,10.38,47.79,392.00
250,2024-03-24 10:15:00,18.27,18.19,17.83,17.62,77.53,13.85,0.00,10.01,53.23,353.60
250,2024-03-24 10:30:00,18.51,18.30,17.70,17.69,77.88,13.80,0.00,10.79,52.70,308.90
250,2024-03-24 10:45:00,18.72,18.43,18.08,17.83,77.12,14.01,0.00,10.01,60.08,298.50
250,2024-03-24 11:00:00,18.88,19.00,18.76,18.22,73.98,14.03,0.00,11.73,58.51,482.30
250,2024-03-24 11:15:00,19.11,19.63,18.61,18.64,74.54,14.00,0.00,8.83,41.59,473.40
250,2024-03-24 11:30:00,19.44,19.70,19.18,18.84,72.13,14.04,0.00,11.27,51.96,506.20
250,2024-03-24 11:45:00,19.74,20.06,19.50,19.32,70.66,14.03,0.00,7.90,53.50,357.70
250,2024-03-24 12:00:00,20.00,19.74,19.15,19.05,73.48,14.30,0.00,11.02,55.70,335.50
250,2024-03-24 12:15:00,20.16,19.80,19.45,19.17,72.42,14.36,0.00,9.85,59.75,307.20
250,2024-03-24 12:30:00,20.26,20.08,19.40,19.36,70.93,14.00,0.00,16.28,58.09,406.00
250,2024-03-24 12:45:00,20.39,20.26,19.66,19.43,71.94,14.46,0.00,11.46,59.45,415.40
250,2024-03-24 13:00:00,20.53,20.25,19.73,19.44,68.92,13.87,0.00,13.70,64.11,463.30
250,2024-03-24 13:15:00,20.68,20.16,19.48,19.37,70.92,14.07,0.00,12.33,60.01,422.70
250,2024-03-24 13:30:00,20.83,19.86,19.09,19.16,69.79,13.45,0.00,12.37,54.80,342.70
250,2024-03-24 13:45:00,20.93,19.75,19.02,19.10,70.29,13.49,0.00,10.59,54.57,341.30
250,2024-03-24 14:00:00,20.98,19.67,18.84,19.00,71.11,13.50,0.00,9.67,46.92,283.90
250,2024-03-24 14:15:00,21.02,19.23,18.60,18.68,73.31,13.73,0.00,9.74,55.17,215.30
250,2024-03-24 14:30:00,21.00,19.27,18.64,18.74,72.31,13.56,0.00,7.51,41.22,208.80
250,2024-03-24 14:45:00,20.97,19.20,18.62,18.73,73.02,13.69,0.00,8.10,51.66,192.70
250,2024-03-24 15:00:00,20.94,19.36,19.05,18.77,71.88,13.86,0.00,15.57,51.41,277.00
250,2024-03-24 15:15:00,20.91,19.50,18.81,18.89,71.70,13.60,0.00,12.12,55.34,279.60
250,2024-03-24 15:30:00,20.94,19.86,19.49,19.13,69.88,13.85,0.00,10.04,53.00,371.70
250,2024-03-24 15:45:00,21.02,20.35,19.62,19.47,67.54,13.45,0.00,10.54,54.41,461.90
250,2024-03-24 16:00:00,21.18,20.28,19.62,19.70,67.55,13.46,0.00,9.05,50.75,249.60
250,2024-03-24 16:15:00,21.30,20.66,20.13,20.03,66.84,13.78,0.00,8.24,64.92,293.70
250,2024-03-24 16:30:00,21.37,20.68,20.03,20.11,65.78,13.44,0.00,9.94,62.31,259.30
250,2024-03-24 16:45:00,21.41,20.25,19.60,19.86,67.63,13.45,0.00,10.88,64.16,165.60
250,2024-03-24 17:00:00,21.38,20.01,19.27,19.56,68.36,13.30,0.00,11.98,67.81,211.60
250,2024-03-24 17:15:00,21.33,19.71,19.06,19.19,67.93,13.01,0.00,11.64,76.36,262.90
250,2024-03-24 17:30:00,21.28,19.46,18.64,18.96,69.35,12.92,0.00,12.39,69.46,223.80
250,2024-03-24 17:45:00,21.25,18.99,18.34,18.59,69.72,12.72,0.00,11.20,66.93,171.40
250,2024-03-24 18:00:00,21.19,18.85,18.23,18.49,70.35,12.75,0.00,11.52,70.79,166.00
250,2024-03-24 18:15:00,21.09,18.63,18.07,18.30,70.36,12.60,0.00,10.16,62.81,127.70
250,2024-03-24 18:30:00,20.99,18.47,18.04,18.15,70.57,12.61,0.00,10.01,61.93,115.20
250,2024-03-24 18:45:00,20.86,18.37,17.70,18.07,71.02,12.38,0.00,10.99,61.12,116.20
250,2024-03-24 19:00:00,20.74,17.87,17.34,17.67,72.09,12.27,0.00,12.12,67.82,81.10
250,2024-03-24 19:15:00,20.58,17.56,17.04,17.39,72.62,12.09,0.00,11.75,61.65,87.20
250,2024-03-24 19:30:00,20.40,17.03,16.50,16.99,74.20,11.89,0.00,11.93,61.77,32.04
250,2024-03-24 19:45:00,20.18,16.48,16.06,16.54,75.83,11.80,0.00,10.94,61.54,4.27
250,2024-03-24 20:00:00,19.92,16.13,15.73,16.19,76.67,11.65,0.00,11.45,63.49,0.90
250,2024-03-24 20:15:00,19.66,15.74,15.35,15.83,77.34,11.41,0.00,10.98,64.88,0.13
250,2024-03-24 20:30:00,19.40,15.40,15.03,15.47,77.94,11.22,0.00,11.67,62.50,0.09
250,2024-03-24 20:45:00,19.16,15.11,14.80,15.18,78.69,11.14,0.00,10.56,60.95,0.10
250,2024-03-24 21:00:00,18.93,14.86,14.53,14.94,79.93,11.11,0.00,7.74,55.74,0.09
250,2024-03-24 21:15:00,18.72,14.65,14.37,14.72,80.70,11.10,0.00,7.56,54.70,0.09
250,2024-03-24 21:30:00,18.54,14.62,14.42,14.67,80.70,11.15,0.00,9.24,56.95,0.09
250,2024-03-24 21:45:00,18.38,14.56,14.28,14.63,81.60,11.18,0.00,8.31,55.82,0.09
250,2024-03-24 22:00:00,18.22,14.44,14.22,14.54,82.20,11.23,0.00,6.41,54.53,0.10
250,2024-03-24 22:15:00,18.07,14.33,14.11,14.46,82.80,11.23,0.00,6.59,53.88,0.09
250,2024-03-24 22:30:00,17.92,14.27,14.01,14.41,83.40,11.24,0.00,6.73,55.79,0.10
250,2024-03-24 22:45:00,17.79,14.08,13.88,14.27,84.30,11.28,0.00,5.40,48.97,0.09
250,2024-03-24 23:00:00,17.65,14.04,13.84,14.19,84.70,11.31,0.00,4.10,42.61,0.10
250,2024-03-24 23:15:00,17.54,14.05,13.86,14.17,85.10,11.40,0.00,5.36,47.88,0.09
250,2024-03-24 23:30:00,17.43,13.94,13.71,14.10,85.90,11.39,0.00,5.36,48.82,0.10
250,2024-03-24 23:45:00,17.32,13.83,13.58,14.00,86.70,11.41,0.00,4.45,47.54,0.10
250,2024-03-25 00:00:00,17.23,13.74,13.64,13.91,87.70,11.64,0.00,4.63,46.32,0.10
250,2024-03-25 00:15:00,17.13,13.78,13.60,13.94,87.80,11.62,0.00,4.98,47.53,0.09
250,2024-03-25 00:30:00,17.03,13.78,13.75,13.97,88.70,11.92,0.00,5.30,48.19,0.09
250,2024-03-25 00:45:00,16.93,13.98,13.84,14.12,88.60,11.99,0.00,5.37,48.78,0.10
250,2024-03-25 01:00:00,16.85,14.11,13.97,14.25,88.40,12.08,0.00,5.98,47.19,0.09
250,2024-03-25 01:15:00,16.77,14.14,13.89,14.26,88.20,11.97,0.00,5.69,52.51,0.10
250,2024-03-25 01:30:00,16.72,14.01,13.88,14.21,88.70,12.05,0.00,5.09,52.70,0.09
250,2024-03-25 01:45:00,16.65,14.03,13.84,14.23,88.80,12.02,0.00,4.93,48.50,0.09
250,2024-03-25 02:00:00,16.58,13.91,13.75,14.17,89.20,12.00,0.00,3.25,42.48,0.09
250,2024-03-25 02:15:00,16.51,13.84,13.72,14.13,89.50,12.03,0.00,3.38,41.22,0.09
250,2024-03-25 02:30:00,16.44,13.73,13.65,14.03,90.00,12.04,0.00,2.81,35.86,0.09
250,2024-03-25 02:45:00,16.37,13.72,13.61,13.99,90.30,12.05,0.00,3.12,35.08,0.09
250,2024-03-25 03:00:00,16.30,13.66,13.61,13.94,90.70,12.12,0.00,2.98,34.43,0.09
250,2024-03-25 03:15:00,16.23,13.75,13.61,13.95,90.70,12.12,0.00,3.14,25.76,0.09
250,2024-03-25 03:30:00,16.18,13.84,13.70,14.02,90.70,12.21,0.00,3.25,30.14,0.09
250,2024-03-25 03:45:00,16.13,13.90,13.77,14.08,90.60,12.26,0.00,3.55,35.93,0.09
250,2024-03-25 04:00:00,16.09,13.96,13.78,14.13,90.50,12.25,0.00,3.75,34.62,0.09
250,2024-03-25 04:15:00,16.05,13.88,13.78,14.11,90.70,12.29,0.00,3.06,36.06,0.09
250,2024-03-25 04:30:00,16.02,13.92,13.78,14.15,90.40,12.24,0.00,2.80,36.07,0.09
250,2024-03-25 04:45:00,15.97,13.83,13.75,14.11,90.50,12.22,0.00,2.44,36.25,0.09
250,2024-03-25 05:00:00,15.93,13.66,13.53,14.06,90.50,12.01,0.00,3.39,49.72,0.09
250,2024-03-25 05:15:00,15.88,13.47,13.50,13.98,91.00,12.06,0.00,4.09,53.53,0.09
250,2024-03-25 05:30:00,15.83,13.78,13.67,14.03,90.90,12.21,0.00,5.67,60.00,0.09
250,2024-03-25 05:45:00,15.79,13.81,13.65,14.08,90.40,12.11,0.00,4.57,63.70,0.09
250,2024-03-25 06:00:00,15.76,14.01,13.89,14.21,89.90,12.26,0.00,5.24,67.53,0.09
250,2024-03-25 06:15:00,15.73,14.26,14.19,14.43,88.50,12.32,0.00,6.13,63.17,0.09
250,2024-03-25 06:30:00,15.72,14.38,14.16,14.55,87.90,12.19,0.00,4.91,70.99,0.09
250,2024-03-25 06:45:00,15.71,14.40,14.36,14.63,87.20,12.26,0.00,5.45,69.48,0.09
250,2024-03-25 07:00:00,15.69,14.41,14.25,14.71,86.70,12.07,0.00,4.61,65.98,0.10
250,2024-03-25 07:15:00,15.66,14.47,14.37,14.75,86.30,12.11,0.00,5.02,68.83,0.50
250,2024-03-25 07:30:00,15.63,14.37,14.29,14.66,86.70,12.10,0.00,3.70,74.14,5.20
250,2024-03-25 07:45:00,15.60,14.38,14.26,14.67,86.80,12.09,0.00,3.86,65.55,17.99
250,2024-03-25 08:00:00,15.57,14.36,14.31,14.66,87.30,12.23,0.00,3.42,72.87,25.92
250,2024-03-25 08:15:00,15.55,14.84,14.82,14.91,86.60,12.61,0.00,3.78,70.02,86.60
250,2024-03-25 08:30:00,15.57,15.64,15.45,15.45,84.90,12.92,0.00,4.49,73.51,137.20
250,2024-03-25 08:45:00,15.65,16.58,16.50,16.22,82.30,13.48,0.00,3.57,75.86,187.40
250,2024-03-25 09:00:00,15.82,17.63,17.46,17.16,79.03,13.79,0.00,4.46,82.50,239.20
250,2024-03-25 09:15:00,16.05,18.84,18.78,18.37,74.42,14.14,0.00,6.24,81.60,290.60
250,2024-03-25 09:30:00,16.36,19.69,19.43,19.19,73.00,14.47,0.00,7.42,75.99,339.10
250,2024-03-25 09:45:00,16.72,20.27,20.10,19.73,70.40,14.55,0.00,8.12,74.14,390.50
250,2024-03-25 10:00:00,17.12,20.72,20.01,20.16,70.32,14.45,0.00,7.53,75.34,342.30
250,2024-03-25 10:15:00,17.52,21.19,20.75,20.59,67.81,14.59,0.00,10.51,76.21,445.50
250,2024-03-25 10:30:00,17.94,21.54,21.07,20.97,66.64,14.63,0.00,10.58,81.70,427.60
250,2024-03-25 10:45:00,18.33,22.38,22.08,21.62,63.89,14.93,0.00,10.39,90.60,594.10
250,2024-03-25 11:00:00,18.78,22.41,21.88,21.72,64.26,14.83,0.00,12.29,93.20,560.90
250,2024-03-25 11:15:00,19.24,23.11,22.36,22.33,63.05,14.99,0.00,8.53,85.10,533.60
250,2024-03-25 11:30:00,19.72,23.06,23.20,22.38,60.59,15.17,0.00,8.48,93.60,520.30
250,2024-03-25 11:45:00,20.11,24.09,23.27,23.13,57.71,14.48,0.00,10.49,118.00,769.30
250,2024-03-25 12:00:00,20.65,24.41,23.78,23.41,60.86,15.78,0.00,10.88,105.30,769.60
250,2024-03-25 12:15:00,21.23,24.77,23.51,23.73,57.60,14.67,0.00,10.42,105.30,765.70
250,2024-03-25 12:30:00,21.83,24.49,23.28,23.64,55.70,13.94,0.00,11.47,106.90,640.90
250,2024-03-25 12:45:00,22.31,24.98,24.29,23.95,57.11,15.27,0.00,10.04,96.20,747.10
250,2024-03-25 13:00:00,22.68,24.81,23.54,23.82,51.67,13.03,0.00,11.90,101.70,724.50
250,2024-03-25 13:15:00,23.05,24.86,24.12,23.91,52.94,13.94,0.00,11.01,101.30,720.20
250,2024-03-25 13:30:00,23.36,25.34,24.62,24.22,49.40,13.33,0.00,9.92,112.40,859.00
250,2024-03-25 13:45:00,23.72,25.89,25.00,24.65,47.21,12.99,0.00,9.29,106.50,890.00
250,2024-03-25 14:00:00,24.07,25.39,24.82,24.37,51.68,14.21,0.00,12.35,94.90,806.00
250,2024-03-25 14:15:00,24.29,25.71,24.84,24.53,48.14,13.14,0.00,11.63,95.90,828.00
250,2024-03-25 14:30:00,24.46,25.43,24.83,24.42,51.97,14.31,0.00,10.90,96.60,709.90
250,2024-03-25 14:45:00,24.59,25.83,24.91,24.76,50.08,13.81,0.00,9.02,103.30,649.50
250,2024-03-25 15:00:00,24.75,25.77,25.03,24.81,47.65,13.16,0.00,9.89,133.90,739.80
250,2024-03-25 15:15:00,24.94,25.81,24.69,24.84,50.11,13.62,0.00,10.60,134.80,693.90
250,2024-03-25 15:30:00,25.15,25.44,24.66,24.51,52.79,14.39,0.00,10.60,104.70,596.50
250,2024-03-25 15:45:00,25.33,25.29,24.87,24.45,52.26,14.43,0.00,8.24,95.00,517.10
250,2024-03-25 16:00:00,25.46,24.97,24.05,24.31,54.81,14.41,0.00,10.74,92.00,363.90
250,2024-03-25 16:15:00,25.50,25.19,24.39,24.40,55.09,14.80,0.00,9.25,93.80,521.70
250,2024-03-25 16:30:00,25.54,25.45,25.09,24.61,53.65,15.04,0.00,8.78,97.30,510.00
250,2024-03-25 16:45:00,25.62,25.18,24.59,24.48,52.64,14.28,0.00,9.98,92.20,406.90
250,2024-03-25 17:00:00,25.65,25.07,24.19,24.44,55.55,14.74,0.00,10.23,79.43,350.30
250,2024-03-25 17:15:00,25.64,24.17,23.51,23.72,58.74,14.98,0.00,11.65,81.20,241.90
250,2024-03-25 17:30:00,25.54,24.32,23.46,23.73,59.64,15.17,0.00,9.13,78.53,263.90
250,2024-03-25 17:45:00,25.41,23.89,23.17,23.44,59.74,14.92,0.00,8.82,73.41,201.00
250,2024-03-25 18:00:00,25.28,23.77,23.07,23.37,60.10,14.92,0.00,8.73,81.90,204.80
250,2024-03-25 18:15:00,25.11,23.61,23.03,23.25,61.17,15.15,0.00,8.59,86.20,160.40
250,2024-03-25 18:30:00,24.95,23.32,22.70,23.05,61.85,15.02,0.00,8.58,85.60,108.50
250,2024-03-25 18:45:00,24.78,23.02,22.48,22.79,62.35,14.93,0.00,9.88,77.25,82.00
250,2024-03-25 19:00:00,24.59,22.74,22.22,22.61,62.38,14.69,0.00,8.76,88.80,49.74
250,2024-03-25 19:15:00,24.36,22.52,22.15,22.43,62.59,14.68,0.00,7.53,93.70,31.98
250,2024-03-25 19:30:00,24.14,22.35,21.92,22.29,61.72,14.25,0.00,8.36,91.30,19.92
250,2024-03-25 19:45:00,23.90,22.11,21.70,22.11,61.42,13.96,0.00,8.66,93.50,5.64
250,2024-03-25 20:00:00,23.67,21.87,21.46,21.91,61.24,13.69,0.00,7.75,93.20,1.03
250,2024-03-25 20:15:00,23.44,21.52,21.19,21.66,62.44,13.74,0.00,8.62,92.90,0.14
250,2024-03-25 20:30:00,23.19,21.07,20.75,21.29,64.77,13.88,0.00,7.46,93.60,0.10
250,2024-03-25 20:45:00,22.93,20.81,20.58,21.00,65.92,13.99,0.00,6.94,96.40,0.09
250,2024-03-25 21:00:00,22.68,20.50,20.21,20.75,67.99,14.12,0.00,5.97,97.00,0.10
250,2024-03-25 21:15:00,22.44,20.20,19.98,20.49,68.52,14.02,0.00,5.64,94.90,0.10
250,2024-03-25 21:30:00,22.22,20.03,19.72,20.29,69.38,13.96,0.00,4.77,99.60,0.09
250,2024-03-25 21:45:00,22.01,19.77,19.57,20.02,69.70,13.89,0.00,4.63,97.80,0.09
250,2024-03-25 22:00:00,21.81,19.56,19.37,19.89,70.59,13.89,0.00,5.99,103.10,0.09
250,2024-03-25 22:15:00,21.62,19.49,19.26,19.68,71.20,13.92,0.00,4.74,104.00,0.09
250,2024-03-25 22:30:00,21.45,19.40,19.23,19.61,70.92,13.83,0.00,5.01,107.30,0.09
250,2024-03-25 22:45:00,21.27,19.44,19.26,19.62,69.95,13.65,0.00,6.34,105.80,0.10
250,2024-03-25 23:00:00,21.11,19.42,19.26,19.61,69.04,13.45,0.00,5.85,107.80,0.10
250,2024-03-25 23:15:00,20.96,19.52,19.33,19.76,67.89,13.26,0.00,5.71,121.10,0.10
250,2024-03-25 23:30:00,20.82,19.62,19.40,19.78,66.25,12.95,0.00,5.68,124.20,0.09
250,2024-03-25 23:45:00,20.69,19.47,19.26,19.72,66.91,12.97,0.00,4.71,120.20,0.09
250,2024-03-26 00:00:00,20.57,19.22,19.12,19.59,67.73,13.02,0.00,5.01,122.00,0.09
250,2024-03-26 00:15:00,20.45,19.15,18.99,19.45,67.87,12.93,0.00,3.69,132.30,0.09
250,2024-03-26 00:30:00,20.34,18.75,18.79,19.27,68.71,12.92,0.00,3.34,127.00,0.09
250,2024-03-26 00:45:00,20.23,18.87,18.70,19.18,69.75,13.07,0.00,3.71,114.30,0.09
250,2024-03-26 01:00:00,20.14,18.79,18.52,19.04,70.35,13.03,0.00,3.21,119.20,0.09
250,2024-03-26 01:15:00,20.07,18.65,18.52,18.93,70.88,13.14,0.00,4.19,125.50,0.09
250,2024-03-26 01:30:00,20.00,18.58,18.37,18.77,71.94,13.22,0.00,3.59,122.80,0.09
250,2024-03-26 01:45:00,19.93,18.32,18.14,18.59,73.89,13.41,0.00,4.41,112.10,0.09
250,2024-03-26 02:00:00,19.84,18.25,18.03,18.48,74.76,13.49,0.00,3.96,120.60,0.09
250,2024-03-26 02:15:00,19.75,18.37,18.26,18.51,74.66,13.69,0.00,3.76,121.60,0.09
250,2024-03-26 02:30:00,19.69,18.41,18.20,18.58,74.99,13.70,0.00,3.28,129.40,0.09
250,2024-03-26 02:45:00,19.63,18.21,17.92,18.45,76.14,13.66,0.00,3.26,141.20,0.09
250,2024-03-26 03:00:00,19.57,17.70,17.41,18.10,77.51,13.44,0.00,2.09,106.50,0.09
250,2024-03-26 03:15:00,19.49,17.09,16.91,17.71,79.21,13.29,0.00,2.44,75.25,0.10
250,2024-03-26 03:30:00,19.40,16.95,17.02,17.53,79.19,13.39,0.00,1.87,82.00,0.09
250,2024-03-26 03:45:00,19.31,16.87,16.90,17.44,79.95,13.42,0.00,1.84,90.50,0.10
250,2024-03-26 04:00:00,19.21,16.63,16.61,17.30,80.80,13.30,0.00,1.43,106.90,0.10
250,2024-03-26 04:15:00,19.13,15.68,15.79,16.92,84.50,13.18,0.00,1.24,331.70,0.10
250,2024-03-26 04:30:00,19.05,15.87,15.85,16.60,85.30,13.39,0.00,1.05,315.50,0.09
250,2024-03-26 04:45:00,19.00,16.22,16.06,16.62,85.70,13.67,0.00,0.93,27.53,0.09
250,2024-03-26 05:00:00,18.99,16.37,16.16,16.73,86.00,13.82,0.00,1.38,140.30,0.09
250,2024-03-26 05:15:00,18.98,16.05,15.75,16.59,86.50,13.50,0.00,1.41,92.30,0.09
250,2024-03-26 05:30:00,18.92,15.26,15.20,16.07,87.50,13.14,0.00,1.21,24.13,0.09
250,2024-03-26 05:45:00,18.82,14.85,14.77,15.75,88.50,12.89,0.00,1.30,12.77,0.10
250,2024-03-26 06:00:00,18.71,14.41,14.43,15.34,89.50,12.73,0.00,1.50,43.50,0.10
250,2024-03-26 06:15:00,18.59,14.18,14.23,15.30,89.90,12.60,0.00,1.00,50.77,0.09
250,2024-03-26 06:30:00,18.47,13.50,13.61,14.81,90.80,12.14,0.00,0.66,272.90,0.09
250,2024-03-26 06:45:00,18.36,13.70,13.92,14.77,91.50,12.56,0.00,1.19,62.65,0.09
250,2024-03-26 07:00:00,18.25,13.42,13.70,14.90,91.90,12.41,0.00,0.86,334.00,0.10
250,2024-03-26 07:15:00,18.13,13.46,13.54,14.78,91.70,12.22,0.00,0.79,84.30,0.52
250,2024-03-26 07:30:00,18.02,12.92,13.27,14.72,92.50,12.08,0.00,1.11,151.60,3.42
250,2024-03-26 07:45:00,17.91,13.27,13.44,14.84,92.80,12.30,0.00,1.59,135.90,13.63
250,2024-03-26 08:00:00,17.82,14.29,15.11,15.59,93.60,14.09,0.00,2.83,118.00,42.66
250,2024-03-26 08:15:00,17.76,16.61,16.84,16.90,91.40,15.43,0.00,4.07,111.00,102.60
250,2024-03-26 08:30:00,17.77,18.16,18.08,18.03,85.40,15.59,0.00,5.24,123.20,147.90
250,2024-03-26 08:45:00,17.86,19.30,19.40,19.03,79.08,15.68,0.00,6.31,125.80,179.40
250,2024-03-26 09:00:00,18.02,20.63,20.55,20.32,73.96,15.75,0.00,7.32,132.40,231.10
250,2024-03-26 09:15:00,18.25,21.49,21.18,21.03,70.80,15.67,0.00,8.40,140.80,292.40
250,2024-03-26 09:30:00,18.53,22.20,22.07,21.69,68.68,16.05,0.00,7.44,142.30,348.40
250,2024-03-26 09:45:00,18.89,22.89,22.38,22.31,66.83,15.92,0.00,8.60,145.00,400.90
250,2024-03-26 10:00:00,19.30,23.14,22.86,22.57,65.78,16.13,0.00,10.94,150.00,444.10
250,2024-03-26 10:15:00,19.72,23.72,23.51,23.11,63.69,16.24,0.00,9.69,148.40,478.60
250,2024-03-26 10:30:00,20.17,24.15,23.77,23.55,61.16,15.85,0.00,11.06,148.30,484.90
250,2024-03-26 10:45:00,20.62,24.58,23.97,23.84,61.76,16.19,0.00,12.77,151.20,584.50
250,2024-03-26 11:00:00,21.10,24.73,24.28,24.08,60.99,16.29,0.00,11.23,153.00,542.80
250,2024-03-26 11:15:00,21.54,25.45,25.06,24.62,58.62,16.40,0.00,11.32,149.30,665.00
250,2024-03-26 11:30:00,22.03,25.69,25.33,24.88,58.62,16.65,0.00,12.89,165.50,651.20
250,2024-03-26 11:45:00,22.53,26.23,25.54,25.34,58.33,16.77,0.00,9.66,156.40,641.70
250,2024-03-26 12:00:00,23.02,26.45,25.89,25.57,54.69,16.08,0.00,13.52,171.40,728.90
250,2024-03-26 12:15:00,23.52,26.84,26.33,25.87,55.21,16.64,0.00,12.00,169.40,746.80
250,2024-03-26 12:30:00,24.01,26.94,25.98,26.01,56.23,16.60,0.00,11.27,170.20,660.30
250,2024-03-26 12:45:00,24.49,26.61,26.46,25.85,55.37,16.81,0.00,9.38,155.30,547.40
250,2024-03-26 13:00:00,24.77,26.62,25.99,25.82,56.43,16.67,0.00,10.84,168.70,519.50
250,2024-03-26 13:15:00,25.00,27.33,26.43,26.24,55.71,16.87,0.00,10.55,165.50,756.00
250,2024-03-26 13:30:00,25.30,27.84,26.32,26.46,56.17,16.90,0.00,9.33,164.90,679.80
250,2024-03-26 13:45:00,25.65,27.61,26.84,26.40,55.87,17.30,0.00,9.80,165.70,658.80
250,2024-03-26 14:00:00,25.92,27.68,26.36,26.59,54.97,16.60,0.00,8.27,151.60,448.80
250,2024-03-26 14:15:00,26.09,27.40,26.67,26.45,55.93,17.16,0.00,6.98,160.50,473.50
250,2024-03-26 14:30:00,26.18,28.46,27.38,27.08,53.54,17.13,0.00,8.50,162.50,726.00
250,2024-03-26 14:45:00,26.32,28.62,27.21,27.07,54.25,17.18,0.00,7.18,169.20,598.90
250,2024-03-26 15:00:00,26.55,28.01,26.61,27.02,56.09,17.15,0.00,4.56,122.10,435.90
250,2024-03-26 15:15:00,26.75,28.24,27.56,27.21,55.48,17.86,0.00,4.86,108.10,756.80
250,2024-03-26 15:30:00,26.97,29.25,28.40,27.86,53.44,18.04,0.00,6.44,145.50,770.40
250,2024-03-26 15:45:00,27.31,28.59,27.37,27.52,54.93,17.53,0.00,4.86,124.20,441.50
250,2024-03-26 16:00:00,27.57,28.99,27.72,27.73,52.76,17.21,0.00,6.27,156.70,648.60
250,2024-03-26 16:15:00,27.79,29.13,28.73,28.11,49.97,17.28,0.00,9.35,221.40,642.90
250,2024-03-26 16:30:00,28.01,29.31,28.32,28.26,49.41,16.73,0.00,5.28,183.40,482.20
250,2024-03-26 16:45:00,28.24,29.91,28.50,28.75,49.36,16.88,0.00,3.00,166.20,555.00
250,2024-03-26 17:00:00,28.43,29.44,28.23,28.41,50.44,16.97,0.00,3.06,158.10,398.60
250,2024-03-26 17:15:00,28.57,29.54,28.66,28.58,50.57,17.41,0.00,4.38,132.90,488.00
250,2024-03-26 17:30:00,28.64,29.54,28.75,28.45,49.33,17.10,0.00,6.81,160.50,442.10
250,2024-03-26 17:45:00,28.72,29.36,28.24,28.33,51.59,17.34,0.00,5.74,162.00,366.10
250,2024-03-26 18:00:00,28.72,29.33,28.60,28.49,50.62,17.37,0.00,4.65,152.30,310.60
250,2024-03-26 18:15:00,28.65,29.17,28.06,28.51,52.38,17.41,0.00,4.03,133.10,262.70
250,2024-03-26 18:30:00,28.55,28.47,27.52,28.06,53.34,17.20,0.00,4.88,136.50,147.90
250,2024-03-26 18:45:00,28.37,28.03,27.21,27.69,56.21,17.74,0.00,4.42,143.60,107.80
250,2024-03-26 19:00:00,28.15,27.34,26.71,27.27,57.57,17.65,0.00,3.66,138.30,50.81
250,2024-03-26 19:15:00,27.89,26.87,26.49,26.93,58.19,17.62,0.00,3.20,136.20,28.32
250,2024-03-26 19:30:00,27.60,26.52,26.00,26.59,60.59,17.80,0.00,3.36,145.40,17.66
250,2024-03-26 19:45:00,27.32,26.26,25.98,26.38,60.44,17.74,0.00,3.52,156.10,3.64
250,2024-03-26 20:00:00,27.05,26.01,25.30,26.29,65.09,18.28,0.00,3.19,180.00,0.35
250,2024-03-26 20:15:00,26.80,25.04,24.76,25.70,67.63,18.37,0.00,8.29,261.40,0.12
250,2024-03-26 20:30:00,26.57,24.35,23.92,25.03,71.32,18.42,0.00,7.21,253.00,0.09
250,2024-03-26 20:45:00,26.31,23.73,23.64,24.71,72.36,18.38,0.00,6.19,246.60,0.09
250,2024-03-26 21:00:00,26.04,23.43,23.46,24.39,73.01,18.35,0.00,6.34,243.90,0.09
250,2024-03-26 21:15:00,25.78,23.24,22.97,24.03,74.86,18.28,0.00,6.30,224.90,0.09
250,2024-03-26 21:30:00,25.54,22.92,22.89,23.95,75.34,18.30,0.00,4.78,212.30,0.09
250,2024-03-26 21:45:00,25.31,22.42,22.41,23.58,77.62,18.31,0.00,4.67,194.80,0.09
250,2024-03-26 22:00:00,25.10,22.50,22.39,23.40,77.05,18.17,0.00,3.89,178.80,0.09
250,2024-03-26 22:15:00,24.91,22.53,22.59,23.18,76.59,18.27,0.00,3.06,164.00,0.09
250,2024-03-26 22:30:00,24.72,22.37,22.05,22.91,78.79,18.20,0.00,3.21,133.00,0.09
250,2024-03-26 22:45:00,24.56,22.20,22.05,22.57,79.23,18.29,0.00,2.80,118.90,0.09
250,2024-03-26 23:00:00,24.40,21.89,21.76,22.35,80.70,18.30,0.00,2.54,115.40,0.09
250,2024-03-26 23:15:00,24.24,21.65,21.56,22.14,80.80,18.12,0.00,1.67,107.20,0.09
250,2024-03-26 23:30:00,24.10,21.14,21.22,21.89,82.60,18.14,0.00,2.55,109.30,0.10
250,2024-03-26 23:45:00,23.95,21.19,21.10,21.78,82.90,18.08,0.00,2.62,139.50,0.09
250,2024-03-27 00:00:00,23.81,21.04,21.00,21.56,83.20,18.04,0.00,1.14,145.90,0.09
250,2024-03-27 00:15:00,23.68,20.82,20.56,21.33,84.30,17.82,0.00,1.11,45.31,0.09
250,2024-03-27 00:30:00,23.56,20.40,20.38,21.16,86.00,17.96,0.00,1.99,20.31,0.09
250,2024-03-27 00:45:00,23.45,20.57,20.75,21.30,85.40,18.21,0.00,2.57,103.00,0.09
250,2024-03-27 01:00:00,23.35,20.77,20.66,21.26,85.00,18.05,0.00,2.35,113.60,0.09
250,2024-03-27 01:15:00,23.24,20.44,20.24,20.92,86.40,17.90,0.00,2.20,126.00,0.09
250,2024-03-27 01:30:00,23.12,19.99,19.98,20.65,87.30,17.81,0.00,2.44,123.40,0.09
250,2024-03-27 01:45:00,22.99,20.37,20.35,20.78,86.10,17.95,0.00,3.07,118.70,0.09
250,2024-03-27 02:00:00,22.88,20.60,20.52,20.93,84.90,17.89,0.00,3.53,129.40,0.09
250,2024-03-27 02:15:00,22.76,20.74,20.52,20.97,84.50,17.82,0.00,3.29,131.10,0.09
250,2024-03-27 02:30:00,22.65,20.59,20.48,20.88,85.00,17.87,0.00,4.13,135.20,0.10
250,2024-03-27 02:45:00,22.55,20.63,20.52,20.84,85.40,17.99,0.00,6.22,149.50,0.09
250,2024-03-27 03:00:00,22.45,20.77,20.64,20.95,85.40,18.11,0.00,6.04,149.70,0.09
250,2024-03-27 03:15:00,22.36,20.86,20.72,21.07,84.90,18.09,0.00,4.96,154.60,0.09
250,2024-03-27 03:30:00,22.28,20.95,20.79,21.13,85.20,18.22,0.00,5.94,154.30,0.08
250,2024-03-27 03:45:00,22.20,21.02,20.82,21.12,85.60,18.32,0.00,10.78,154.80,0.09
250,2024-03-27 04:00:00,22.13,21.04,20.78,21.19,85.60,18.28,0.00,6.38,164.80,0.09
250,2024-03-27 04:15:00,22.07,21.06,20.89,21.23,85.80,18.43,0.00,6.32,171.30,0.09
250,2024-03-27 04:30:00,22.01,20.99,20.76,21.21,86.20,18.37,0.00,4.84,162.60,0.09
250,2024-03-27 04:45:00,21.95,20.95,20.80,21.15,86.80,18.52,0.00,5.11,159.80,0.09
250,2024-03-27 05:00:00,21.90,21.05,20.85,21.19,87.10,18.63,0.00,5.16,163.80,0.09
250,2024-03-27 05:15:00,21.85,20.95,20.75,21.15,87.40,18.58,0.00,3.52,151.20,0.09
250,2024-03-27 05:30:00,21.81,20.90,20.64,21.10,87.80,18.55,0.00,4.27,159.40,0.09
250,2024-03-27 05:45:00,21.77,20.86,20.69,21.07,88.10,18.65,0.00,3.25,144.30,0.09
250,2024-03-27 06:00:00,21.74,20.86,20.68,21.05,88.50,18.71,0.00,3.79,153.40,0.09
250,2024-03-27 06:15:00,21.71,20.83,20.58,21.04,88.60,18.63,0.00,2.81,134.10,0.09
250,2024-03-27 06:30:00,21.67,20.63,20.54,20.94,89.10,18.68,0.00,1.70,119.00,0.09
250,2024-03-27 06:45:00,21.64,20.31,20.10,20.81,89.90,18.39,0.00,1.72,85.10,0.09
250,2024-03-27 07:00:00,21.60,20.07,20.11,20.72,90.60,18.53,0.00,2.44,117.10,0.09
250,2024-03-27 07:15:00,21.56,20.11,19.88,20.65,90.70,18.32,0.00,1.43,207.90,0.17
250,2024-03-27 07:30:00,21.52,19.59,19.64,20.41,91.40,18.20,0.00,1.88,349.40,0.78
250,2024-03-27 07:45:00,21.48,19.76,19.69,20.21,91.90,18.34,0.00,1.86,1.97,
250,2024-03-27 08:00:00,21.44,19.76,19.72,20.21,92.60,18.49,0.00,3.43,349.20,10.71
250,2024-03-27 08:15:00,21.41,20.17,20.14,20.40,92.70,18.92,0.00,3.94,358.90,13.19
250,2024-03-27 08:30:00,21.39,20.55,20.34,20.66,92.40,19.07,0.00,2.54,75.14,16.72
250,2024-03-27 08:45:00,21.40,20.58,20.32,20.69,92.50,19.06,0.00,1.93,66.44,18.15
250,2024-03-27 09:00:00,21.39,20.41,20.03,20.62,92.70,18.81,0.00,1.21,298.00,18.57
250,2024-03-27 09:15:00,21.40,20.33,20.28,20.53,93.20,19.15,0.00,7.05,344.30,16.73
250,2024-03-27 09:30:00,21.40,20.66,20.68,20.60,91.90,19.32,0.05,2.75,350.60,19.35
250,2024-03-27 09:45:00,21.41,20.99,20.64,20.72,92.30,19.35,0.00,3.32,350.50,35.59
250,2024-03-27 10:00:00,21.43,21.12,20.69,20.91,92.20,19.38,0.00,6.57,349.00,56.08
250,2024-03-27 10:15:00,21.48,21.05,20.72,20.86,92.00,19.37,0.00,7.29,351.70,41.53
250,2024-03-27 10:30:00,21.52,21.36,21.03,21.19,90.90,19.49,0.00,4.44,6.00,36.65
250,2024-03-27 10:45:00,21.56,21.50,21.11,21.36,89.80,19.37,0.00,3.61,106.00,42.02
250,2024-03-27 11:00:00,21.60,21.52,21.18,21.44,89.10,19.31,0.00,6.20,151.80,42.89
250,2024-03-27 11:15:00,21.63,21.94,21.73,21.76,87.80,19.62,0.00,2.52,124.20,98.70
250,2024-03-27 11:30:00,21.67,22.42,22.14,22.14,86.40,19.76,0.00,4.12,135.90,140.40
250,2024-03-27 11:45:00,21.76,22.53,22.15,22.24,86.80,19.85,0.00,6.97,160.20,114.00
250,2024-03-27 12:00:00,21.88,22.57,22.21,22.39,85.80,19.72,0.00,5.45,157.90,54.18
250,2024-03-27 12:15:00,21.96,22.71,22.44,22.52,84.90,19.78,0.00,5.48,160.50,92.00
250,2024-03-27 12:30:00,22.02,23.04,22.65,22.72,85.10,20.02,0.00,5.17,187.10,131.40
250,2024-03-27 12:45:00,22.10,23.14,22.72,22.82,83.80,19.84,0.00,7.35,163.00,156.70
250,2024-03-27 13:00:00,22.21,23.21,22.75,22.95,83.50,19.81,0.00,7.43,156.80,120.80
250,2024-03-27 13:15:00,22.30,22.98,22.52,22.81,85.90,20.04,0.00,7.20,167.30,98.10
250,2024-03-27 13:30:00,22.36,23.03,22.59,22.77,86.70,20.26,0.01,6.64,191.20,171.00
250,2024-03-27 13:45:00,22.41,23.06,22.63,22.78,87.40,20.43,0.00,7.10,188.20,123.40
250,2024-03-27 14:00:00,22.47,22.93,22.52,22.78,87.30,20.30,0.00,6.53,167.80,79.29
250,2024-03-27 14:15:00,22.50,22.97,22.53,22.81,87.60,20.37,0.00,6.02,184.30,90.60
250,2024-03-27 14:30:00,22.51,22.91,22.51,22.87,87.80,20.39,0.00,8.33,196.50,57.22
250,2024-03-27 14:45:00,22.50,22.76,22.42,22.78,88.20,20.37,0.00,9.16,220.70,51.51
250,2024-03-27 15:00:00,22.48,22.55,22.19,22.62,88.90,20.27,0.00,11.54,213.10,32.30
250,2024-03-27 15:15:00,22.43,22.31,21.85,22.41,88.20,19.81,0.01,11.82,206.80,17.95
250,2024-03-27 15:30:00,22.36,21.83,21.36,21.97,88.80,19.44,0.05,12.36,215.50,14.52
250,2024-03-27 15:45:00,22.27,21.31,20.95,21.38,89.00,19.07,0.05,12.00,204.50,15.77
250,2024-03-27 16:00:00,22.14,20.94,20.48,20.90,89.70,18.73,0.05,8.38,167.30,14.21
250,2024-03-27 16:15:00,22.01,20.64,20.25,20.52,89.60,18.49,0.03,6.19,141.70,12.63
250,2024-03-27 16:30:00,21.88,20.40,20.07,20.28,87.80,17.99,0.02,4.81,155.80,17.12
250,2024-03-27 16:45:00,21.77,20.18,19.85,20.08,87.30,17.68,0.03,6.47,151.50,16.73
250,2024-03-27 17:00:00,21.66,20.30,20.15,20.36,83.90,17.34,0.03,10.37,182.20,22.14
250,2024-03-27 17:15:00,21.53,20.12,19.88,20.30,86.20,17.51,0.02,10.25,186.40,28.39
250,2024-03-27 17:30:00,21.41,19.92,19.76,20.08,86.80,17.50,0.01,11.76,190.80,17.53
250,2024-03-27 17:45:00,21.29,20.35,20.51,20.72,82.50,17.43,0.01,13.03,191.60,12.74
250,2024-03-27 18:00:00,21.18,20.48,20.25,20.81,83.60,17.39,0.01,11.00,184.50,30.25
250,2024-03-27 18:15:00,21.09,20.59,20.41,20.88,82.70,17.37,0.01,10.74,170.50,24.43
250,2024-03-27 18:30:00,21.02,20.64,20.83,20.85,80.50,17.35,0.00,8.73,159.00,24.62
250,2024-03-27 18:45:00,20.95,21.15,21.05,21.32,80.80,17.63,0.00,9.47,176.00,105.00
250,2024-03-27 19:00:00,20.93,21.84,21.40,21.63,80.00,17.81,0.00,8.99,182.00,174.90
250,2024-03-27 19:15:00,20.99,21.23,20.78,21.21,82.30,17.66,0.00,8.11,181.70,66.97
250,2024-03-27 19:30:00,21.02,20.83,20.49,20.98,83.30,17.56,0.00,7.12,184.40,34.89
250,2024-03-27 19:45:00,20.98,20.77,20.49,20.95,82.60,17.43,0.00,3.01,183.80,11.60
250,2024-03-27 20:00:00,20.91,20.00,19.52,20.55,85.70,17.06,0.00,1.39,292.20,2.69
250,2024-03-27 20:15:00,20.83,19.19,19.21,20.03,89.30,17.41,0.00,4.11,208.80,0.14
250,2024-03-27 20:30:00,20.76,19.47,19.26,20.18,88.90,17.39,0.00,5.22,237.50,0.09
250,2024-03-27 20:45:00,20.70,19.73,19.59,20.02,87.90,17.53,0.00,7.39,243.00,0.09
250,2024-03-27 21:00:00,20.63,19.89,19.64,20.05,87.60,17.53,0.00,4.55,262.00,0.09
250,2024-03-27 21:15:00,20.58,19.89,19.62,20.05,87.80,17.54,0.00,6.07,260.00,0.09
250,2024-03-27 21:30:00,20.54,19.86,19.78,20.01,87.60,17.66,0.00,8.07,282.90,0.09
250,2024-03-27 21:45:00,20.50,20.20,20.03,20.51,85.10,17.45,0.00,7.92,274.00,0.09
250,2024-03-27 22:00:00,20.46,19.87,19.64,20.22,86.90,17.40,0.00,1.86,269.40,0.09
250,2024-03-27 22:15:00,20.43,19.57,19.18,19.84,89.20,17.36,0.01,3.02,178.60,0.09
250,2024-03-27 22:30:00,20.40,19.26,19.05,19.47,90.70,17.50,0.00,1.40,285.50,0.09
250,2024-03-27 22:45:00,20.38,19.16,18.97,19.35,91.60,17.57,0.00,3.53,135.80,0.09
250,2024-03-27 23:00:00,20.36,19.20,18.91,19.28,91.70,17.53,0.00,2.49,182.80,0.09
250,2024-03-27 23:15:00,20.33,19.05,18.76,19.16,92.20,17.47,0.00,1.55,293.70,0.09
250,2024-03-27 23:30:00,20.31,18.89,18.68,19.09,92.40,17.42,0.00,0.98,305.20,0.10
250,2024-03-27 23:45:00,20.27,18.56,18.34,18.95,92.90,17.17,0.00,2.12,134.10,0.10
250,2024-03-28 00:00:00,20.20,18.18,17.92,18.63,93.50,16.86,0.00,1.66,107.80,0.10
250,2024-03-28 00:15:00,20.12,17.92,17.80,18.42,94.10,16.84,0.00,2.34,149.20,0.10
250,2024-03-28 00:30:00,20.01,17.77,17.80,18.28,94.50,16.91,0.00,1.97,119.40,0.10
250,2024-03-28 00:45:00,19.91,17.84,17.69,18.20,94.50,16.80,0.00,2.45,19.25,0.10
250,2024-03-28 01:00:00,19.82,17.53,17.48,17.91,95.00,16.67,0.00,2.17,344.40,0.10
250,2024-03-28 01:15:00,19.75,17.42,17.32,17.90,94.80,16.48,0.00,1.05,316.60,0.10
250,2024-03-28 01:30:00,19.66,17.40,17.39,18.08,94.80,16.55,0.00,1.76,329.40,0.10
250,2024-03-28 01:45:00,19.58,18.00,18.36,18.45,95.70,17.66,0.00,3.67,313.00,0.10
250,2024-03-28 02:00:00,19.54,18.70,18.47,18.85,95.20,17.69,0.00,3.11,3.42,0.11
250,2024-03-28 02:15:00,19.52,18.71,18.44,18.80,95.20,17.66,0.00,1.96,16.34,0.10
250,2024-03-28 02:30:00,19.53,18.77,18.54,18.86,95.10,17.74,0.00,3.88,333.50,0.11
250,2024-03-28 02:45:00,19.54,18.95,18.65,19.01,94.80,17.80,0.00,3.40,320.00,0.11
250,2024-03-28 03:00:00,19.56,18.91,18.55,18.95,94.80,17.70,0.00,2.52,345.40,0.11
250,2024-03-28 03:15:00,19.57,18.87,18.50,18.86,94.80,17.65,0.00,1.03,266.70,0.10
250,2024-03-28 03:30:00,19.60,18.75,18.36,18.82,94.80,17.51,0.00,1.62,323.70,0.10
250,2024-03-28 03:45:00,19.61,18.67,18.42,18.78,95.00,17.60,0.00,1.01,354.10,0.11
250,2024-03-28 04:00:00,19.62,18.81,18.52,18.82,95.00,17.70,0.00,1.46,342.90,0.11
250,2024-03-28 04:15:00,19.64,18.88,18.58,18.86,95.00,17.76,0.00,1.65,345.40,0.11
250,2024-03-28 04:30:00,19.68,18.93,18.60,18.90,94.90,17.77,0.00,3.51,344.30,0.10
250,2024-03-28 04:45:00,19.70,19.00,18.65,18.96,94.80,17.80,0.00,3.29,338.80,0.10
250,2024-03-28 05:00:00,19.73,19.06,18.71,19.00,94.80,17.86,0.00,2.16,340.20,0.10
250,2024-03-28 05:15:00,19.74,19.05,18.70,19.00,94.70,17.83,0.00,2.35,334.60,0.10
250,2024-03-28 05:30:00,19.76,19.05,18.75,19.02,94.80,17.90,0.00,1.82,334.60,0.10
250,2024-03-28 05:45:00,19.76,19.12,18.79,19.05,94.70,17.92,0.00,2.21,159.30,0.11
250,2024-03-28 06:00:00,19.78,19.14,18.81,19.10,94.80,17.96,0.00,2.10,339.20,0.10
250,2024-03-28 06:15:00,19.79,19.28,18.99,19.25,94.70,18.12,0.00,3.48,336.50,0.11
250,2024-03-28 06:30:00,19.81,19.41,19.06,19.37,94.40,18.14,0.00,3.64,337.40,0.10
250,2024-03-28 06:45:00,19.82,19.42,19.03,19.38,94.30,18.09,0.01,3.05,315.30,0.11
250,2024-03-28 07:00:00,19.83,19.31,18.94,19.28,94.30,18.00,0.02,5.69,358.60,0.10
250,2024-03-28 07:15:00,19.83,19.17,18.79,19.12,94.40,17.87,0.04,4.20,11.17,0.13
250,2024-03-28 07:30:00,19.82,18.65,18.11,18.49,94.30,17.18,0.05,7.37,355.60,0.27
250,2024-03-28 07:45:00,19.78,18.44,18.07,18.34,94.50,17.17,0.02,5.26,353.40,3.22
250,2024-03-28 08:00:00,19.73,18.31,17.89,18.18,94.60,17.01,0.03,4.38,4.18,8.72
250,2024-03-28 08:15:00,19.69,18.18,17.76,18.03,94.60,16.88,0.07,4.05,352.40,5.61
250,2024-03-28 08:30:00,19.64,17.97,17.56,17.79,94.90,16.73,0.15,5.71,333.30,14.47
250,2024-03-28 08:45:00,19.55,17.97,17.66,17.72,95.00,16.85,0.03,3.77,324.10,51.49
250,2024-03-28 09:00:00,19.51,18.08,17.70,17.81,94.90,16.87,0.02,3.95,340.90,87.40
250,2024-03-28 09:15:00,19.53,18.17,17.67,17.89,94.90,16.84,0.03,4.21,333.00,71.69
250,2024-03-28 09:30:00,19.58,18.04,17.55,17.79,94.90,16.72,0.01,4.00,338.70,31.46
250,2024-03-28 09:45:00,19.60,17.96,17.55,17.69,94.90,16.72,0.00,5.67,341.80,68.13
250,2024-03-28 10:00:00,19.61,18.04,17.59,17.73,94.70,16.73,0.00,5.39,333.80,99.60
250,2024-03-28 10:15:00,19.65,18.07,17.52,17.70,94.40,16.61,0.00,6.01,327.30,96.10
250,2024-03-28 10:30:00,19.70,18.07,17.63,17.62,93.60,16.59,0.00,6.96,326.80,226.70
250,2024-03-28 10:45:00,19.79,18.46,17.99,17.82,92.00,16.67,0.00,8.25,335.60,379.40
250,2024-03-28 11:00:00,20.01,18.46,17.62,17.76,89.30,15.84,0.00,8.06,326.90,397.70
250,2024-03-28 11:15:00,20.29,18.94,18.64,17.99,84.20,15.92,0.00,8.04,342.20,606.80
250,2024-03-28 11:30:00,20.64,19.44,18.70,18.31,83.00,15.76,0.00,9.42,352.50,579.40
250,2024-03-28 11:45:00,21.05,20.25,19.67,18.99,80.20,16.17,0.00,7.77,345.30,692.30
250,2024-03-28 12:00:00,21.46,20.02,19.64,19.01,80.30,16.16,0.00,8.40,335.70,597.10
250,2024-03-28 12:15:00,21.82,20.97,20.29,19.77,76.80,16.09,0.00,8.80,332.00,864.00
250,2024-03-28 12:30:00,22.26,21.33,20.78,20.20,74.11,16.00,0.00,6.60,329.50,742.70
250,2024-03-28 12:45:00,22.69,21.92,21.09,20.66,70.26,15.47,0.00,8.17,345.70,837.00
250,2024-03-28 13:00:00,23.11,22.66,22.12,21.34,65.27,15.30,0.00,9.15,340.70,852.00
250,2024-03-28 13:15:00,23.46,23.39,22.32,22.18,62.85,14.91,0.00,9.85,346.80,862.00
250,2024-03-28 13:30:00,23.71,23.75,23.20,22.63,55.33,13.76,0.00,10.37,344.80,843.00
250,2024-03-28 13:45:00,23.84,24.30,23.46,23.24,49.62,12.34,0.00,9.77,335.80,874.00
250,2024-03-28 14:00:00,23.89,24.86,24.25,23.67,49.98,13.17,0.00,10.36,343.40,873.00
250,2024-03-28 14:15:00,23.89,25.09,24.35,23.94,46.97,12.32,0.00,9.89,347.10,867.00
250,2024-03-28 14:30:00,23.87,25.32,24.46,24.24,48.80,13.00,0.00,9.17,336.60,853.00
250,2024-03-28 14:45:00,23.90,25.73,24.58,24.64,46.49,12.37,0.00,7.25,325.20,839.00
250,2024-03-28 15:00:00,24.05,25.53,25.03,24.55,42.50,11.42,0.00,10.45,318.80,823.00
250,2024-03-28 15:15:00,24.20,25.94,24.98,24.97,41.12,10.87,0.00,9.38,323.00,799.70
250,2024-03-28 15:30:00,24.37,26.03,25.30,25.04,40.20,10.82,0.00,10.87,340.40,753.60
250,2024-03-28 15:45:00,24.52,26.20,25.48,25.22,40.10,10.94,0.00,9.04,324.20,721.20
250,2024-03-28 16:00:00,24.64,26.32,25.51,25.34,41.21,11.38,0.00,9.37,323.80,716.90
250,2024-03-28 16:15:00,24.78,26.16,25.06,25.26,36.32,9.09,0.00,9.93,328.50,663.60
250,2024-03-28 16:30:00,24.86,26.08,25.81,25.23,38.53,10.64,0.00,9.51,327.50,636.60
250,2024-03-28 16:45:00,24.89,26.41,25.79,25.48,35.00,9.19,0.00,8.44,321.10,596.90
250,2024-03-28 17:00:00,24.92,26.55,25.55,25.63,34.51,8.77,0.00,8.11,334.10,550.60
250,2024-03-28 17:15:00,24.93,26.23,25.33,25.40,35.09,8.82,0.00,8.01,328.20,504.20
250,2024-03-28 17:30:00,24.89,26.06,25.27,25.29,35.05,8.75,0.00,8.77,329.30,456.40
250,2024-03-28 17:45:00,24.81,25.82,24.95,25.14,35.40,8.62,0.00,9.36,325.40,405.30
250,2024-03-28 18:00:00,24.68,25.43,24.55,24.84,35.02,8.10,0.00,10.74,330.40,352.20
250,2024-03-28 18:15:00,24.49,25.07,24.26,24.59,38.47,9.24,0.00,9.86,338.00,299.80
250,2024-03-28 18:30:00,24.25,24.70,24.07,24.29,40.63,9.88,0.00,8.59,328.70,245.00
250,2024-03-28 18:45:00,24.00,24.35,23.64,24.04,40.94,9.61,0.00,9.14,328.10,191.50
250,2024-03-28 19:00:00,23.73,23.88,23.30,23.71,42.10,9.72,0.00,9.54,337.80,141.60
250,2024-03-28 19:15:00,23.45,23.38,22.80,23.37,43.13,9.63,0.00,8.65,346.30,94.70
250,2024-03-28 19:30:00,23.12,22.87,22.38,22.98,43.49,9.37,0.00,8.03,345.60,53.59
250,2024-03-28 19:45:00,22.77,22.09,21.61,22.45,47.19,9.89,0.00,6.01,339.80,14.67
250,2024-03-28 20:00:00,22.44,21.45,21.25,21.96,51.14,10.76,0.00,5.20,337.10,2.30
250,2024-03-28 20:15:00,22.11,20.94,20.85,21.52,53.71,11.13,0.00,4.82,338.20,0.24
250,2024-03-28 20:30:00,21.82,20.69,20.39,21.16,55.43,11.17,0.00,4.55,342.40,0.10
250,2024-03-28 20:45:00,21.56,20.22,19.98,20.79,58.80,11.68,0.00,5.62,353.90,0.10
250,2024-03-28 21:00:00,21.30,19.90,19.81,20.49,60.34,11.91,0.00,5.89,354.20,0.11
250,2024-03-28 21:15:00,21.06,19.75,19.66,20.30,61.32,12.02,0.00,5.80,351.60,0.11
250,2024-03-28 21:30:00,20.85,19.52,19.33,20.11,62.97,12.11,0.00,5.16,354.60,0.13
250,2024-03-28 21:45:00,20.65,19.24,19.16,19.87,63.51,12.08,0.00,4.35,348.60,0.13
250,2024-03-28 22:00:00,20.45,18.86,18.71,19.57,65.24,12.06,0.00,2.88,335.00,0.13
250,2024-03-28 22:15:00,20.27,18.17,18.27,19.14,66.99,12.04,0.00,2.51,334.30,0.13
250,2024-03-28 22:30:00,20.11,17.27,17.17,18.62,72.39,12.17,0.00,1.47,324.40,0.13
250,2024-03-28 22:45:00,19.95,16.09,15.81,18.25,77.32,11.85,0.00,1.67,283.20,0.13
250,2024-03-28 23:00:00,19.79,15.29,15.70,17.86,78.30,11.94,0.00,1.11,293.90,0.13
250,2024-03-28 23:15:00,19.64,14.75,15.07,17.58,79.76,11.60,0.00,1.63,283.00,0.13
250,2024-03-28 23:30:00,19.48,14.55,14.82,17.32,79.20,11.25,0.00,2.55,275.00,0.14
250,2024-03-28 23:45:00,19.32,14.23,15.05,16.97,79.57,11.55,0.00,1.60,289.20,0.13
250,2024-03-29 00:00:00,19.16,14.52,14.67,16.45,81.80,11.60,0.00,2.02,95.00,0.13
250,2024-03-29 00:15:00,19.00,14.62,14.91,16.20,82.90,12.03,0.00,1.48,98.00,0.14
250,2024-03-29 00:30:00,18.85,14.18,14.23,15.62,84.90,11.73,0.00,1.04,37.16,0.14
250,2024-03-29 00:45:00,18.71,13.92,14.44,16.72,83.10,11.61,0.00,3.21,339.30,0.14
250,2024-03-29 01:00:00,18.56,14.44,14.82,16.32,82.90,11.94,0.00,1.73,348.90,0.14
250,2024-03-29 01:15:00,18.42,14.58,14.94,16.51,80.30,11.58,0.00,2.39,325.70,0.14
250,2024-03-29 01:30:00,18.29,13.73,14.53,16.31,83.70,11.81,0.00,1.83,322.90,0.13
250,2024-03-29 01:45:00,18.15,13.87,14.46,16.13,83.30,11.66,0.00,1.85,334.90,0.13
250,2024-03-29 02:00:00,18.01,13.69,14.05,15.58,84.90,11.55,0.00,0.52,74.93,0.14
250,2024-03-29 02:15:00,17.88,12.99,12.80,15.33,85.20,10.38,0.00,1.08,284.50,0.14
250,2024-03-29 02:30:00,17.74,12.11,13.04,15.43,86.80,10.89,0.00,1.39,304.20,0.14
250,2024-03-29 02:45:00,17.60,12.84,14.01,15.31,81.40,10.88,0.00,2.91,332.70,0.14
250,2024-03-29 03:00:00,17.45,14.82,15.30,16.00,66.25,9.05,0.00,4.39,341.90,0.13
250,2024-03-29 03:15:00,17.30,15.11,15.17,15.97,64.30,8.48,0.00,4.97,350.30,0.13
250,2024-03-29 03:30:00,17.15,15.03,14.91,15.81,63.29,8.00,0.00,4.56,354.40,0.13
250,2024-03-29 03:45:00,17.01,15.00,15.00,15.71,60.66,7.46,0.00,5.55,349.40,0.13
250,2024-03-29 04:00:00,16.86,14.77,14.69,15.51,59.34,6.85,0.00,5.22,354.00,0.13
250,2024-03-29 04:15:00,16.72,14.31,14.31,15.16,60.58,6.79,0.00,3.83,0.60,0.13
250,2024-03-29 04:30:00,16.57,13.80,14.15,14.84,59.99,6.50,0.00,3.14,3.31,0.13
250,2024-03-29 04:45:00,16.43,14.15,14.12,14.93,58.32,6.06,0.00,3.97,12.33,0.14
250,2024-03-29 05:00:00,16.29,14.02,14.09,14.80,56.36,5.54,0.00,3.37,21.72,0.13
250,2024-03-29 05:15:00,16.14,13.79,13.93,14.54,55.00,5.04,0.00,2.28,22.24,0.13
250,2024-03-29 05:30:00,16.00,13.48,13.60,14.34,56.14,5.03,0.00,2.35,19.65,0.13
250,2024-03-29 05:45:00,15.87,13.05,13.16,13.96,57.74,5.02,0.00,2.08,356.10,0.13
250,2024-03-29 06:00:00,15.74,13.12,13.43,14.03,55.14,4.61,0.00,4.24,349.50,0.13
250,2024-03-29 06:15:00,15.60,13.29,13.31,14.08,55.76,4.66,0.00,4.77,344.70,0.13
250,2024-03-29 06:30:00,15.47,13.19,13.33,13.94,55.19,4.53,0.00,4.93,351.40,0.13
250,2024-03-29 06:45:00,15.35,13.18,13.07,13.85,55.90,4.47,0.00,4.65,359.00,0.13
250,2024-03-29 07:00:00,15.22,13.26,13.27,13.86,54.11,4.19,0.00,5.72,7.45,0.15
250,2024-03-29 07:15:00,15.09,13.02,12.86,13.60,55.11,4.07,0.00,4.70,15.23,1.01
250,2024-03-29 07:30:00,14.97,12.72,12.69,13.28,55.80,4.09,0.00,3.43,23.17,6.37
250,2024-03-29 07:45:00,14.86,12.58,12.56,13.09,57.16,4.31,0.00,3.53,19.36,16.17
250,2024-03-29 08:00:00,14.75,12.54,12.66,13.23,58.33,4.69,0.00,4.88,6.09,45.52
250,2024-03-29 08:15:00,14.67,13.33,13.16,13.43,55.38,4.42,0.00,5.79,5.30,124.40
250,2024-03-29 08:30:00,14.66,14.04,13.53,13.74,55.30,4.74,0.00,4.74,9.15,172.60
250,2024-03-29 08:45:00,14.73,14.41,13.88,13.97,53.71,4.65,0.00,5.79,7.08,228.20
250,2024-03-29 09:00:00,14.89,14.65,14.13,14.13,52.92,4.67,0.00,7.11,6.99,282.30
250,2024-03-29 09:15:00,15.09,15.09,14.52,14.37,52.45,4.91,0.00,6.51,7.58,336.20
250,2024-03-29 09:30:00,15.35,15.64,14.84,14.80,52.00,5.08,0.00,5.42,13.82,389.70
250,2024-03-29 09:45:00,15.67,15.95,15.24,14.96,51.75,5.38,0.00,5.76,10.95,442.20
250,2024-03-29 10:00:00,16.04,16.40,15.73,15.35,52.39,6.01,0.00,5.75,4.95,492.90
250,2024-03-29 10:15:00,16.45,16.80,16.20,15.68,54.87,7.12,0.00,6.18,5.79,541.30
250,2024-03-29 10:30:00,16.90,17.57,17.02,16.41,52.76,7.31,0.00,5.53,1.90,588.10
250,2024-03-29 10:45:00,17.39,18.19,17.39,16.89,51.63,7.34,0.00,6.31,359.60,632.10
250,2024-03-29 11:00:00,17.90,18.85,18.17,17.68,46.68,6.58,0.00,6.08,7.17,673.70
250,2024-03-29 11:15:00,18.44,19.57,18.76,18.30,43.19,5.99,0.00,5.48,34.70,713.40
250,2024-03-29 11:30:00,18.99,20.03,19.05,18.65,44.95,6.84,0.00,5.91,8.58,749.20
250,2024-03-29 11:45:00,19.55,20.20,19.49,18.93,42.43,6.40,0.00,6.03,352.60,779.40
250,2024-03-29 12:00:00,20.12,20.72,19.88,19.23,39.68,5.78,0.00,6.05,7.37,808.00
250,2024-03-29 12:15:00,20.70,21.12,20.04,19.71,43.54,7.27,0.00,5.35,359.80,835.00
250,2024-03-29 12:30:00,21.27,21.38,20.75,19.91,41.84,7.33,0.00,6.02,3.35,855.00
250,2024-03-29 12:45:00,21.84,21.72,20.56,20.22,38.45,5.93,0.00,6.66,345.60,873.00
250,2024-03-29 13:00:00,22.39,22.03,21.10,20.59,38.08,6.27,0.00,5.98,359.20,887.00
250,2024-03-29 13:15:00,22.89,22.31,21.30,20.87,37.14,6.09,0.00,6.44,9.24,896.00
250,2024-03-29 13:30:00,23.33,22.44,21.76,20.98,36.78,6.35,0.00,6.30,356.40,874.00
250,2024-03-29 13:45:00,23.67,22.82,21.88,21.28,33.52,5.12,0.00,6.43,5.23,905.00
250,2024-03-29 14:00:00,23.87,23.13,22.07,21.63,31.93,4.59,0.00,5.19,349.20,901.00
250,2024-03-29 14:15:00,24.00,23.14,22.14,21.87,34.20,5.64,0.00,5.02,0.20,890.00
250,2024-03-29 14:30:00,24.11,23.56,22.41,22.10,32.03,4.93,0.00,5.88,357.00,883.00
250,2024-03-29 14:45:00,24.24,23.82,22.76,22.34,31.01,4.77,0.00,5.55,10.68,870.00
250,2024-03-29 15:00:00,24.44,23.72,22.63,22.20,35.53,6.62,0.00,5.50,336.00,850.00
250,2024-03-29 15:15:00,24.72,24.28,23.23,22.80,30.13,4.77,0.00,4.50,2.59,826.00
250,2024-03-29 15:30:00,25.05,24.42,23.10,22.90,26.23,2.69,0.00,4.62,11.25,798.00
250,2024-03-29 15:45:00,25.40,24.69,23.41,23.21,28.13,3.94,0.00,3.99,7.50,770.10
250,2024-03-29 16:00:00,25.73,24.73,23.57,23.09,28.42,4.23,0.00,4.78,356.70,734.60
250,2024-03-29 16:15:00,26.03,24.68,23.24,23.20,24.49,1.84,0.00,4.42,347.20,698.40
250,2024-03-29 16:30:00,26.27,24.72,23.58,23.35,28.78,4.41,0.00,3.55,358.50,654.70
250,2024-03-29 16:45:00,26.46,24.98,23.84,23.67,26.99,3.72,0.00,3.59,285.50,611.60
250,2024-03-29 17:00:00,26.60,25.10,23.60,23.81,29.70,4.88,0.00,4.20,351.30,564.90
250,2024-03-29 17:15:00,26.69,25.24,23.69,24.16,27.79,4.01,0.00,2.94,294.10,515.50
250,2024-03-29 17:30:00,26.73,24.54,23.69,23.47,29.92,5.06,0.00,4.60,300.90,466.60
250,2024-03-29 17:45:00,26.69,24.52,23.34,23.64,27.30,3.46,0.00,4.36,316.20,414.20
250,2024-03-29 18:00:00,26.59,24.77,23.68,23.81,29.14,4.68,0.00,3.46,350.80,361.80
250,2024-03-29 18:15:00,26.45,24.85,23.79,24.04,26.97,3.67,0.00,2.57,2.61,307.90
250,2024-03-29 18:30:00,26.28,24.87,23.62,24.01,26.55,3.30,0.00,2.61,334.70,253.50
250,2024-03-29 18:45:00,26.07,25.21,23.85,24.43,29.31,4.91,0.00,1.85,314.90,199.80
250,2024-03-29 19:00:00,25.81,24.96,23.71,24.21,28.25,4.26,0.00,1.76,339.50,147.90
250,2024-03-29 19:15:00,25.51,24.24,22.63,24.20,32.95,5.53,0.00,1.65,358.40,100.50
250,2024-03-29 19:30:00,25.18,22.10,20.78,23.41,45.28,8.52,0.00,1.05,13.14,57.36
250,2024-03-29 19:45:00,24.79,19.84,19.01,21.33,53.42,9.34,0.00,1.24,15.96,16.55
250,2024-03-29 20:00:00,24.39,17.85,17.55,19.25,52.45,7.71,0.00,0.91,329.50,2.49
250,2024-03-29 20:15:00,23.97,15.69,16.41,18.07,56.25,7.68,0.00,0.56,300.30,0.22
250,2024-03-29 20:30:00,23.55,14.88,15.73,16.78,60.64,8.15,0.00,0.39,299.70,0.12
250,2024-03-29 20:45:00,23.16,14.80,15.24,16.24,59.18,7.33,0.00,2.28,61.32,0.14
250,2024-03-29 21:00:00,22.77,15.71,16.57,17.58,60.12,8.81,0.00,1.76,52.00,0.15
250,2024-03-29 21:15:00,22.41,16.37,16.47,17.37,65.11,9.90,0.00,2.54,72.56,0.15
250,2024-03-29 21:30:00,22.06,16.18,16.20,17.12,67.52,10.19,0.00,2.02,89.00,0.16
250,2024-03-29 21:45:00,21.75,15.90,15.92,16.75,69.75,10.40,0.00,1.65,89.70,0.16
250,2024-03-29 22:00:00,21.46,15.27,14.91,16.35,72.26,9.96,0.00,2.08,25.00,0.16
250,2024-03-29 22:15:00,21.19,14.19,14.19,15.83,76.54,10.13,0.00,1.73,28.80,0.15
250,2024-03-29 22:30:00,20.90,14.00,14.44,15.56,77.26,10.51,0.00,2.27,67.06,0.15
250,2024-03-29 22:45:00,20.62,14.08,14.69,15.48,76.50,10.61,0.00,2.48,110.00,0.13
250,2024-03-29 23:00:00,20.38,14.45,14.21,15.37,77.63,10.36,0.00,1.40,111.80,0.13
250,2024-03-29 23:15:00,20.16,13.27,13.20,14.45,80.90,9.99,0.00,0.60,109.80,0.13
250,2024-03-29 23:30:00,19.93,12.48,12.70,13.75,83.60,10.00,0.00,0.55,314.30,0.13
250,2024-03-29 23:45:00,19.72,12.23,12.31,13.39,85.00,9.86,0.00,1.26,346.10,0.13
250,2024-03-30 00:00:00,19.50,11.66,11.80,12.85,86.70,9.66,0.00,0.37,96.30,0.13
250,2024-03-30 00:15:00,19.29,11.25,11.73,12.39,88.30,9.86,0.00,0.86,240.70,0.13
250,2024-03-30 00:30:00,19.08,11.36,11.37,12.11,88.80,9.59,0.00,0.44,27.29,0.13
250,2024-03-30 00:45:00,18.88,10.64,10.96,11.66,89.80,9.35,0.00,0.73,327.50,0.13
250,2024-03-30 01:00:00,18.69,10.27,10.57,11.48,90.20,9.03,0.00,0.98,330.90,0.13
250,2024-03-30 01:15:00,18.50,9.86,10.28,11.19,90.90,8.86,0.00,0.56,343.50,0.13
250,2024-03-30 01:30:00,18.30,10.15,10.38,10.88,91.60,9.07,0.00,0.60,341.60,0.13
250,2024-03-30 01:45:00,18.12,10.16,10.11,10.77,91.90,8.85,0.00,1.60,353.80,0.14
250,2024-03-30 02:00:00,17.96,10.13,10.20,10.68,92.50,9.04,0.00,0.84,60.25,0.13
250,2024-03-30 02:15:00,17.80,9.93,10.03,10.66,92.70,8.90,0.00,0.66,260.40,0.13
250,2024-03-30 02:30:00,17.65,9.89,9.84,10.35,93.00,8.76,0.00,0.53,59.32,0.14
250,2024-03-30 02:45:00,17.50,9.51,9.80,10.48,93.20,8.75,0.00,1.25,243.90,0.14
250,2024-03-30 03:00:00,17.34,9.36,9.47,10.35,93.40,8.46,0.00,1.10,260.80,0.14
250,2024-03-30 03:15:00,17.20,9.08,9.26,10.09,93.80,8.31,0.00,0.52,224.60,0.14
250,2024-03-30 03:30:00,17.07,9.05,9.23,9.85,93.90,8.30,0.00,0.39,304.50,0.15
250,2024-03-30 03:45:00,16.92,8.87,9.14,9.68,94.30,8.27,0.00,0.61,234.90,0.14
250,2024-03-30 04:00:00,16.78,9.08,9.16,9.70,94.30,8.29,0.00,0.38,254.40,0.14
250,2024-03-30 04:15:00,16.64,9.07,9.12,9.51,94.80,8.33,0.00,0.38,47.53,0.14
250,2024-03-30 04:30:00,16.52,9.02,8.98,9.57,94.90,8.21,0.00,1.16,166.80,0.15
250,2024-03-30 04:45:00,16.40,8.93,8.85,9.69,94.90,8.08,0.00,0.94,186.00,0.15
250,2024-03-30 05:00:00,16.28,8.66,8.81,9.40,95.30,8.10,0.00,0.89,202.00,0.14
250,2024-03-30 05:15:00,16.17,8.70,8.67,9.23,95.20,7.95,0.00,0.54,96.00,0.14
250,2024-03-30 05:30:00,16.05,8.75,8.61,9.25,95.40,7.92,0.00,1.06,171.90,0.15
250,2024-03-30 05:45:00,15.94,8.57,8.54,9.18,95.30,7.83,0.00,0.62,237.50,0.15
250,2024-03-30 06:00:00,15.84,8.39,8.46,9.00,95.60,7.80,0.00,1.07,234.40,0.15
250,2024-03-30 06:15:00,15.74,7.85,8.19,8.92,95.80,7.56,0.00,0.80,226.70,0.15
250,2024-03-30 06:30:00,15.63,8.07,8.22,8.61,95.90,7.60,0.00,0.26,191.50,0.15
250,2024-03-30 06:45:00,15.52,8.13,8.23,8.51,96.10,7.65,0.00,0.37,226.70,0.15
250,2024-03-30 07:00:00,15.42,7.97,7.92,8.29,95.80,7.29,0.00,0.29,255.30,0.20
250,2024-03-30 07:15:00,15.32,7.69,8.09,8.56,96.20,7.52,0.00,0.76,232.10,2.07
250,2024-03-30 07:30:00,15.22,7.97,8.12,8.58,96.20,7.55,0.00,0.40,151.10,11.61
250,2024-03-30 07:45:00,15.14,8.42,8.31,8.70,96.40,7.77,0.00,0.62,182.60,24.60
250,2024-03-30 08:00:00,15.08,8.83,8.98,9.27,96.80,8.50,0.00,0.78,243.90,64.80
250,2024-03-30 08:15:00,15.05,10.07,9.89,10.14,97.00,9.44,0.00,0.97,251.10,142.20
250,2024-03-30 08:30:00,15.06,11.77,11.12,11.48,96.80,10.63,0.00,0.92,192.50,186.50
250,2024-03-30 08:45:00,15.16,13.15,12.25,12.80,96.50,11.71,0.00,0.86,223.70,223.80
250,2024-03-30 09:00:00,15.36,14.51,13.48,14.16,95.40,12.76,0.00,0.88,210.80,277.10
250,2024-03-30 09:15:00,15.63,15.98,14.72,15.33,93.00,13.60,0.00,1.16,147.50,291.60
250,2024-03-30 09:30:00,15.98,16.59,15.39,16.02,89.10,13.60,0.00,1.65,163.40,339.40
250,2024-03-30 09:45:00,16.37,17.30,16.80,16.48,83.30,13.95,0.00,2.77,160.60,424.50
250,2024-03-30 10:00:00,16.83,18.75,18.21,17.77,77.28,14.17,0.00,2.59,156.30,449.00
250,2024-03-30 10:15:00,17.36,19.96,19.26,18.86,66.52,12.88,0.00,2.82,149.90,515.60
250,2024-03-30 10:30:00,17.93,20.80,19.93,19.79,54.91,10.60,0.00,3.11,146.20,558.10
250,2024-03-30 10:45:00,18.54,22.01,21.11,20.78,51.04,10.60,0.00,2.75,137.60,604.50
250,2024-03-30 11:00:00,19.19,22.48,21.63,21.49,48.64,10.36,0.00,2.53,101.40,606.80
250,2024-03-30 11:15:00,19.82,23.22,22.39,22.08,45.17,9.94,0.00,2.48,166.20,652.30
250,2024-03-30 11:30:00,20.47,24.05,22.53,22.83,48.20,11.04,0.00,2.74,217.30,698.40
250,2024-03-30 11:45:00,21.12,23.32,22.24,22.23,52.55,12.08,0.00,3.93,236.60,691.70
250,2024-03-30 12:00:00,21.76,23.76,22.93,22.61,53.01,12.85,0.00,3.99,212.40,769.30
250,2024-03-30 12:15:00,22.37,24.33,23.30,23.02,54.29,13.56,0.00,3.87,189.80,797.90
250,2024-03-30 12:30:00,23.02,24.39,23.06,22.96,54.71,13.46,0.00,6.02,213.10,820.00
250,2024-03-30 12:45:00,23.64,24.72,23.75,23.31,50.87,12.98,0.00,6.41,205.60,732.20
250,2024-03-30 13:00:00,24.13,24.83,23.72,23.35,51.69,13.20,0.00,5.64,195.10,808.00
250,2024-03-30 13:15:00,24.56,25.57,25.06,24.01,47.98,13.29,0.00,5.49,200.60,791.10
250,2024-03-30 13:30:00,24.97,25.93,24.59,24.24,47.76,12.79,0.00,7.56,219.40,878.00
250,2024-03-30 13:45:00,25.33,25.76,24.25,24.11,46.93,12.21,0.00,8.68,232.90,808.00
250,2024-03-30 14:00:00,25.59,25.32,24.21,24.04,46.19,11.93,0.00,9.21,256.80,535.80
250,2024-03-30 14:15:00,25.65,25.49,24.22,24.25,45.82,11.82,0.00,7.83,257.10,515.10
250,2024-03-30 14:30:00,25.64,25.22,24.73,24.30,43.26,11.41,0.00,6.03,237.90,532.80
250,2024-03-30 14:45:00,25.62,25.67,24.36,24.58,43.67,11.22,0.00,6.34,261.30,448.80
250,2024-03-30 15:00:00,25.66,25.46,24.86,24.67,43.74,11.70,0.00,4.31,303.50,457.30
250,2024-03-30 15:15:00,25.69,26.04,25.10,25.14,46.01,12.68,0.00,3.43,260.20,485.70
250,2024-03-30 15:30:00,25.78,26.22,25.41,25.21,39.95,10.83,0.00,7.00,273.90,474.80
250,2024-03-30 15:45:00,25.90,26.23,25.09,25.26,40.52,10.75,0.00,5.34,249.60,433.70
250,2024-03-30 16:00:00,25.98,26.46,26.05,25.53,42.01,12.16,0.00,5.59,250.30,541.90
250,2024-03-30 16:15:00,26.07,27.23,26.33,25.84,39.62,11.52,0.00,7.30,278.10,683.10
250,2024-03-30 16:30:00,26.28,27.30,26.06,25.76,40.13,11.47,0.00,8.08,259.00,629.60
250,2024-03-30 16:45:00,26.53,27.52,26.89,26.24,37.73,11.28,0.00,7.02,264.00,589.10
250,2024-03-30 17:00:00,26.76,27.35,26.25,26.08,35.74,9.90,0.00,11.24,257.40,547.40
250,2024-03-30 17:15:00,26.89,27.10,26.00,25.91,35.27,9.49,0.00,11.22,246.90,503.60
250,2024-03-30 17:30:00,26.95,26.72,25.81,25.69,36.54,9.85,0.00,12.25,242.70,456.40
250,2024-03-30 17:45:00,26.93,26.59,25.68,25.56,36.88,9.87,0.00,11.01,252.70,407.50
250,2024-03-30 18:00:00,26.86,26.48,25.60,25.58,35.19,9.10,0.00,10.11,255.50,356.40
250,2024-03-30 18:15:00,26.75,25.91,25.13,25.20,35.04,8.62,0.00,11.66,256.80,306.70
250,2024-03-30 18:30:00,26.59,25.50,24.64,24.96,39.49,9.96,0.00,10.54,258.70,250.80
250,2024-03-30 18:45:00,26.38,25.01,24.32,24.62,38.98,9.48,0.00,11.00,247.60,198.10
250,2024-03-30 19:00:00,26.14,24.43,23.64,24.25,40.69,9.51,0.00,10.04,254.80,147.10
250,2024-03-30 19:15:00,25.85,23.55,23.11,23.80,43.06,9.88,0.00,10.06,254.70,100.10
250,2024-03-30 19:30:00,25.54,22.82,22.36,23.30,44.69,9.76,0.00,9.64,254.20,58.37
250,2024-03-30 19:45:00,25.18,20.75,20.45,22.59,51.73,10.19,0.00,6.45,257.60,17.98
250,2024-03-30 20:00:00,24.80,18.74,19.93,22.00,52.36,9.89,0.00,5.72,260.50,2.84
250,2024-03-30 20:15:00,24.38,18.29,19.19,21.52,54.86,9.90,0.00,6.61,254.80,0.26
250,2024-03-30 20:30:00,23.97,17.91,18.65,20.99,55.48,9.57,0.00,6.10,255.10,0.10
250,2024-03-30 20:45:00,23.58,17.39,18.74,20.59,53.73,9.17,0.00,4.56,260.20,0.09
250,2024-03-30 21:00:00,23.21,16.49,17.94,19.89,57.01,9.31,0.00,4.22,259.80,0.10
250,2024-03-30 21:15:00,22.86,15.84,16.94,19.46,62.09,9.64,0.00,5.48,258.10,0.10
250,2024-03-30 21:30:00,22.51,15.40,16.64,19.02,65.27,10.10,0.00,6.66,258.30,0.10
250,2024-03-30 21:45:00,22.18,16.83,17.55,18.79,67.45,11.46,0.00,9.03,268.70,0.10
250,2024-03-30 22:00:00,21.87,17.20,17.29,18.49,71.75,12.15,0.00,7.74,270.50,0.09
250,2024-03-30 22:15:00,21.60,16.67,16.96,18.15,75.68,12.64,0.00,7.47,263.70,0.09
250,2024-03-30 22:30:00,21.36,15.81,16.02,17.66,79.78,12.53,0.00,5.70,264.90,0.09
250,2024-03-30 22:45:00,21.11,15.45,16.05,17.31,82.40,13.05,0.00,6.08,271.80,0.10
250,2024-03-30 23:00:00,20.88,15.85,16.15,17.24,83.90,13.43,0.00,6.20,275.60,0.10
250,2024-03-30 23:15:00,20.67,15.57,15.96,17.17,84.70,13.39,0.00,5.32,273.10,0.09
250,2024-03-30 23:30:00,20.47,15.15,16.00,16.90,87.00,13.84,0.00,5.03,272.70,0.09
250,2024-03-30 23:45:00,20.28,15.21,15.47,16.85,88.00,13.49,0.00,4.50,272.10,0.10
250,2024-03-31 00:00:00,20.09,14.51,14.83,16.55,88.40,12.93,0.00,3.78,262.10,0.09
250,2024-03-31 00:15:00,19.91,14.10,14.53,16.19,89.90,12.89,0.00,3.72,259.70,0.10
250,2024-03-31 00:30:00,19.74,13.71,14.37,16.01,90.50,12.84,0.00,3.85,265.80,0.10
250,2024-03-31 00:45:00,19.56,13.72,14.37,15.84,91.50,13.00,0.00,3.21,259.60,0.11
250,2024-03-31 01:00:00,19.40,14.06,14.29,15.61,92.00,13.01,0.00,2.30,261.10,0.11
250,2024-03-31 01:15:00,19.26,13.61,14.02,15.47,92.20,12.77,0.00,2.41,259.20,0.12
250,2024-03-31 01:30:00,19.12,13.55,13.86,15.18,92.80,12.71,0.00,2.38,251.00,0.12
250,2024-03-31 01:45:00,18.97,13.27,13.72,14.89,93.40,12.67,0.00,1.22,294.70,0.12
250,2024-03-31 02:00:00,18.83,12.81,13.11,15.05,93.50,12.09,0.00,1.36,319.00,0.12
250,2024-03-31 02:15:00,18.68,12.34,12.62,15.09,93.80,11.65,0.00,2.50,282.90,0.13
250,2024-03-31 02:30:00,18.55,12.88,13.21,14.89,94.20,12.30,0.00,1.26,256.50,0.13
250,2024-03-31 02:45:00,18.40,12.67,12.97,14.40,94.40,12.09,0.00,1.17,161.50,0.12
250,2024-03-31 03:00:00,18.28,12.50,12.85,14.15,94.80,12.04,0.00,0.85,60.16,0.12
250,2024-03-31 03:15:00,18.16,12.39,12.59,14.02,95.10,11.83,0.00,1.03,116.90,0.13
250,2024-03-31 03:30:00,18.04,12.17,12.24,13.50,95.10,11.48,0.00,1.10,121.60,0.12
250,2024-03-31 03:45:00,17.92,11.71,12.04,13.08,95.20,11.30,0.00,0.79,57.80,0.12
250,2024-03-31 04:00:00,17.81,11.43,11.76,12.84,95.40,11.05,0.00,0.94,41.19,0.13
250,2024-03-31 04:15:00,17.70,11.31,11.59,12.77,95.80,10.94,0.00,0.92,288.30,0.13
250,2024-03-31 04:30:00,17.58,11.34,11.57,12.34,95.90,10.94,0.00,0.76,156.70,0.13
250,2024-03-31 04:45:00,17.47,11.31,11.40,12.18,95.70,10.74,0.00,1.02,132.10,0.14
250,2024-03-31 05:00:00,17.36,11.34,11.37,12.08,95.90,10.74,0.00,0.69,61.93,0.12
250,2024-03-31 05:15:00,17.25,11.08,11.33,11.98,96.20,10.75,0.00,0.86,85.20,0.13
250,2024-03-31 05:30:00,17.14,10.70,11.05,11.71,96.20,10.47,0.00,0.59,171.00,0.13
250,2024-03-31 05:45:00,17.03,10.71,10.86,11.67,96.10,10.26,0.00,0.67,185.70,0.12
250,2024-03-31 06:00:00,16.93,10.57,10.92,11.65,96.60,10.40,0.00,1.32,142.80,0.13
250,2024-03-31 06:15:00,16.84,10.83,10.82,11.49,96.20,10.24,0.00,1.02,124.00,0.13
250,2024-03-31 06:30:00,16.76,10.75,10.80,11.54,96.30,10.23,0.00,1.35,104.60,0.12
250,2024-03-31 06:45:00,16.67,11.01,11.19,11.57,96.80,10.70,0.00,1.78,129.00,0.13
250,2024-03-31 07:00:00,16.61,11.46,11.29,11.63,96.50,10.75,0.00,2.31,134.70,0.17
250,2024-03-31 07:15:00,16.55,11.37,11.05,11.37,96.50,10.51,0.00,2.12,143.60,2.23
250,2024-03-31 07:30:00,16.50,11.21,10.91,11.22,96.60,10.39,0.00,1.51,126.80,7.90
250,2024-03-31 07:45:00,16.46,11.19,10.92,11.13,96.80,10.43,0.00,1.77,143.10,25.96
250,2024-03-31 08:00:00,16.43,11.33,11.00,11.21,96.80,10.51,0.00,1.71,145.30,45.45
250,2024-03-31 08:15:00,16.42,11.38,11.16,11.24,97.10,10.72,0.00,1.42,148.30,56.51
250,2024-03-31 08:30:00,16.43,11.92,11.74,11.73,97.30,11.33,0.00,1.09,151.30,119.70
250,2024-03-31 08:45:00,16.48,12.77,12.36,12.44,97.20,11.93,0.00,1.47,154.10,183.00
250,2024-03-31 09:00:00,16.63,13.99,13.48,13.28,97.40,13.08,0.00,1.54,158.70,315.30
250,2024-03-31 09:15:00,16.85,16.05,14.52,15.20,96.80,14.02,0.00,0.88,154.00,335.90
250,2024-03-31 09:30:00,17.22,16.19,15.27,15.74,96.30,14.68,0.00,0.95,213.50,246.70
250,2024-03-31 09:45:00,17.58,16.81,15.96,16.49,95.90,15.31,0.00,0.99,208.00,238.80
250,2024-03-31 10:00:00,17.93,17.76,16.61,17.14,94.90,15.79,0.00,1.19,235.70,350.70
250,2024-03-31 10:15:00,18.29,19.39,18.44,18.60,93.20,17.32,0.00,1.23,166.60,528.40
250,2024-03-31 10:30:00,18.78,20.83,19.63,19.72,84.50,16.95,0.00,1.86,0.43,556.80
250,2024-03-31 10:45:00,19.38,20.90,19.84,19.80,81.80,16.64,0.00,2.87,300.30,436.60
250,2024-03-31 11:00:00,19.94,21.85,21.02,20.62,76.42,16.72,0.00,2.78,262.00,610.10
250,2024-03-31 11:15:00,20.50,22.95,21.50,21.48,74.04,16.68,0.00,3.91,320.90,645.40
250,2024-03-31 11:30:00,21.16,22.78,21.87,21.68,72.32,16.67,0.00,4.58,322.90,483.60
250,2024-03-31 11:45:00,21.74,23.50,23.00,22.17,68.72,16.95,0.00,7.78,285.80,642.40
250,2024-03-31 12:00:00,22.21,24.20,22.85,22.71,65.79,16.12,0.00,7.47,284.80,721.10
250,2024-03-31 12:15:00,22.75,23.67,22.63,22.48,67.45,16.30,0.00,7.50,291.20,576.10
250,2024-03-31 12:30:00,23.22,24.38,23.58,22.89,64.51,16.51,0.00,7.93,271.70,704.30
250,2024-03-31 12:45:00,23.65,24.60,23.81,23.00,63.25,16.41,0.00,8.96,260.00,790.20
250,2024-03-31 13:00:00,24.10,24.58,23.21,23.31,60.86,15.25,0.00,8.38,278.70,459.20
250,2024-03-31 13:15:00,24.43,24.17,23.85,23.04,60.94,15.87,0.00,10.23,260.60,485.20
250,2024-03-31 13:30:00,24.56,25.75,24.16,23.89,58.46,15.51,0.00,9.36,259.00,854.00
250,2024-03-31 13:45:00,24.84,25.49,25.10,23.79,59.58,16.69,0.00,10.54,240.90,854.00
250,2024-03-31 14:00:00,25.12,25.49,25.46,24.15,58.74,16.80,0.00,10.11,253.10,615.20
250,2024-03-31 14:15:00,25.32,26.55,25.30,24.77,53.80,15.28,0.00,9.98,261.90,856.00
250,2024-03-31 14:30:00,25.53,26.12,24.63,24.55,55.87,15.24,0.00,9.26,270.00,517.50
250,2024-03-31 14:45:00,25.74,25.86,25.15,24.59,55.44,15.61,0.00,10.60,270.90,544.20
250,2024-03-31 15:00:00,25.87,26.62,25.86,25.00,53.41,15.68,0.00,8.94,232.60,845.00
250,2024-03-31 15:15:00,26.09,26.51,25.15,25.13,54.15,15.24,0.00,10.88,253.80,508.90
250,2024-03-31 15:30:00,26.31,26.24,25.21,25.15,54.28,15.33,0.00,7.95,290.80,484.20
250,2024-03-31 15:45:00,26.46,26.91,26.20,25.48,48.64,14.54,0.00,7.83,272.60,706.70
250,2024-03-31 16:00:00,26.66,27.11,25.85,25.48,49.81,14.59,0.00,12.71,242.00,709.90
250,2024-03-31 16:15:00,26.94,27.13,25.98,25.58,49.24,14.53,0.00,11.11,262.60,674.70
250,2024-03-31 16:30:00,27.16,27.08,26.05,25.51,51.53,15.30,0.00,12.17,240.80,650.50
250,2024-03-31 16:45:00,27.35,26.94,25.72,25.59,50.49,14.68,0.00,10.66,251.40,559.20
250,2024-03-31 17:00:00,27.48,26.52,25.54,25.18,49.61,14.24,0.00,11.58,257.00,507.60
250,2024-03-31 17:15:00,27.54,26.31,25.27,25.09,50.53,14.28,0.00,12.82,242.60,442.50
250,2024-03-31 17:30:00,27.52,25.84,25.51,24.92,51.57,14.81,0.00,10.88,252.50,376.00
250,2024-03-31 17:45:00,27.44,25.61,25.11,24.78,53.71,15.08,0.00,10.70,254.80,257.30
250,2024-03-31 18:00:00,27.29,25.76,25.00,24.91,52.17,14.52,0.00,10.62,235.50,289.10
250,2024-03-31 18:15:00,27.12,24.51,23.75,24.39,55.54,14.33,0.00,10.55,240.00,64.09
250,2024-03-31 18:30:00,26.87,23.99,23.67,23.97,56.27,14.46,0.00,7.28,248.30,99.10
250,2024-03-31 18:45:00,26.55,24.20,23.65,23.99,57.01,14.64,0.00,6.74,245.60,121.90
250,2024-03-31 19:00:00,26.25,24.43,24.01,24.14,56.76,14.91,0.00,6.13,243.20,155.80
250,2024-03-31 19:15:00,26.00,24.10,23.75,24.06,57.11,14.76,0.00,7.94,247.20,111.10
250,2024-03-31 19:30:00,25.77,23.59,22.90,23.77,61.32,15.07,0.00,8.09,247.90,56.89
250,2024-03-31 19:45:00,25.53,22.72,22.36,23.28,63.54,15.11,0.00,7.89,249.60,12.28
250,2024-03-31 20:00:00,25.25,21.82,21.44,22.76,66.32,14.91,0.00,6.93,249.50,1.41
250,2024-03-31 20:15:00,24.95,20.45,20.54,22.30,69.00,14.66,0.00,5.11,249.60,0.18
250,2024-03-31 20:30:00,24.64,18.97,19.95,21.96,70.74,14.48,0.00,4.49,253.60,0.09
250,2024-03-31 20:45:00,24.33,18.66,19.32,21.42,73.58,14.49,0.00,4.38,240.20,0.09
250,2024-03-31 21:00:00,24.01,18.27,18.72,21.02,76.79,14.57,0.00,4.25,228.70,0.09
250,2024-03-31 21:15:00,23.71,17.72,18.10,20.72,79.02,14.41,0.00,4.13,230.80,0.10
250,2024-03-31 21:30:00,23.43,16.82,17.48,20.19,81.70,14.32,0.00,3.70,245.20,0.09
250,2024-03-31 21:45:00,23.16,16.73,17.18,19.60,81.60,14.01,0.00,3.45,235.90,0.09
250,2024-03-31 22:00:00,22.89,16.82,16.87,19.01,83.30,14.02,0.00,2.20,179.30,0.10
250,2024-03-31 22:15:00,22.64,16.56,16.56,17.98,83.10,13.68,0.00,2.63,172.40,0.09
250,2024-03-31 22:30:00,22.41,16.23,16.30,17.81,84.20,13.63,0.00,1.14,206.70,0.09
250,2024-03-31 22:45:00,22.19,16.12,16.12,17.18,84.70,13.54,0.00,0.86,171.50,0.09
250,2024-03-31 23:00:00,21.99,15.79,16.05,16.85,85.40,13.60,0.00,0.86,208.10,0.09
250,2024-03-31 23:15:00,21.80,15.61,15.72,16.54,86.90,13.55,0.00,0.83,207.00,0.09
250,2024-03-31 23:30:00,21.61,15.21,15.30,16.10,87.20,13.19,0.00,0.35,288.80,0.09
250,2024-03-31 23:45:00,21.44,14.75,15.03,15.91,88.30,13.11,0.00,0.97,209.40,0.09
250,2024-04-01 00:00:00,21.27,14.77,15.11,16.28,88.50,13.22,0.00,2.93,239.00,0.10
250,2024-04-01 00:15:00,21.11,14.98,15.42,17.32,88.40,13.51,0.00,5.21,227.50,0.10
250,2024-04-01 00:30:00,20.96,15.30,15.68,17.27,87.40,13.59,0.00,3.74,226.40,0.10
250,2024-04-01 00:45:00,20.82,15.49,15.86,17.18,87.70,13.82,0.00,3.76,212.00,0.09
250,2024-04-01 01:00:00,20.70,15.59,15.69,17.35,86.70,13.48,0.00,4.97,232.80,0.09
250,2024-04-01 01:15:00,20.58,15.31,15.73,17.27,87.20,13.61,0.00,3.72,238.80,0.10
250,2024-04-01 01:30:00,20.47,15.15,15.47,17.32,87.70,13.44,0.00,4.78,233.20,0.10
250,2024-04-01 01:45:00,20.37,15.29,15.69,17.28,88.20,13.74,0.00,4.44,227.60,0.09
250,2024-04-01 02:00:00,20.27,15.55,15.70,17.19,88.20,13.75,0.00,3.19,227.90,0.09
250,2024-04-01 02:15:00,20.18,15.56,15.59,16.94,88.20,13.65,0.00,1.77,187.70,0.09
250,2024-04-01 02:30:00,20.09,15.36,15.52,16.62,88.70,13.66,0.00,1.22,130.20,0.09
250,2024-04-01 02:45:00,20.00,15.03,15.13,16.27,89.00,13.33,0.00,0.51,142.50,0.09
250,2024-04-01 03:00:00,19.90,14.81,15.00,15.91,90.10,13.39,0.00,1.29,127.20,0.10
250,2024-04-01 03:15:00,19.80,14.99,15.03,15.89,90.50,13.49,0.00,1.30,121.30,0.10
250,2024-04-01 03:30:00,19.71,14.74,14.70,15.61,91.00,13.25,0.00,1.16,141.40,0.09
250,2024-04-01 03:45:00,19.61,14.56,14.64,15.42,91.50,13.27,0.00,0.80,151.30,0.09
250,2024-04-01 04:00:00,19.52,14.56,14.72,15.64,92.10,13.45,0.00,1.70,111.20,0.10
250,2024-04-01 04:15:00,19.43,14.71,14.77,15.61,92.10,13.50,0.00,1.10,120.10,0.10
250,2024-04-01 04:30:00,19.35,14.64,14.56,15.51,92.20,13.31,0.00,0.94,146.50,0.09
250,2024-04-01 04:45:00,19.29,14.52,14.74,15.35,93.10,13.64,0.00,1.31,115.90,0.09
250,2024-04-01 05:00:00,19.22,14.89,14.94,15.47,93.00,13.82,0.00,1.56,111.60,0.09
250,2024-04-01 05:15:00,19.17,15.12,15.07,15.58,92.90,13.93,0.00,1.31,109.10,0.09
250,2024-04-01 05:30:00,19.12,15.14,15.08,15.68,92.60,13.89,0.00,1.00,142.20,0.09
250,2024-04-01 05:45:00,19.08,14.63,14.73,15.58,92.80,13.58,0.00,0.91,212.90,0.10
250,2024-04-01 06:00:00,19.03,14.83,14.88,15.49,93.20,13.79,0.00,1.65,98.30,0.09
250,2024-04-01 06:15:00,18.96,14.65,14.52,15.32,92.60,13.34,0.00,0.88,150.70,0.09
250,2024-04-01 06:30:00,18.87,13.81,14.23,15.10,93.40,13.18,0.00,1.12,122.60,0.09
250,2024-04-01 06:45:00,18.77,14.10,14.56,15.16,94.10,13.62,0.00,1.69,119.70,0.10
250,2024-04-01 07:00:00,18.69,14.39,14.49,15.11,94.10,13.55,0.00,1.50,115.30,0.13
250,2024-04-01 07:15:00,18.61,14.53,14.62,15.15,94.20,13.70,0.00,1.66,120.60,1.20
250,2024-04-01 07:30:00,18.54,13.99,13.89,14.95,94.10,12.96,0.00,0.76,142.40,12.26
250,2024-04-01 07:45:00,18.46,14.00,14.46,14.94,94.90,13.65,0.00,0.81,125.70,44.91
250,2024-04-01 08:00:00,18.41,14.99,15.07,15.44,94.80,14.24,0.00,1.36,141.90,85.40
250,2024-04-01 08:15:00,18.40,16.39,15.61,16.10,93.60,14.58,0.00,1.58,152.70,162.30
250,2024-04-01 08:30:00,18.47,17.20,16.54,16.85,92.70,15.35,0.00,1.48,163.20,183.30
250,2024-04-01 08:45:00,18.61,17.85,17.21,17.44,90.80,15.69,0.00,2.69,175.80,164.00
250,2024-04-01 09:00:00,18.78,18.24,17.85,17.85,87.70,15.78,0.00,4.33,181.50,179.60
250,2024-04-01 09:15:00,18.96,18.90,18.58,18.38,84.40,15.90,0.00,5.43,188.60,241.30
250,2024-04-01 09:30:00,19.17,19.78,19.42,19.10,81.30,16.14,0.00,6.21,182.80,308.00
250,2024-04-01 09:45:00,19.44,20.58,20.52,19.81,78.37,16.63,0.00,8.84,182.50,361.20
250,2024-04-01 10:00:00,19.74,21.63,21.40,20.67,74.89,16.77,0.00,7.43,188.40,446.80
250,2024-04-01 10:15:00,20.13,22.75,22.24,21.57,69.99,16.51,0.00,8.51,182.60,494.20
250,2024-04-01 10:30:00,20.59,23.50,22.80,22.23,66.83,16.32,0.00,9.24,187.50,552.60
250,2024-04-01 10:45:00,21.09,23.89,23.41,22.68,65.64,16.62,0.00,9.51,183.80,530.10
250,2024-04-01 11:00:00,21.57,23.74,22.95,22.79,65.50,16.15,0.00,9.08,188.30,354.50
250,2024-04-01 11:15:00,21.95,24.01,23.51,23.01,61.73,15.75,0.00,8.87,192.10,486.80
250,2024-04-01 11:30:00,22.26,24.66,23.91,23.44,62.69,16.37,0.00,7.67,209.40,601.90
250,2024-04-01 11:45:00,22.67,24.93,24.08,23.66,62.68,16.53,0.00,9.48,199.20,612.20
250,2024-04-01 12:00:00,23.13,25.13,24.26,23.86,61.44,16.38,0.00,9.56,199.90,652.50
250,2024-04-01 12:15:00,23.58,25.45,24.83,24.00,61.30,16.88,0.00,9.24,209.40,725.10
250,2024-04-01 12:30:00,24.06,26.00,24.97,24.27,60.50,16.81,0.00,10.88,219.30,773.80
250,2024-04-01 12:45:00,24.58,26.17,25.35,24.71,59.78,16.98,0.00,8.61,235.50,745.50
250,2024-04-01 13:00:00,25.05,26.89,25.82,25.15,56.62,16.56,0.00,9.74,245.20,840.00
250,2024-04-01 13:15:00,25.56,27.21,26.06,25.36,57.54,17.04,0.00,10.50,249.50,857.00
250,2024-04-01 13:30:00,26.01,27.43,26.39,25.74,56.48,17.05,0.00,7.09,224.60,872.00
250,2024-04-01 13:45:00,26.44,27.75,26.39,25.96,59.85,17.97,0.00,9.54,232.30,947.00
250,2024-04-01 14:00:00,26.81,27.96,26.69,26.10,57.01,17.48,0.00,8.26,217.70,932.00
250,2024-04-01 14:15:00,27.13,28.19,27.01,26.49,50.66,15.92,0.00,9.17,241.20,864.00
250,2024-04-01 14:30:00,27.36,28.05,26.94,26.61,53.89,16.82,0.00,7.30,279.50,719.50
250,2024-04-01 14:45:00,27.55,28.60,27.55,26.99,53.40,17.25,0.00,7.63,271.60,834.00
250,2024-04-01 15:00:00,27.78,28.57,27.45,26.88,52.01,16.74,0.00,8.27,245.40,800.00
250,2024-04-01 15:15:00,28.04,28.81,27.76,27.18,53.71,17.53,0.00,8.69,243.60,772.80
250,2024-04-01 15:30:00,28.32,28.96,27.72,27.41,47.45,15.55,0.00,7.88,249.80,791.30
250,2024-04-01 15:45:00,28.62,29.05,27.61,27.41,49.85,16.22,0.00,9.74,253.10,704.30
250,2024-04-01 16:00:00,28.89,28.77,27.85,27.41,49.14,16.21,0.00,7.62,266.30,657.70
250,2024-04-01 16:15:00,29.10,28.94,27.83,27.44,48.94,16.13,0.00,9.90,263.70,707.40
250,2024-04-01 16:30:00,29.29,28.87,27.52,27.37,49.45,16.01,0.00,10.23,264.50,601.80
250,2024-04-01 16:45:00,29.45,28.23,27.12,27.07,49.21,15.57,0.00,8.95,277.40,511.80
250,2024-04-01 17:00:00,29.50,28.71,27.75,27.39,48.18,15.81,0.00,7.45,282.20,581.90
250,2024-04-01 17:15:00,29.54,28.18,27.00,27.16,48.95,15.37,0.00,7.00,297.10,394.70
250,2024-04-01 17:30:00,29.55,27.54,26.69,26.85,51.21,15.79,0.00,7.68,279.60,252.90
250,2024-04-01 17:45:00,29.44,27.12,26.33,26.60,53.20,16.06,0.00,6.62,279.80,216.20
250,2024-04-01 18:00:00,29.23,26.94,26.08,26.44,53.94,16.04,0.00,5.26,294.00,175.10
250,2024-04-01 18:15:00,29.00,26.36,25.82,26.02,56.57,16.55,0.00,5.37,297.30,139.10
250,2024-04-01 18:30:00,28.74,25.90,25.21,25.65,59.48,16.77,0.00,6.06,297.30,99.90
250,2024-04-01 18:45:00,28.46,25.35,24.74,25.22,62.19,17.03,0.00,6.33,289.70,79.13
250,2024-04-01 19:00:00,28.15,25.09,24.53,24.91,64.28,17.35,0.00,5.96,284.30,87.00
250,2024-04-01 19:15:00,27.86,24.56,23.98,24.58,67.34,17.56,0.00,7.35,272.30,47.31
250,2024-04-01 19:30:00,27.56,23.78,23.28,24.03,70.53,17.63,0.00,6.93,258.90,24.30
250,2024-04-01 19:45:00,27.27,23.20,22.65,23.70,71.53,17.25,0.00,5.76,256.80,6.84
250,2024-04-01 20:00:00,26.97,21.90,22.01,23.32,74.14,17.20,0.00,4.24,269.30,0.88
250,2024-04-01 20:15:00,26.66,21.55,22.11,23.06,76.26,17.74,0.00,2.36,272.00,0.13
250,2024-04-01 20:30:00,26.38,21.05,21.03,22.89,79.84,17.42,0.00,3.48,257.50,0.09
250,2024-04-01 20:45:00,26.11,20.15,20.74,22.55,80.00,17.17,0.00,3.78,259.20,0.09
250,2024-04-01 21:00:00,25.84,20.40,20.60,22.19,80.40,17.11,0.00,4.26,253.00,0.09
250,2024-04-01 21:15:00,25.58,20.51,21.07,21.93,75.66,16.61,0.00,3.90,269.80,0.09
250,2024-04-01 21:30:00,25.35,20.51,20.82,21.79,75.65,16.37,0.00,3.50,262.80,0.09
250,2024-04-01 21:45:00,25.13,20.06,20.60,21.58,75.42,16.10,0.00,2.45,264.20,0.09
250,2024-04-01 22:00:00,24.92,19.86,19.88,21.13,80.50,16.43,0.00,2.50,230.50,0.09
250,2024-04-01 22:15:00,24.71,19.67,19.91,20.86,80.60,16.48,0.00,2.42,186.30,0.09
250,2024-04-01 22:30:00,24.52,19.46,19.59,20.71,81.80,16.40,0.00,3.28,230.10,0.09
250,2024-04-01 22:45:00,24.33,19.62,19.77,20.65,80.20,16.26,0.00,3.17,224.20,0.09
250,2024-04-01 23:00:00,24.15,19.69,19.67,20.46,81.40,16.40,0.00,2.12,211.10,0.09
250,2024-04-01 23:15:00,24.00,19.44,19.45,20.12,83.00,16.49,0.00,2.42,199.40,0.09
250,2024-04-01 23:30:00,23.85,19.39,19.36,20.07,83.70,16.53,0.00,4.49,199.50,0.08
250,2024-04-01 23:45:00,23.71,19.29,19.05,20.01,84.60,16.40,0.00,3.75,220.20,0.09
250,2024-04-02 00:00:00,23.56,18.91,19.08,19.84,85.80,16.65,0.00,3.80,232.60,0.09
250,2024-04-02 00:15:00,23.42,18.92,18.92,19.79,86.30,16.58,0.00,3.62,231.80,0.09
250,2024-04-02 00:30:00,23.28,18.72,18.78,19.63,87.10,16.59,0.00,3.25,228.80,0.09
250,2024-04-02 00:45:00,23.15,18.63,18.67,19.43,88.20,16.68,0.00,2.88,210.60,0.09
250,2024-04-02 01:00:00,23.02,18.78,18.81,19.39,87.20,16.64,0.00,4.24,182.60,0.09
250,2024-04-02 01:15:00,22.91,18.68,18.61,19.34,88.30,16.64,0.00,4.50,200.30,0.09
250,2024-04-02 01:30:00,22.79,18.51,18.37,19.17,88.60,16.45,0.00,2.67,223.70,0.09
250,2024-04-02 01:45:00,22.68,18.32,18.30,18.92,89.00,16.46,0.00,1.56,219.20,0.08
250,2024-04-02 02:00:00,22.57,18.03,17.87,18.71,89.60,16.14,0.00,1.29,109.00,0.08
250,2024-04-02 02:15:00,22.47,17.77,17.77,18.45,90.20,16.14,0.00,2.05,89.50,0.09
250,2024-04-02 02:30:00,22.36,17.82,17.83,18.44,90.60,16.27,0.00,1.45,129.20,0.09
250,2024-04-02 02:45:00,22.26,17.72,17.59,18.37,90.80,16.07,0.00,1.07,103.80,0.09
250,2024-04-02 03:00:00,22.16,17.64,17.56,18.25,91.30,16.13,0.00,1.00,95.80,0.09
250,2024-04-02 03:15:00,22.07,17.43,17.36,18.05,91.60,15.98,0.00,0.83,47.24,0.09
250,2024-04-02 03:30:00,21.97,17.30,17.38,17.88,92.40,16.14,0.00,1.55,81.40,0.09
250,2024-04-02 03:45:00,21.88,17.56,17.50,18.06,92.20,16.22,0.00,1.46,128.80,0.09
250,2024-04-02 04:00:00,21.80,17.34,17.35,17.87,92.80,16.17,0.00,1.30,196.60,0.09
250,2024-04-02 04:15:00,21.71,17.21,17.08,17.81,92.50,15.86,0.00,1.03,171.90,0.09
250,2024-04-02 04:30:00,21.62,17.01,16.98,17.46,93.10,15.86,0.00,0.46,115.60,0.09
250,2024-04-02 04:45:00,21.51,16.88,16.77,17.42,93.30,15.68,0.00,1.41,80.40,0.08
250,2024-04-02 05:00:00,21.42,16.73,16.83,17.32,93.80,15.83,0.00,1.39,107.30,0.08
250,2024-04-02 05:15:00,21.32,16.78,16.66,17.33,93.80,15.66,0.00,1.53,154.30,0.09
250,2024-04-02 05:30:00,21.24,16.62,16.60,17.18,94.00,15.63,0.00,0.55,147.50,0.09
250,2024-04-02 05:45:00,21.15,16.76,16.75,17.25,94.20,15.81,0.00,0.96,157.00,0.09
250,2024-04-02 06:00:00,21.08,17.10,16.91,17.21,94.60,16.04,0.00,0.66,143.30,0.09
250,2024-04-02 06:15:00,21.03,16.94,16.63,17.07,94.70,15.78,0.00,0.47,341.80,0.09
250,2024-04-02 06:30:00,20.98,16.72,16.51,16.94,94.90,15.69,0.00,0.87,95.60,0.09
250,2024-04-02 06:45:00,20.93,16.73,16.64,16.99,95.20,15.87,0.00,1.22,140.20,0.09
250,2024-04-02 07:00:00,20.85,16.98,16.83,17.08,95.40,16.09,0.00,1.42,151.40,0.11
250,2024-04-02 07:15:00,20.80,16.84,16.44,17.08,95.30,15.69,0.00,0.95,196.70,0.71
250,2024-04-02 07:30:00,20.76,16.60,16.53,17.03,95.50,15.81,0.00,2.07,202.40,5.75
250,2024-04-02 07:45:00,20.69,16.68,16.87,17.03,96.10,16.24,0.00,3.31,185.40,24.82
250,2024-04-02 08:00:00,20.62,17.27,17.00,17.21,95.80,16.33,0.00,3.95,128.60,62.35
250,2024-04-02 08:15:00,20.57,17.61,17.36,17.45,95.80,16.68,0.00,3.62,143.20,80.40
250,2024-04-02 08:30:00,20.58,17.99,17.61,17.73,95.70,16.92,0.00,2.19,118.40,85.80
250,2024-04-02 08:45:00,20.62,18.28,17.89,17.99,95.60,17.18,0.00,2.07,142.70,87.40
250,2024-04-02 09:00:00,20.67,18.67,18.37,18.28,95.80,17.69,0.00,2.12,160.50,141.30
250,2024-04-02 09:15:00,20.75,19.85,19.18,19.07,95.10,18.38,0.00,2.15,143.60,271.10
250,2024-04-02 09:30:00,20.90,20.45,19.74,19.65,94.20,18.78,0.00,3.36,153.70,329.60
250,2024-04-02 09:45:00,21.15,21.47,20.60,20.52,90.90,19.06,0.00,5.25,170.10,364.40
250,2024-04-02 10:00:00,21.50,22.21,21.49,21.12,85.70,19.00,0.00,6.07,185.30,385.50
250,2024-04-02 10:15:00,21.87,22.60,21.94,21.71,81.80,18.69,0.00,6.59,186.40,315.20
250,2024-04-02 10:30:00,22.19,23.30,22.79,22.44,78.53,18.87,0.00,6.97,190.90,398.70
250,2024-04-02 10:45:00,22.50,24.45,24.19,23.38,72.52,18.94,0.00,8.48,183.40,485.60
250,2024-04-02 11:00:00,22.86,24.91,24.58,23.88,71.72,19.14,0.00,10.56,195.50,507.10
250,2024-04-02 11:15:00,23.25,25.23,24.52,24.24,70.07,18.71,0.00,9.22,201.70,455.00
250,2024-04-02 11:30:00,23.62,26.03,25.71,24.73,68.27,19.43,0.00,9.22,189.70,624.20
250,2024-04-02 11:45:00,24.03,26.07,25.23,24.88,66.58,18.57,0.00,10.44,189.10,500.10
250,2024-04-02 12:00:00,24.46,26.47,25.62,25.23,65.67,18.72,0.00,10.55,209.70,635.10
250,2024-04-02 12:15:00,24.85,27.04,26.87,25.51,61.88,18.95,0.00,11.09,201.40,801.00
250,2024-04-02 12:30:00,25.28,27.04,25.85,25.80,66.50,19.14,0.00,12.14,199.90,495.20
250,2024-04-02 12:45:00,25.73,27.39,26.36,25.93,63.36,18.85,0.00,11.77,216.80,762.30
250,2024-04-02 13:00:00,26.07,27.66,26.57,26.07,64.14,19.25,0.00,10.78,220.20,708.70
250,2024-04-02 13:15:00,26.43,27.39,26.15,26.14,64.32,18.89,0.00,11.30,222.00,486.40
250,2024-04-02 13:30:00,26.73,28.11,26.89,26.57,62.94,19.25,0.00,9.56,232.70,688.50
250,2024-04-02 13:45:00,26.97,28.58,27.92,27.01,59.03,19.19,0.00,12.44,240.20,696.30
250,2024-04-02 14:00:00,27.22,29.00,28.14,27.40,54.29,18.05,0.00,9.42,257.20,727.30
250,2024-04-02 14:15:00,27.48,28.40,27.25,27.23,58.62,18.45,0.00,13.10,237.10,447.60
250,2024-04-02 14:30:00,27.67,28.14,27.68,27.26,59.03,18.96,0.00,9.77,249.90,417.60
250,2024-04-02 14:45:00,27.75,28.96,28.04,27.78,54.23,17.94,0.00,10.48,236.30,555.00
250,2024-04-02 15:00:00,27.85,29.68,28.67,28.25,51.95,17.84,0.00,12.06,258.20,717.00
250,2024-04-02 15:15:00,28.01,29.88,28.60,28.25,50.79,17.42,0.00,12.18,253.60,760.80
250,2024-04-02 15:30:00,28.28,29.92,28.88,28.45,51.20,17.81,0.00,12.99,245.90,655.80
250,2024-04-02 15:45:00,28.54,29.89,29.11,28.48,50.67,17.85,0.00,12.39,264.60,672.90
250,2024-04-02 16:00:00,28.78,30.20,28.99,28.63,50.87,17.80,0.00,13.94,238.20,726.20
250,2024-04-02 16:15:00,29.03,29.65,28.66,28.47,49.12,16.95,0.00,12.72,259.40,499.50
250,2024-04-02 16:30:00,29.20,29.92,28.58,28.49,50.32,17.26,0.00,14.90,254.50,616.90
250,2024-04-02 16:45:00,29.31,29.65,28.74,28.39,51.81,17.87,0.00,15.14,248.00,566.90
250,2024-04-02 17:00:00,29.39,29.64,28.30,28.46,52.57,17.69,0.00,11.85,258.20,437.20
250,2024-04-02 17:15:00,29.45,29.37,28.64,28.31,51.86,17.79,0.00,12.28,245.90,464.30
250,2024-04-02 17:30:00,29.44,29.21,27.97,28.14,54.82,18.05,0.00,14.88,251.10,412.90
250,2024-04-02 17:45:00,29.41,27.79,27.27,27.45,59.24,18.63,0.00,14.07,254.70,145.70
250,2024-04-02 18:00:00,29.29,27.95,27.56,27.40,58.39,18.67,0.00,13.83,238.40,282.70
250,2024-04-02 18:15:00,29.09,28.02,27.32,27.41,57.37,18.17,0.00,15.48,240.60,265.40
250,2024-04-02 18:30:00,28.92,27.67,26.79,27.18,60.17,18.43,0.00,13.00,242.40,198.30
250,2024-04-02 18:45:00,28.74,27.21,26.35,26.88,62.89,18.72,0.00,10.12,237.30,137.60
250,2024-04-02 19:00:00,28.55,26.60,26.03,26.47,65.27,19.01,0.00,11.36,241.10,87.00
250,2024-04-02 19:15:00,28.33,26.05,25.62,26.14,66.53,18.93,0.00,10.08,234.00,39.66
250,2024-04-02 19:30:00,28.08,25.66,25.14,25.79,68.55,18.95,0.00,9.99,232.70,23.71
250,2024-04-02 19:45:00,27.81,25.12,24.72,25.38,70.39,18.97,0.00,8.06,227.40,5.04
250,2024-04-02 20:00:00,27.55,24.77,24.55,25.08,71.50,19.06,0.00,7.87,231.50,0.95
250,2024-04-02 20:15:00,27.29,24.62,24.31,24.88,72.94,19.15,0.00,7.41,231.20,0.15
250,2024-04-02 20:30:00,27.05,24.30,23.98,24.65,74.86,19.25,0.00,7.06,226.70,0.08
250,2024-04-02 20:45:00,26.82,24.21,23.98,24.53,74.97,19.27,0.00,7.08,217.60,0.09
250,2024-04-02 21:00:00,26.61,24.09,23.87,24.43,75.59,19.30,0.00,7.51,214.90,0.09
250,2024-04-02 21:15:00,26.41,23.74,23.54,24.17,76.88,19.25,0.00,6.11,228.70,0.09
250,2024-04-02 21:30:00,26.22,23.29,23.06,23.91,78.59,19.14,0.00,6.38,231.80,0.08
250,2024-04-02 21:45:00,26.03,22.90,22.79,23.59,79.89,19.14,0.00,5.95,235.00,0.09
250,2024-04-02 22:00:00,25.83,22.79,22.69,23.36,80.90,19.24,0.00,6.00,216.90,0.08
250,2024-04-02 22:15:00,25.64,22.66,22.49,23.26,81.60,19.19,0.00,5.80,225.40,0.09
250,2024-04-02 22:30:00,25.47,22.33,22.14,22.96,83.30,19.18,0.00,5.69,231.30,0.09
250,2024-04-02 22:45:00,25.29,22.02,22.00,22.77,84.00,19.17,0.00,4.34,218.50,0.08
250,2024-04-02 23:00:00,25.13,21.60,21.51,22.62,85.20,18.92,0.00,4.18,216.80,0.08
250,2024-04-02 23:15:00,24.97,21.05,21.25,22.35,86.60,18.93,0.00,4.24,218.40,0.08
250,2024-04-02 23:30:00,24.80,20.89,21.10,22.16,87.10,18.87,0.00,4.07,219.50,0.09
250,2024-04-02 23:45:00,24.63,20.46,20.86,22.01,87.90,18.78,0.00,3.93,227.70,0.09
250,2024-04-03 00:00:00,24.47,20.65,20.78,21.91,88.00,18.72,0.00,4.00,209.30,0.09
250,2024-04-03 00:15:00,24.31,20.47,20.60,21.78,88.60,18.65,0.00,4.07,219.20,0.09
250,2024-04-03 00:30:00,24.16,20.32,20.56,21.64,88.80,18.65,0.00,4.08,208.40,0.09
250,2024-04-03 00:45:00,24.02,20.47,20.62,21.54,88.80,18.71,0.00,4.05,209.60,0.09
250,2024-04-03 01:00:00,23.89,20.24,20.20,21.47,88.80,18.29,0.00,3.95,217.50,0.08
250,2024-04-03 01:15:00,23.77,19.84,20.23,21.39,89.40,18.43,0.00,3.59,212.80,0.08
250,2024-04-03 01:30:00,23.66,20.62,20.75,21.46,89.00,18.87,0.00,5.58,202.70,0.08
250,2024-04-03 01:45:00,23.55,20.96,20.85,21.46,88.60,18.90,0.00,6.36,203.50,0.08
250,2024-04-03 02:00:00,23.46,21.03,20.83,21.45,88.50,18.86,0.00,6.95,197.60,0.09
250,2024-04-03 02:15:00,23.36,20.81,20.60,21.22,89.10,18.74,0.00,5.65,185.10,0.08
250,2024-04-03 02:30:00,23.28,20.75,20.64,21.12,89.80,18.91,0.00,6.85,192.10,0.08
250,2024-04-03 02:45:00,23.19,20.91,20.76,21.20,90.20,19.10,0.00,7.64,199.50,0.09
250,2024-04-03 03:00:00,23.11,20.90,20.68,21.16,90.80,19.12,0.00,7.22,195.50,0.09
250,2024-04-03 03:15:00,23.04,20.89,20.74,21.11,90.90,19.20,0.00,7.19,197.60,0.08
250,2024-04-03 03:30:00,22.97,20.88,20.71,21.10,91.20,19.22,0.00,6.88,204.60,0.08
250,2024-04-03 03:45:00,22.92,20.99,20.88,21.22,91.20,19.39,0.00,7.50,206.30,0.09
250,2024-04-03 04:00:00,22.86,21.16,20.96,21.36,90.80,19.40,0.00,7.74,208.40,0.09
250,2024-04-03 04:15:00,22.82,21.37,21.09,21.51,90.30,19.44,0.00,9.05,206.80,0.09
250,2024-04-03 04:30:00,22.79,21.40,21.16,21.55,90.00,19.46,0.00,8.93,206.30,0.09
250,2024-04-03 04:45:00,22.76,21.49,21.25,21.64,89.60,19.47,0.00,10.42,194.90,0.09
250,2024-04-03 05:00:00,22.74,21.63,21.43,21.75,89.10,19.56,0.00,9.69,199.10,0.09
250,2024-04-03 05:15:00,22.72,21.66,21.44,21.81,88.90,19.53,0.00,9.01,194.60,0.09
250,2024-04-03 05:30:00,22.70,21.63,21.41,21.79,88.90,19.50,0.00,9.15,189.70,0.09
250,2024-04-03 05:45:00,22.69,21.68,21.54,21.85,88.70,19.60,0.00,9.71,194.30,0.09
250,2024-04-03 06:00:00,22.67,21.76,21.49,21.92,88.80,19.57,0.00,9.09,195.20,0.08
250,2024-04-03 06:15:00,22.65,21.86,21.70,22.03,88.40,19.70,0.00,9.19,197.30,0.09
250,2024-04-03 06:30:00,22.62,22.05,21.82,22.24,87.50,19.65,0.00,8.89,202.70,0.09
250,2024-04-03 06:45:00,22.61,22.29,22.12,22.48,86.60,19.78,0.00,9.93,206.70,0.09
250,2024-04-03 07:00:00,22.60,22.47,22.27,22.63,86.60,19.93,0.00,9.74,207.50,0.11
250,2024-04-03 07:15:00,22.60,22.64,22.44,22.80,86.30,20.04,0.00,10.69,205.20,0.64
250,2024-04-03 07:30:00,22.61,22.81,22.58,22.95,86.20,20.16,0.00,10.36,206.00,2.72
250,2024-04-03 07:45:00,22.62,22.96,22.80,23.09,86.20,20.37,0.00,11.38,194.20,16.84
250,2024-04-03 08:00:00,22.64,23.17,22.95,23.19,86.40,20.56,0.00,11.29,194.90,47.20
250,2024-04-03 08:15:00,22.67,23.29,22.99,23.28,86.80,20.67,0.00,10.07,192.70,46.60
250,2024-04-03 08:30:00,22.73,23.41,23.13,23.35,86.80,20.81,0.00,9.06,194.10,62.65
250,2024-04-03 08:45:00,22.79,23.67,23.38,23.55,86.40,20.98,0.00,10.23,191.30,72.48
250,2024-04-03 09:00:00,22.87,23.89,23.56,23.71,86.10,21.10,0.00,10.16,190.30,88.80
250,2024-04-03 09:15:00,22.96,24.26,24.07,23.98,85.40,21.47,0.00,10.16,198.40,150.50
250,2024-04-03 09:30:00,23.08,24.65,24.25,24.35,84.50,21.47,0.00,11.49,201.30,163.00
250,2024-04-03 09:45:00,23.23,24.69,24.09,24.51,85.60,21.53,0.00,11.03,199.60,105.30
250,2024-04-03 10:00:00,23.36,24.40,23.97,24.33,86.40,21.56,0.00,10.67,203.90,74.03
250,2024-04-03 10:15:00,23.43,24.40,24.01,24.34,86.70,21.66,0.00,10.21,199.90,59.66
250,2024-04-03 10:30:00,23.47,24.74,24.93,24.76,84.30,22.10,0.00,11.77,216.20,46.58
250,2024-04-03 10:45:00,23.48,25.55,25.24,25.61,82.60,22.07,0.00,18.91,223.50,53.10
250,2024-04-03 11:00:00,23.52,25.61,25.33,25.62,82.20,22.08,0.00,16.71,221.70,63.27
250,2024-04-03 11:15:00,23.56,25.60,25.31,25.65,82.10,22.04,0.00,18.67,218.60,34.94
250,2024-04-03 11:30:00,23.61,25.71,25.48,25.77,81.60,22.10,0.00,20.97,215.70,22.88
250,2024-04-03 11:45:00,23.65,25.43,24.77,25.63,85.00,22.08,0.01,20.05,220.80,8.57
250,2024-04-03 12:00:00,23.66,24.44,24.13,24.70,88.70,22.15,0.06,22.12,222.90,13.61
250,2024-04-03 12:15:00,23.64,24.54,24.40,24.74,87.50,22.19,0.00,21.11,226.10,24.36
250,2024-04-03 12:30:00,23.60,24.69,24.50,24.83,86.90,22.18,0.00,19.23,222.50,16.80
250,2024-04-03 12:45:00,23.57,24.67,24.36,24.84,87.60,22.17,0.00,18.21,225.20,14.12
250,2024-04-03 13:00:00,23.55,24.60,24.21,24.80,88.10,22.12,0.06,16.14,234.10,9.58
250,2024-04-03 13:15:00,23.53,24.44,24.36,24.69,88.20,22.28,0.01,15.91,234.70,22.57
250,2024-04-03 13:30:00,23.51,24.55,24.49,24.88,87.30,22.24,0.04,18.47,230.20,32.11
250,2024-04-03 13:45:00,23.51,24.42,24.19,24.74,88.60,22.19,0.15,16.94,235.90,27.06
250,2024-04-03 14:00:00,23.51,21.46,19.90,21.41,95.40,19.14,0.42,16.07,286.80,85.90
250,2024-04-03 14:15:00,23.35,21.49,20.83,21.17,95.50,20.08,0.00,10.14,282.10,219.60
250,2024-04-03 14:30:00,23.27,21.82,20.96,21.50,94.50,20.04,0.00,12.33,271.40,173.00
250,2024-04-03 14:45:00,23.27,21.53,20.78,21.42,93.70,19.73,0.00,10.83,264.40,70.79
250,2024-04-03 15:00:00,23.22,21.03,20.35,20.89,92.60,19.11,0.00,9.52,272.20,129.50
250,2024-04-03 15:15:00,23.14,20.89,20.31,20.66,88.90,18.42,0.00,9.01,274.60,122.10
250,2024-04-03 15:30:00,23.08,20.65,20.20,20.51,88.80,18.29,0.00,8.03,257.30,60.54
250,2024-04-03 15:45:00,22.97,20.11,19.67,20.01,88.70,17.75,0.00,9.05,255.30,22.15
250,2024-04-03 16:00:00,22.82,19.46,19.02,19.48,91.00,17.52,0.10,12.43,263.20,12.01
250,2024-04-03 16:15:00,22.58,19.21,18.94,19.17,91.50,17.53,0.05,14.19,256.70,15.91
250,2024-04-03 16:30:00,22.31,19.04,18.54,19.01,90.60,16.97,0.06,15.36,241.00,50.55
250,2024-04-03 16:45:00,22.07,18.87,18.76,18.82,90.90,17.24,0.01,11.48,242.10,83.20
250,2024-04-03 17:00:00,21.91,19.26,19.19,18.87,86.90,16.96,0.00,11.74,240.40,317.00
250,2024-04-03 17:15:00,21.88,19.32,18.76,18.95,85.30,16.24,0.00,10.16,222.00,145.40
250,2024-04-03 17:30:00,21.93,18.47,18.01,18.36,88.10,16.01,0.04,9.42,217.70,28.84
250,2024-04-03 17:45:00,21.80,18.35,18.03,18.15,88.70,16.14,0.00,8.52,214.50,68.07
250,2024-04-03 18:00:00,21.66,18.33,18.04,18.18,90.00,16.38,0.00,10.20,224.60,46.23
250,2024-04-03 18:15:00,21.52,18.49,18.14,18.24,89.30,16.35,0.00,8.77,223.30,105.70
250,2024-04-03 18:30:00,21.42,18.50,18.07,18.23,88.60,16.16,0.00,8.83,233.20,96.20
250,2024-04-03 18:45:00,21.36,18.64,18.23,18.32,88.20,16.25,0.00,6.81,247.30,115.10
250,2024-04-03 19:00:00,21.34,18.45,17.99,18.30,88.70,16.10,0.00,8.25,242.00,16.91
250,2024-04-03 19:15:00,21.26,18.25,17.73,18.16,88.90,15.88,0.01,10.13,225.20,7.66
250,2024-04-03 19:30:00,21.13,17.88,17.48,17.83,89.10,15.67,0.01,8.08,210.70,14.64
250,2024-04-03 19:45:00,20.99,17.79,17.45,17.72,89.10,15.64,0.00,8.24,225.00,5.94
250,2024-04-03 20:00:00,20.84,17.65,17.34,17.63,89.60,15.61,0.00,6.93,234.60,2.50
250,2024-04-03 20:15:00,20.71,17.52,17.24,17.50,90.10,15.60,0.00,6.93,228.60,0.20
250,2024-04-03 20:30:00,20.57,17.45,17.15,17.45,90.10,15.51,0.00,9.51,228.40,0.09
250,2024-04-03 20:45:00,20.44,17.38,17.08,17.41,90.10,15.45,0.00,9.55,227.40,0.08
250,2024-04-03 21:00:00,20.31,17.27,17.01,17.33,90.20,15.39,0.00,8.84,238.00,0.08
250,2024-04-03 21:15:00,20.17,17.24,16.95,17.31,90.10,15.32,0.00,8.40,248.30,0.08
250,2024-04-03 21:30:00,20.05,17.22,17.01,17.26,90.00,15.36,0.00,7.68,244.20,0.08
250,2024-04-03 21:45:00,19.94,17.21,16.92,17.28,89.30,15.15,0.00,8.55,242.40,0.08
250,2024-04-03 22:00:00,19.85,17.18,16.92,17.29,88.70,15.04,0.00,9.45,237.30,0.08
250,2024-04-03 22:15:00,19.74,17.07,16.78,17.21,88.80,14.92,0.00,8.03,243.00,0.08
250,2024-04-03 22:30:00,19.63,16.88,16.61,17.06,89.10,14.81,0.00,6.50,245.70,0.08
250,2024-04-03 22:45:00,19.53,16.65,16.51,16.89,89.80,14.83,0.00,5.52,251.10,0.08
250,2024-04-03 23:00:00,19.42,16.65,16.39,16.81,90.00,14.75,0.00,5.10,244.90,0.08
250,2024-04-03 23:15:00,19.34,16.56,16.31,16.69,90.40,14.74,0.00,4.98,243.30,0.08
250,2024-04-03 23:30:00,19.25,16.32,16.16,16.57,90.90,14.67,0.00,4.47,262.10,0.08
250,2024-04-03 23:45:00,19.17,16.17,16.05,16.43,91.00,14.58,0.00,4.41,272.10,0.08
250,2024-04-04 00:00:00,19.09,16.22,16.00,16.44,90.20,14.40,0.00,5.12,271.90,0.08
250,2024-04-04 00:15:00,19.00,16.18,16.03,16.45,89.30,14.27,0.00,5.16,267.20,0.08
250,2024-04-04 00:30:00,18.92,16.01,15.81,16.39,88.50,13.91,0.00,4.93,275.10,0.08
250,2024-04-04 00:45:00,18.82,15.76,15.61,16.18,88.30,13.68,0.00,5.08,274.30,0.08
250,2024-04-04 01:00:00,18.71,15.53,15.44,16.02,88.80,13.60,0.00,5.86,275.00,0.08
250,2024-04-04 01:15:00,18.58,15.24,15.01,15.84,89.00,13.21,0.00,5.01,270.70,0.09
250,2024-04-04 01:30:00,18.45,14.93,14.77,15.59,89.60,13.08,0.00,4.88,270.50,0.08
250,2024-04-04 01:45:00,18.32,14.64,14.66,15.36,90.30,13.09,0.00,5.25,269.50,0.08
250,2024-04-04 02:00:00,18.18,14.73,14.58,15.29,90.40,13.03,0.00,6.21,264.20,0.08
250,2024-04-04 02:15:00,18.06,14.57,14.52,15.17,90.80,13.04,0.00,5.84,258.50,0.09
250,2024-04-04 02:30:00,17.93,14.39,14.37,15.07,90.90,12.90,0.00,6.05,267.20,0.08
250,2024-04-04 02:45:00,17.80,14.52,14.37,15.04,90.60,12.85,0.00,6.20,259.10,0.09
250,2024-04-04 03:00:00,17.69,14.38,14.43,15.01,90.70,12.93,0.00,6.10,271.00,0.09
250,2024-04-04 03:15:00,17.58,14.52,14.46,15.05,90.90,12.99,0.00,6.19,261.70,0.08
250,2024-04-04 03:30:00,17.49,14.55,14.49,15.06,90.40,12.94,0.00,5.61,251.00,0.08
250,2024-04-04 03:45:00,17.40,14.45,14.47,15.08,90.40,12.92,0.00,6.08,254.90,0.08
250,2024-04-04 04:00:00,17.31,14.54,14.53,15.15,89.70,12.86,0.00,6.03,254.80,0.08
250,2024-04-04 04:15:00,17.24,14.29,14.22,15.00,89.90,12.59,0.00,5.76,258.50,0.08
250,2024-04-04 04:30:00,17.15,14.24,14.26,14.93,90.30,12.69,0.00,5.97,262.90,0.08
250,2024-04-04 04:45:00,17.07,14.32,14.32,14.87,90.30,12.75,0.00,3.87,295.30,0.08
250,2024-04-04 05:00:00,17.00,14.44,14.32,14.81,90.20,12.74,0.00,2.68,291.60,0.09
250,2024-04-04 05:15:00,16.96,14.00,13.84,14.66,90.10,12.25,0.00,2.06,286.70,0.08
250,2024-04-04 05:30:00,16.90,13.63,13.92,14.43,91.00,12.48,0.00,1.50,289.50,0.09
250,2024-04-04 05:45:00,16.84,13.37,13.33,14.30,90.80,11.86,0.00,2.01,279.60,0.09
250,2024-04-04 06:00:00,16.78,13.07,13.26,14.11,91.20,11.86,0.00,1.53,295.80,0.09
250,2024-04-04 06:15:00,16.71,12.60,12.89,13.84,91.60,11.56,0.00,2.23,284.30,0.10
250,2024-04-04 06:30:00,16.62,12.60,12.96,13.69,91.00,11.53,0.00,1.69,310.20,0.10
250,2024-04-04 06:45:00,16.53,12.57,12.28,13.69,89.30,10.57,0.00,2.62,269.90,0.12
250,2024-04-04 07:00:00,16.43,11.82,12.00,13.42,90.70,10.53,0.00,2.54,263.90,0.21
250,2024-04-04 07:15:00,16.34,12.03,12.18,13.07,89.90,10.57,0.00,1.71,285.70,2.01
250,2024-04-04 07:30:00,16.23,11.83,12.08,12.92,89.90,10.47,0.00,1.45,232.20,10.34
250,2024-04-04 07:45:00,16.14,11.78,11.85,12.65,90.20,10.30,0.00,0.80,239.70,28.03
250,2024-04-04 08:00:00,16.06,11.97,12.29,12.78,91.20,10.90,0.00,1.42,214.00,77.88
250,2024-04-04 08:15:00,16.01,13.44,12.97,13.41,89.10,11.22,0.00,1.69,213.20,165.60
250,2024-04-04 08:30:00,16.06,14.65,13.65,14.26,82.80,10.78,0.00,1.49,247.20,195.50
250,2024-04-04 08:45:00,16.19,14.64,14.07,14.30,77.84,10.26,0.00,2.78,290.40,177.40
250,2024-04-04 09:00:00,16.35,14.56,14.22,14.37,76.23,10.10,0.00,4.51,280.50,182.00
250,2024-04-04 09:15:00,16.47,14.98,14.77,14.62,73.11,10.00,0.00,10.81,279.60,265.60
250,2024-04-04 09:30:00,16.63,15.96,15.61,15.29,66.45,9.39,0.00,4.61,284.50,399.30
250,2024-04-04 09:45:00,16.91,16.82,16.60,16.08,58.83,8.52,0.00,5.71,292.70,467.30
250,2024-04-04 10:00:00,17.29,17.50,17.05,16.81,51.12,6.88,0.00,5.23,302.40,514.60
250,2024-04-04 10:15:00,17.70,17.83,17.25,17.11,47.08,5.87,0.00,6.56,300.10,561.40
250,2024-04-04 10:30:00,18.10,18.27,17.50,17.39,42.45,4.60,0.00,7.97,296.10,608.40
250,2024-04-04 10:45:00,18.47,18.81,18.14,17.82,44.70,5.93,0.00,9.33,294.00,653.60
250,2024-04-04 11:00:00,18.83,19.02,18.27,18.05,37.39,3.49,0.00,8.66,299.60,693.30
250,2024-04-04 11:15:00,19.21,19.64,19.02,18.67,36.58,3.84,0.00,8.29,307.50,732.80
250,2024-04-04 11:30:00,19.61,19.80,19.08,18.78,33.74,2.75,0.00,10.80,295.90,768.40
250,2024-04-04 11:45:00,19.97,20.08,19.77,19.05,38.04,5.07,0.00,8.96,304.90,799.40
250,2024-04-04 12:00:00,20.33,20.42,19.60,19.28,34.12,3.37,0.00,8.53,309.30,828.00
250,2024-04-04 12:15:00,20.73,20.93,20.03,19.60,36.22,4.60,0.00,10.52,283.60,853.00
250,2024-04-04 12:30:00,21.13,20.97,19.83,19.78,33.47,3.30,0.00,9.17,293.40,873.00
250,2024-04-04 12:45:00,21.49,21.18,20.56,19.80,34.27,4.28,0.00,12.01,284.60,889.00
250,2024-04-04 13:00:00,21.83,21.66,20.64,20.04,34.79,4.56,0.00,11.62,272.80,903.00
250,2024-04-04 13:15:00,22.12,21.94,21.10,20.21,36.05,5.48,0.00,14.15,262.90,893.00
250,2024-04-04 13:30:00,22.37,22.21,21.03,20.57,33.70,4.45,0.00,12.59,279.70,906.00
250,2024-04-04 13:45:00,22.56,22.69,21.87,20.90,32.86,4.82,0.00,15.95,259.50,916.00
250,2024-04-04 14:00:00,22.65,22.86,21.91,21.21,30.53,3.81,0.00,15.28,264.30,914.00
250,2024-04-04 14:15:00,22.68,23.45,22.72,21.76,29.42,3.98,0.00,11.78,275.50,907.00
250,2024-04-04 14:30:00,22.72,23.52,22.12,21.82,28.29,2.91,0.00,13.20,270.90,900.00
250,2024-04-04 14:45:00,22.83,23.21,22.14,21.48,27.17,2.36,0.00,15.13,253.60,884.00
250,2024-04-04 15:00:00,23.00,23.49,22.38,21.87,29.93,3.94,0.00,15.02,265.50,864.00
250,2024-04-04 15:15:00,23.23,23.35,22.14,21.81,30.67,4.07,0.00,13.57,268.50,841.00
250,2024-04-04 15:30:00,23.50,23.04,22.00,21.37,27.32,2.32,0.00,18.84,259.50,816.00
250,2024-04-04 15:45:00,23.72,22.80,21.60,21.17,26.16,1.37,0.00,20.01,257.40,787.10
250,2024-04-04 16:00:00,23.89,22.78,21.85,21.09,27.98,2.52,0.00,17.79,263.10,752.70
250,2024-04-04 16:15:00,24.03,22.75,21.77,21.21,27.46,2.19,0.00,16.68,263.80,713.90
250,2024-04-04 16:30:00,24.16,22.56,21.64,21.25,28.08,2.39,0.00,15.36,271.60,676.40
250,2024-04-04 16:45:00,24.26,22.39,21.44,21.06,28.74,2.55,0.00,17.44,266.10,632.50
250,2024-04-04 17:00:00,24.32,22.45,21.60,21.14,30.14,3.36,0.00,15.13,263.60,583.50
250,2024-04-04 17:15:00,24.34,22.26,21.11,21.07,30.10,2.91,0.00,15.08,270.00,535.70
250,2024-04-04 17:30:00,24.31,22.22,21.22,21.05,30.93,3.40,0.00,14.85,267.20,485.60
250,2024-04-04 17:45:00,24.24,21.77,21.18,20.78,31.07,3.42,0.00,16.08,260.00,434.70
250,2024-04-04 18:00:00,24.13,21.63,20.99,20.77,32.05,3.70,0.00,12.33,274.60,381.20
250,2024-04-04 18:15:00,23.97,21.23,20.38,20.44,31.79,3.05,0.00,16.28,258.40,326.90
250,2024-04-04 18:30:00,23.77,20.80,20.25,20.19,34.64,4.16,0.00,14.70,262.70,270.50
250,2024-04-04 18:45:00,23.53,20.37,19.78,19.97,35.91,4.25,0.00,14.48,266.00,217.30
250,2024-04-04 19:00:00,23.24,19.79,19.27,19.66,37.95,4.59,0.00,13.81,259.10,164.00
250,2024-04-04 19:15:00,22.93,19.11,18.74,19.24,41.47,5.39,0.00,12.64,261.10,114.20
250,2024-04-04 19:30:00,22.59,18.59,18.28,18.88,43.13,5.54,0.00,11.48,252.70,68.95
250,2024-04-04 19:45:00,22.22,17.85,17.48,18.38,47.39,6.17,0.00,8.92,249.70,24.86
250,2024-04-04 20:00:00,21.85,17.15,17.19,17.86,47.53,5.95,0.00,9.45,250.90,3.91
250,2024-04-04 20:15:00,21.46,16.33,16.26,17.39,53.98,6.94,0.00,7.11,249.80,0.46
250,2024-04-04 20:30:00,21.08,15.36,15.55,16.99,57.16,7.11,0.00,5.79,250.20,0.10
250,2024-04-04 20:45:00,20.72,14.44,15.14,16.59,57.91,6.92,0.00,5.37,250.20,0.09
250,2024-04-04 21:00:00,20.38,14.38,15.07,16.33,57.10,6.65,0.00,5.22,261.20,0.09
250,2024-04-04 21:15:00,20.06,14.07,14.70,16.12,60.12,7.05,0.00,4.20,250.50,0.09
250,2024-04-04 21:30:00,19.76,13.37,14.11,15.82,62.33,7.02,0.00,3.70,251.30,0.09
250,2024-04-04 21:45:00,19.48,13.29,13.97,15.37,61.85,6.77,0.00,2.91,254.70,0.09
250,2024-04-04 22:00:00,19.25,13.02,13.68,15.04,63.49,6.88,0.00,2.61,278.60,0.11
250,2024-04-04 22:15:00,19.04,12.62,13.28,14.83,65.62,6.98,0.00,2.97,271.00,0.12
250,2024-04-04 22:30:00,18.81,12.49,13.27,14.66,70.50,8.02,0.00,2.57,249.10,0.12
250,2024-04-04 22:45:00,18.60,12.01,12.55,14.61,72.84,7.81,0.00,3.66,246.70,0.12
250,2024-04-04 23:00:00,18.40,11.83,12.82,14.40,71.31,7.76,0.00,2.69,257.90,0.12
250,2024-04-04 23:15:00,18.21,11.87,12.36,14.10,73.38,7.74,0.00,3.48,247.50,0.12
250,2024-04-04 23:30:00,18.03,11.65,12.20,13.98,77.00,8.29,0.00,3.52,243.80,0.13
250,2024-04-04 23:45:00,17.86,11.56,12.52,13.85,73.54,7.92,0.00,4.43,256.50,0.12
250,2024-04-05 00:00:00,17.68,11.90,12.78,13.91,71.79,7.82,0.00,4.28,264.30,0.13
250,2024-04-05 00:15:00,17.51,11.74,12.32,13.90,75.16,8.05,0.00,4.59,253.60,0.13
250,2024-04-05 00:30:00,17.35,11.79,12.67,13.90,74.15,8.19,0.00,4.67,257.60,0.12
250,2024-04-05 00:45:00,17.19,11.73,12.41,13.93,75.02,8.11,0.00,4.92,257.40,0.12
250,2024-04-05 01:00:00,17.05,11.60,12.44,13.79,74.39,8.01,0.00,5.33,265.30,0.12
250,2024-04-05 01:15:00,16.90,11.50,12.22,13.69,76.75,8.26,0.00,6.13,264.90,0.12
250,2024-04-05 01:30:00,16.76,11.60,12.22,13.51,77.06,8.32,0.00,5.23,268.90,0.12
250,2024-04-05 01:45:00,16.62,11.65,12.55,13.59,76.68,8.57,0.00,5.57,272.70,0.12
250,2024-04-05 02:00:00,16.49,11.98,12.76,13.83,75.94,8.63,0.00,4.39,280.70,0.12
250,2024-04-05 02:15:00,16.37,12.18,12.53,13.83,75.65,8.35,0.00,4.45,277.60,0.13
250,2024-04-05 02:30:00,16.26,11.67,12.15,13.60,77.55,8.35,0.00,3.07,281.50,0.12
250,2024-04-05 02:45:00,16.15,11.46,12.02,13.24,78.30,8.36,0.00,2.04,272.30,0.13
250,2024-04-05 03:00:00,16.04,11.40,11.60,12.82,80.80,8.42,0.00,1.65,235.60,0.13
250,2024-04-05 03:15:00,15.94,10.92,11.12,12.59,82.80,8.31,0.00,1.79,228.30,0.13
250,2024-04-05 03:30:00,15.84,10.65,11.00,12.27,83.00,8.23,0.00,2.08,257.00,0.14
250,2024-04-05 03:45:00,15.73,10.54,10.94,12.14,83.50,8.26,0.00,2.17,231.80,0.13
250,2024-04-05 04:00:00,15.64,10.33,10.57,12.02,85.20,8.19,0.00,1.76,234.70,0.13
250,2024-04-05 04:15:00,15.53,10.03,10.20,11.70,87.10,8.15,0.00,1.21,181.20,0.13
250,2024-04-05 04:30:00,15.43,9.73,9.93,11.10,87.70,7.99,0.00,0.91,133.60,0.13
250,2024-04-05 04:45:00,15.35,9.47,9.76,10.71,88.60,7.97,0.00,0.96,133.70,0.13
250,2024-04-05 05:00:00,15.23,9.38,9.59,10.57,89.30,7.92,0.00,1.18,136.80,0.14
250,2024-04-05 05:15:00,15.13,9.16,9.45,10.37,90.10,7.91,0.00,1.18,127.70,0.14
250,2024-04-05 05:30:00,15.03,9.06,9.25,10.25,90.70,7.81,0.00,1.09,130.00,0.14
250,2024-04-05 05:45:00,14.94,8.97,9.07,9.95,91.80,7.81,0.00,1.37,82.40,0.13
250,2024-04-05 06:00:00,14.85,8.88,8.92,9.63,92.10,7.71,0.00,0.98,114.30,0.13
250,2024-04-05 06:15:00,14.76,8.63,8.64,9.50,92.20,7.45,0.00,0.97,123.10,0.13
250,2024-04-05 06:30:00,14.68,8.65,8.78,9.43,92.70,7.66,0.00,0.93,118.30,0.13
250,2024-04-05 06:45:00,14.59,8.53,8.61,9.26,93.10,7.56,0.00,1.08,129.70,0.14
250,2024-04-05 07:00:00,14.51,8.53,8.58,9.36,93.20,7.54,0.00,1.11,135.30,0.36
250,2024-04-05 07:15:00,14.43,8.41,8.57,9.23,93.60,7.60,0.00,1.10,122.30,3.08
250,2024-04-05 07:30:00,14.35,8.50,8.71,9.28,93.70,7.75,0.00,0.93,123.90,
250,2024-04-05 07:45:00,14.29,8.80,8.94,9.94,93.90,8.01,0.00,1.13,144.70,22.35
250,2024-04-05 08:00:00,14.23,9.48,9.96,11.26,94.10,9.06,0.00,1.08,154.90,90.20
250,2024-04-05 08:15:00,14.21,11.54,11.85,12.71,93.70,10.87,0.00,1.08,182.20,162.20
250,2024-04-05 08:30:00,14.24,14.23,14.39,14.36,86.80,12.22,0.00,2.93,274.10,208.80
250,2024-04-05 08:45:00,14.40,15.82,15.48,15.53,76.61,11.39,0.00,4.25,289.50,254.20
250,2024-04-05 09:00:00,14.69,16.56,16.31,16.13,71.40,11.13,0.00,4.31,308.20,306.90
250,2024-04-05 09:15:00,15.04,17.32,16.88,16.72,66.25,10.55,0.00,5.65,310.30,361.10
250,2024-04-05 09:30:00,15.46,17.81,17.49,17.15,65.33,10.92,0.00,5.27,301.20,413.60
250,2024-04-05 09:45:00,15.93,18.42,17.48,17.53,57.00,8.88,0.00,5.78,329.20,466.00
250,2024-04-05 10:00:00,16.44,18.81,18.20,17.94,54.78,8.96,0.00,4.36,297.50,516.20
250,2024-04-05 10:15:00,16.97,19.49,18.75,18.30,51.26,8.49,0.00,5.49,337.00,565.00
250,2024-04-05 10:30:00,17.54,19.83,18.98,18.61,51.09,8.65,0.00,6.18,346.60,609.80
250,2024-04-05 10:45:00,18.12,20.56,19.59,19.29,44.66,7.23,0.00,5.12,336.30,652.50
250,2024-04-05 11:00:00,18.72,21.07,20.14,19.82,36.08,4.64,0.00,7.11,284.50,694.20
250,2024-04-05 11:15:00,19.32,21.50,20.71,20.28,37.76,5.80,0.00,5.97,318.70,732.30
250,2024-04-05 11:30:00,19.93,22.33,21.39,20.92,32.92,4.43,0.00,6.32,307.10,766.10
250,2024-04-05 11:45:00,20.55,22.36,21.64,21.11,34.16,5.18,0.00,6.41,299.50,796.50
250,2024-04-05 12:00:00,21.17,22.66,21.90,21.34,30.86,3.95,0.00,7.65,313.50,825.00
250,2024-04-05 12:15:00,21.76,23.06,21.70,21.56,28.09,2.45,0.00,9.13,276.10,850.00
250,2024-04-05 12:30:00,22.33,23.23,22.08,21.58,31.37,4.34,0.00,11.12,277.30,867.00
250,2024-04-05 12:45:00,22.83,23.36,22.38,21.80,32.02,4.90,0.00,6.66,290.50,882.00
250,2024-04-05 13:00:00,23.33,23.80,22.95,22.08,29.55,4.25,0.00,9.90,274.10,897.00
250,2024-04-05 13:15:00,23.79,24.26,22.97,22.56,28.14,3.57,0.00,10.56,278.10,886.00
250,2024-04-05 13:30:00,24.19,24.43,23.03,22.72,28.78,3.94,0.00,8.79,277.70,899.00
250,2024-04-05 13:45:00,24.47,24.47,23.58,22.89,28.58,4.31,0.00,9.03,284.50,908.00
250,2024-04-05 14:00:00,24.66,24.63,23.51,23.01,26.45,3.15,0.00,10.94,275.70,905.00
250,2024-04-05 14:15:00,24.73,24.86,24.12,23.20,30.78,5.85,0.00,11.84,282.20,896.00
250,2024-04-05 14:30:00,24.78,25.41,24.28,23.73,25.92,3.52,0.00,10.98,275.70,885.00
250,2024-04-05 14:45:00,24.91,25.34,24.19,23.54,27.22,4.14,0.00,13.76,269.50,870.00
250,2024-04-05 15:00:00,25.11,25.42,24.23,23.81,25.79,3.41,0.00,12.95,274.60,850.00
250,2024-04-05 15:15:00,25.37,25.68,24.43,24.19,26.72,4.08,0.00,10.87,283.40,826.00
250,2024-04-05 15:30:00,25.66,25.70,24.46,24.27,27.96,4.76,0.00,11.44,279.80,797.00
250,2024-04-05 15:45:00,25.96,25.72,24.35,24.17,30.74,6.03,0.00,14.40,266.30,766.70
250,2024-04-05 16:00:00,26.20,25.54,24.49,24.00,30.95,6.25,0.00,14.94,269.50,734.00
250,2024-04-05 16:15:00,26.40,25.46,24.52,24.06,31.93,6.73,0.00,14.13,275.10,696.10
250,2024-04-05 16:30:00,26.55,25.63,24.84,24.15,33.85,7.86,0.00,14.32,262.90,654.40
250,2024-04-05 16:45:00,26.65,25.38,24.22,23.97,35.67,8.08,0.00,14.06,273.40,611.00
250,2024-04-05 17:00:00,26.73,25.14,24.09,23.85,33.03,6.84,0.00,13.61,279.40,567.20
250,2024-04-05 17:15:00,26.75,24.86,24.29,23.78,35.25,7.97,0.00,13.55,277.50,518.90
250,2024-04-05 17:30:00,26.72,24.75,23.85,23.65,35.87,7.84,0.00,13.74,277.80,469.30
250,2024-04-05 17:45:00,26.64,24.59,23.87,23.59,38.06,8.73,0.00,13.11,275.40,416.70
250,2024-04-05 18:00:00,26.53,24.18,23.31,23.29,37.62,8.06,0.00,15.82,263.90,366.10
250,2024-04-05 18:15:00,26.36,23.60,22.85,22.88,39.87,8.51,0.00,17.35,262.50,311.90
250,2024-04-05 18:30:00,26.13,23.23,22.42,22.69,41.32,8.65,0.00,15.35,268.60,248.60
250,2024-04-05 18:45:00,25.87,22.57,21.98,22.31,43.13,8.88,0.00,16.04,271.10,174.90
250,2024-04-05 19:00:00,25.57,21.94,21.41,21.93,46.37,9.44,0.00,13.37,266.00,121.40
250,2024-04-05 19:15:00,25.22,21.25,20.90,21.46,47.89,9.46,0.00,13.43,266.30,70.64
250,2024-04-05 19:30:00,24.86,20.60,20.24,21.05,52.06,10.09,0.00,9.73,265.80,33.64
250,2024-04-05 19:45:00,24.48,19.50,19.12,20.51,57.32,10.49,0.00,7.80,260.90,15.07
250,2024-04-05 20:00:00,24.09,18.85,19.12,20.11,59.22,10.98,0.00,7.41,263.70,3.38
250,2024-04-05 20:15:00,23.70,18.44,18.44,19.78,63.37,11.36,0.00,7.08,259.60,0.48
250,2024-04-05 20:30:00,23.33,18.00,18.04,19.51,66.49,11.71,0.00,7.53,260.10,0.10
250,2024-04-05 20:45:00,22.97,17.88,18.03,19.28,67.87,12.01,0.00,7.42,259.40,0.09
250,2024-04-05 21:00:00,22.64,16.98,17.48,18.95,70.69,12.10,0.00,5.83,254.20,0.09
250,2024-04-05 21:15:00,22.33,17.53,17.66,18.76,73.52,12.87,0.00,7.90,253.10,0.09
250,2024-04-05 21:30:00,22.05,17.09,17.07,18.53,76.47,12.90,0.00,6.13,248.60,0.09
250,2024-04-05 21:45:00,21.79,16.50,16.81,18.31,78.60,13.07,0.00,6.21,251.50,0.09
250,2024-04-05 22:00:00,21.53,16.42,16.64,18.13,80.40,13.25,0.00,6.26,251.00,0.09
250,2024-04-05 22:15:00,21.30,16.03,16.36,17.98,82.10,13.30,0.00,5.29,251.60,0.09
250,2024-04-05 22:30:00,21.07,15.33,15.86,17.70,84.00,13.16,0.00,4.29,249.40,0.09
250,2024-04-05 22:45:00,20.86,15.09,15.82,17.35,84.40,13.20,0.00,4.59,254.70,0.09
250,2024-04-05 23:00:00,20.64,14.88,15.55,17.10,86.50,13.31,0.00,4.35,252.60,0.08
250,2024-04-05 23:15:00,20.43,14.85,15.93,16.85,86.50,13.68,0.00,3.99,264.00,0.09
250,2024-04-05 23:30:00,20.24,14.44,15.31,16.68,87.30,13.21,0.00,4.19,259.80,0.09
250,2024-04-05 23:45:00,20.05,14.24,15.23,16.46,88.90,13.41,0.00,3.96,258.30,0.09
250,2024-04-06 00:00:00,19.88,14.90,15.55,16.37,88.70,13.69,0.00,3.69,266.20,0.09
250,2024-04-06 00:15:00,19.71,14.76,15.34,16.32,89.50,13.62,0.00,4.22,258.80,0.09
250,2024-04-06 00:30:00,19.55,14.69,15.15,16.18,89.90,13.51,0.00,3.24,255.80,0.09
250,2024-04-06 00:45:00,19.41,14.61,15.08,16.10,90.80,13.59,0.00,3.06,259.40,0.09
250,2024-04-06 01:00:00,19.27,14.58,15.05,16.11,91.10,13.61,0.00,3.10,255.50,0.09
250,2024-04-06 01:15:00,19.12,14.44,14.62,15.90,91.40,13.23,0.00,1.70,235.70,0.09
250,2024-04-06 01:30:00,18.99,14.15,14.31,15.68,91.50,12.95,0.00,1.17,228.30,0.09
250,2024-04-06 01:45:00,18.86,13.95,14.23,15.49,92.40,13.02,0.00,1.22,213.90,0.09
250,2024-04-06 02:00:00,18.73,13.72,13.97,15.25,92.90,12.84,0.00,1.18,189.40,0.09
250,2024-04-06 02:15:00,18.59,13.51,13.84,15.21,93.10,12.74,0.00,1.48,222.60,0.09
250,2024-04-06 02:30:00,18.46,13.24,13.71,15.05,93.20,12.63,0.00,1.58,225.80,0.09
250,2024-04-06 02:45:00,18.32,13.35,13.92,14.95,93.60,12.91,0.00,1.67,250.60,0.09
250,2024-04-06 03:00:00,18.19,12.97,13.62,14.79,93.90,12.66,0.00,0.83,323.50,0.08
250,2024-04-06 03:15:00,18.06,13.44,14.04,14.88,94.40,13.15,0.00,1.77,304.80,0.09
250,2024-04-06 03:30:00,17.93,14.08,14.35,14.93,94.20,13.43,0.00,2.40,314.30,0.09
250,2024-04-06 03:45:00,17.82,14.34,14.56,15.09,93.80,13.57,0.00,3.59,319.10,0.09
250,2024-04-06 04:00:00,17.73,14.70,14.64,15.30,93.20,13.55,0.00,3.68,317.70,0.09
250,2024-04-06 04:15:00,17.64,14.72,14.73,15.26,92.10,13.46,0.00,4.04,324.20,0.09
250,2024-04-06 04:30:00,17.55,14.88,14.70,15.30,89.90,13.06,0.00,4.50,326.40,0.09
250,2024-04-06 04:45:00,17.48,14.71,14.66,15.19,88.00,12.69,0.00,4.68,335.60,0.09
250,2024-04-06 05:00:00,17.39,14.57,14.47,15.00,85.90,12.14,0.00,4.57,338.00,0.09
250,2024-04-06 05:15:00,17.30,14.26,14.18,14.72,83.70,11.46,0.00,4.26,337.40,0.09
250,2024-04-06 05:30:00,17.21,14.18,14.08,14.63,79.87,10.66,0.00,5.73,340.00,0.09
250,2024-04-06 05:45:00,17.11,13.99,13.86,14.46,77.18,9.93,0.00,6.09,351.10,0.09
250,2024-04-06 06:00:00,17.01,13.75,13.84,14.34,73.87,9.26,0.00,5.29,355.20,0.09
250,2024-04-06 06:15:00,16.90,13.72,13.62,14.30,71.98,8.67,0.00,4.97,7.50,0.09
250,2024-04-06 06:30:00,16.79,13.48,13.46,14.00,69.26,7.94,0.00,4.92,21.34,0.10
250,2024-04-06 06:45:00,16.68,13.15,12.97,13.64,69.53,7.53,0.00,5.07,19.32,0.12
250,2024-04-06 07:00:00,16.57,12.94,12.76,13.40,70.39,7.51,0.00,5.07,12.45,0.42
250,2024-04-06 07:15:00,16.45,12.70,12.69,13.14,69.19,7.19,0.00,5.24,13.76,3.35
250,2024-04-06 07:30:00,16.33,12.52,12.42,12.97,68.93,6.88,0.00,4.39,9.78,11.23
250,2024-04-06 07:45:00,16.23,12.64,12.70,13.09,66.63,6.65,0.00,6.70,8.04,22.45
250,2024-04-06 08:00:00,16.13,13.04,13.10,13.36,68.29,7.39,0.00,4.99,10.14,90.30
250,2024-04-06 08:15:00,16.06,13.78,13.33,13.49,66.96,7.33,0.00,5.49,11.12,148.90
250,2024-04-06 08:30:00,16.06,14.02,13.47,13.57,64.06,6.81,0.00,5.85,8.03,200.40
250,2024-04-06 08:45:00,16.14,14.24,13.60,13.69,63.12,6.72,0.00,7.39,13.78,253.00
250,2024-04-06 09:00:00,16.30,14.64,13.99,13.93,62.79,7.01,0.00,5.81,14.90,306.20
250,2024-04-06 09:15:00,16.53,14.83,14.22,13.94,61.95,7.03,0.00,7.05,3.86,358.80
250,2024-04-06 09:30:00,16.81,15.21,14.66,14.24,60.84,7.19,0.00,6.23,8.82,412.30
250,2024-04-06 09:45:00,17.14,15.71,15.14,14.59,58.53,7.07,0.00,6.38,4.05,463.20
250,2024-04-06 10:00:00,17.51,16.69,15.82,15.42,55.64,6.97,0.00,4.36,13.91,514.50
250,2024-04-06 10:15:00,17.96,16.86,15.88,15.56,55.51,6.99,0.00,5.57,12.99,564.80
250,2024-04-06 10:30:00,18.44,17.34,16.49,16.14,52.70,6.80,0.00,6.31,352.70,611.30
250,2024-04-06 10:45:00,18.96,17.78,17.08,16.47,49.61,6.47,0.00,5.67,6.48,655.50
250,2024-04-06 11:00:00,19.50,18.25,17.28,16.75,51.08,7.08,0.00,5.83,351.10,697.20
250,2024-04-06 11:15:00,20.07,18.85,17.86,17.39,45.40,5.90,0.00,4.73,7.98,736.80
250,2024-04-06 11:30:00,20.65,19.40,18.37,17.77,44.14,5.95,0.00,5.32,33.12,771.00
250,2024-04-06 11:45:00,21.27,19.67,18.76,18.31,45.62,6.79,0.00,4.45,344.10,803.00
250,2024-04-06 12:00:00,21.87,19.96,18.99,18.43,42.01,5.80,0.00,5.14,350.50,833.00
250,2024-04-06 12:15:00,22.49,20.38,19.48,18.87,43.56,6.77,0.00,5.01,11.09,858.00
250,2024-04-06 12:30:00,23.07,20.56,19.21,19.16,38.56,4.76,0.00,5.86,331.30,881.00
250,2024-04-06 12:45:00,23.64,21.15,19.76,19.51,38.45,5.21,0.00,5.75,356.40,896.00
250,2024-04-06 13:00:00,24.18,21.10,20.14,19.46,43.01,7.18,0.00,6.33,351.70,907.00
250,2024-04-06 13:15:00,24.67,21.56,20.52,19.85,40.50,6.65,0.00,5.43,2.21,898.00
250,2024-04-06 13:30:00,25.09,21.45,20.35,19.70,37.15,5.25,0.00,6.29,350.40,910.00
250,2024-04-06 13:45:00,25.37,21.97,20.83,20.39,38.60,6.23,0.00,5.86,7.66,925.00
250,2024-04-06 14:00:00,25.52,21.99,20.51,20.35,39.91,6.42,0.00,5.79,345.90,919.00
250,2024-04-06 14:15:00,25.55,21.95,20.85,20.24,37.85,5.96,0.00,6.41,323.90,910.00
250,2024-04-06 14:30:00,25.56,22.40,21.76,20.78,38.18,6.90,0.00,4.12,349.00,899.00
250,2024-04-06 14:45:00,25.65,22.18,21.13,20.77,38.24,6.36,0.00,5.79,304.40,877.00
250,2024-04-06 15:00:00,25.87,22.84,21.74,21.25,36.24,6.12,0.00,5.07,304.50,868.00
250,2024-04-06 15:15:00,26.17,22.71,21.46,21.07,36.30,5.90,0.00,5.47,291.50,824.00
250,2024-04-06 15:30:00,26.48,23.22,22.18,21.66,36.49,6.61,0.00,4.25,309.10,823.00
250,2024-04-06 15:45:00,26.83,23.07,21.58,21.63,36.01,5.89,0.00,5.70,296.30,798.20
250,2024-04-06 16:00:00,27.15,23.35,22.19,21.82,37.99,7.21,0.00,4.11,344.40,758.40
250,2024-04-06 16:15:00,27.43,23.30,22.39,21.98,38.26,7.49,0.00,3.44,10.48,715.70
250,2024-04-06 16:30:00,27.68,23.64,22.45,22.22,35.14,6.30,0.00,3.86,350.30,677.90
250,2024-04-06 16:45:00,27.87,23.62,22.24,22.42,35.49,6.26,0.00,3.78,307.50,536.50
250,2024-04-06 17:00:00,27.98,23.63,22.82,22.36,35.27,6.68,0.00,4.07,17.26,598.60
250,2024-04-06 17:15:00,28.01,23.91,22.55,22.74,35.09,6.37,0.00,3.18,59.16,544.70
250,2024-04-06 17:30:00,28.05,23.65,22.70,22.65,33.57,5.86,0.00,3.09,46.49,488.20
250,2024-04-06 17:45:00,28.04,24.10,22.75,22.87,37.40,7.48,0.00,3.68,307.80,429.70
250,2024-04-06 18:00:00,27.96,23.79,22.55,22.87,35.44,6.51,0.00,2.45,39.56,370.10
250,2024-04-06 18:15:00,27.84,23.81,22.38,23.00,37.84,7.32,0.00,2.76,75.11,326.10
250,2024-04-06 18:30:00,27.67,23.59,22.55,22.76,36.63,6.99,0.00,2.72,22.50,271.50
250,2024-04-06 18:45:00,27.46,23.80,22.62,23.20,34.44,6.16,0.00,2.09,352.90,217.20
250,2024-04-06 19:00:00,27.20,22.90,22.32,23.15,36.46,6.72,0.00,2.62,339.60,165.00
250,2024-04-06 19:15:00,26.92,22.08,21.71,22.57,38.82,7.09,0.00,2.36,18.32,116.00
250,2024-04-06 19:30:00,26.58,22.03,21.47,22.48,42.45,8.19,0.00,1.02,4.43,67.21
250,2024-04-06 19:45:00,26.23,20.08,18.94,20.96,49.73,8.21,0.00,1.49,82.80,16.68
250,2024-04-06 20:00:00,25.82,18.00,17.61,19.07,56.17,8.78,0.00,0.87,72.61,2.43
250,2024-04-06 20:15:00,25.40,16.71,16.83,17.95,57.81,8.48,0.00,0.80,355.60,0.35
250,2024-04-06 20:30:00,24.98,15.80,15.92,16.98,62.01,8.65,0.00,0.83,10.25,0.10
250,2024-04-06 20:45:00,24.56,15.30,15.54,16.34,65.53,9.11,0.00,2.55,22.86,0.10
250,2024-04-06 21:00:00,24.15,15.99,16.24,16.64,66.76,10.06,0.00,3.35,119.30,0.10
250,2024-04-06 21:15:00,23.78,15.31,15.35,16.14,69.12,9.72,0.00,3.60,152.80,0.09
250,2024-04-06 21:30:00,23.41,15.41,15.68,16.20,69.34,10.09,0.00,3.44,108.70,0.10
250,2024-04-06 21:45:00,23.07,15.54,15.37,15.91,70.88,10.12,0.00,3.33,96.20,0.10
250,2024-04-06 22:00:00,22.77,15.17,15.04,15.65,71.65,9.96,0.00,2.90,90.70,0.10
250,2024-04-06 22:15:00,22.48,14.84,14.66,15.28,72.58,9.79,0.00,2.82,84.00,0.09
250,2024-04-06 22:30:00,22.21,14.32,14.28,14.88,74.00,9.71,0.00,3.15,78.07,0.09
250,2024-04-06 22:45:00,21.97,13.95,13.80,14.47,75.92,9.63,0.00,3.13,70.88,0.10
250,2024-04-06 23:00:00,21.71,13.50,13.46,14.01,77.50,9.61,0.00,3.04,71.88,0.09
250,2024-04-06 23:15:00,21.47,13.32,13.21,13.76,77.97,9.45,0.00,2.29,82.00,0.09
250,2024-04-06 23:30:00,21.24,13.05,13.07,13.56,79.29,9.57,0.00,2.46,94.00,0.10
250,2024-04-06 23:45:00,21.04,13.17,13.03,13.47,79.26,9.52,0.00,1.63,101.60,0.11
250,2024-04-07 00:00:00,20.85,12.95,12.66,13.31,80.30,9.36,0.00,0.87,114.50,0.11
250,2024-04-07 00:15:00,20.68,12.35,12.06,12.79,82.70,9.21,0.00,1.00,56.38,0.12
250,2024-04-07 00:30:00,20.50,11.77,11.56,12.45,84.00,8.95,0.00,0.74,39.88,0.12
250,2024-04-07 00:45:00,20.34,11.11,11.16,11.86,85.80,8.87,0.00,0.36,26.23,0.14
250,2024-04-07 01:00:00,20.15,10.80,10.82,11.57,86.50,8.66,0.00,0.73,299.90,0.15
250,2024-04-07 01:15:00,19.97,10.66,10.59,11.32,88.10,8.70,0.00,1.17,25.79,0.15
250,2024-04-07 01:30:00,19.77,10.37,10.23,11.05,88.90,8.48,0.00,1.28,318.90,0.15
250,2024-04-07 01:45:00,19.60,10.10,10.25,10.86,89.70,8.63,0.00,0.55,359.10,0.15
250,2024-04-07 02:00:00,19.43,10.12,10.03,10.65,90.20,8.50,0.00,0.59,20.28,0.16
250,2024-04-07 02:15:00,19.27,9.86,9.70,10.39,90.70,8.25,0.00,1.04,331.40,0.16
250,2024-04-07 02:30:00,19.08,9.63,9.57,10.37,91.20,8.21,0.00,2.18,351.70,0.16
250,2024-04-07 02:45:00,18.90,9.29,9.36,10.25,91.80,8.09,0.00,1.29,281.30,0.15
250,2024-04-07 03:00:00,18.73,9.16,9.28,10.30,92.20,8.08,0.00,1.20,333.10,0.15
250,2024-04-07 03:15:00,18.56,9.14,9.18,10.05,92.50,8.03,0.00,1.07,99.80,0.15
250,2024-04-07 03:30:00,18.39,8.86,9.19,10.02,93.20,8.15,0.00,0.99,187.30,0.15
250,2024-04-07 03:45:00,18.23,9.08,9.07,9.91,93.00,8.00,0.00,0.79,355.80,0.14
250,2024-04-07 04:00:00,18.07,8.74,8.97,9.81,93.50,7.98,0.00,0.72,300.70,0.14
250,2024-04-07 04:15:00,17.92,8.93,8.95,9.64,93.50,7.96,0.00,0.67,73.55,0.14
250,2024-04-07 04:30:00,17.77,8.68,8.85,9.64,93.70,7.89,0.00,0.46,234.40,0.14
250,2024-04-07 04:45:00,17.63,8.58,8.70,9.82,94.00,7.79,0.00,0.98,270.70,0.14
250,2024-04-07 05:00:00,17.48,8.46,8.67,9.45,94.10,7.77,0.00,0.34,311.00,0.14
250,2024-04-07 05:15:00,17.35,8.45,8.90,9.38,94.80,8.11,0.00,0.84,212.30,0.14
250,2024-04-07 05:30:00,17.21,8.55,8.65,9.42,94.70,7.85,0.00,0.56,80.10,0.14
250,2024-04-07 05:45:00,17.07,8.42,8.57,9.27,94.80,7.78,0.00,0.67,46.88,0.14
250,2024-04-07 06:00:00,16.95,8.14,8.17,8.98,94.70,7.37,0.00,0.89,194.60,0.13
250,2024-04-07 06:15:00,16.82,8.02,8.00,8.78,94.80,7.22,0.00,0.79,347.90,0.14
250,2024-04-07 06:30:00,16.69,7.59,8.14,8.77,95.40,7.45,0.00,0.95,244.80,0.14
250,2024-04-07 06:45:00,16.57,7.70,7.89,8.67,95.40,7.20,0.00,0.95,4.88,0.15
250,2024-04-07 07:00:00,16.43,7.36,7.38,8.67,95.50,6.71,0.00,1.10,276.30,0.51
250,2024-04-07 07:15:00,16.31,7.34,7.65,8.53,95.60,6.99,0.00,0.64,238.70,3.69
250,2024-04-07 07:30:00,16.20,7.63,7.82,8.37,95.90,7.21,0.00,0.60,185.70,11.10
250,2024-04-07 07:45:00,16.10,8.09,8.25,9.14,96.10,7.67,0.00,0.85,183.30,24.63
250,2024-04-07 08:00:00,16.00,9.00,9.72,9.62,97.10,9.28,0.00,0.75,215.70,119.30
250,2024-04-07 08:15:00,15.95,11.74,11.19,11.67,96.80,10.70,0.00,0.54,123.40,167.20
250,2024-04-07 08:30:00,15.96,13.44,12.00,13.36,95.30,11.27,0.00,0.62,132.80,213.80
250,2024-04-07 08:45:00,16.11,13.82,13.14,13.86,94.90,12.34,0.00,0.96,147.90,263.90
250,2024-04-07 09:00:00,16.33,15.84,15.03,15.58,90.10,13.42,0.00,1.32,109.40,314.80
250,2024-04-07 09:15:00,16.64,16.97,15.99,16.11,73.01,11.16,0.00,2.38,85.10,366.70
250,2024-04-07 09:30:00,17.02,17.22,16.96,16.36,70.04,11.46,0.00,4.28,74.53,418.40
250,2024-04-07 09:45:00,17.44,18.60,17.50,17.54,61.14,9.94,0.00,3.50,102.80,469.30
250,2024-04-07 10:00:00,17.89,18.51,17.73,17.59,59.39,9.72,0.00,6.09,91.40,518.50
250,2024-04-07 10:15:00,18.38,19.04,18.54,17.99,56.98,9.86,0.00,5.34,90.10,565.20
250,2024-04-07 10:30:00,18.89,19.52,18.50,18.37,54.26,9.10,0.00,5.01,84.80,610.90
250,2024-04-07 10:45:00,19.44,19.89,19.67,18.87,50.48,9.11,0.00,4.26,79.80,654.30
250,2024-04-07 11:00:00,20.01,20.26,19.33,18.89,46.23,7.50,0.00,6.46,44.27,695.10
250,2024-04-07 11:15:00,20.60,20.22,18.95,19.01,45.78,7.01,0.00,7.28,49.85,731.30
250,2024-04-07 11:30:00,21.16,20.68,19.81,19.28,42.93,6.85,0.00,6.31,58.73,766.60
250,2024-04-07 11:45:00,21.73,20.89,20.08,19.62,42.04,6.79,0.00,5.79,75.92,797.80
250,2024-04-07 12:00:00,22.30,21.62,20.41,20.03,44.43,7.90,0.00,4.91,46.56,826.00
250,2024-04-07 12:15:00,22.90,21.63,20.42,20.13,44.18,7.83,0.00,6.73,46.77,850.00
250,2024-04-07 12:30:00,23.48,21.70,20.56,20.32,41.17,6.92,0.00,6.23,48.31,871.00
250,2024-04-07 12:45:00,24.02,21.96,21.26,20.55,41.79,7.77,0.00,5.29,37.44,888.00
250,2024-04-07 13:00:00,24.54,22.33,21.31,20.82,39.13,6.85,0.00,5.33,71.30,898.00
250,2024-04-07 13:15:00,25.04,23.02,21.40,21.42,39.73,7.16,0.00,5.46,33.26,878.00
250,2024-04-07 13:30:00,25.48,23.07,22.18,21.60,39.54,7.78,0.00,4.99,39.72,890.00
250,2024-04-07 13:45:00,25.82,23.18,21.82,21.79,39.17,7.32,0.00,5.29,87.20,910.00
250,2024-04-07 14:00:00,26.02,23.39,22.29,22.05,40.36,8.18,0.00,5.15,80.60,896.00
250,2024-04-07 14:15:00,26.10,24.04,22.77,22.55,42.31,9.31,0.00,5.14,59.09,896.00
250,2024-04-07 14:30:00,26.14,23.96,22.55,22.36,38.19,7.60,0.00,5.31,70.18,877.00
250,2024-04-07 14:45:00,26.24,24.49,23.27,23.07,34.55,6.78,0.00,4.63,109.10,859.00
250,2024-04-07 15:00:00,26.45,24.75,23.77,23.46,39.04,9.02,0.00,3.66,39.37,842.00
250,2024-04-07 15:15:00,26.74,24.96,23.67,23.25,38.09,8.56,0.00,5.52,342.70,813.00
250,2024-04-07 15:30:00,27.06,24.80,23.75,23.41,38.20,8.68,0.00,5.96,44.86,776.00
250,2024-04-07 15:45:00,27.37,24.85,23.62,23.26,37.71,8.37,0.00,5.86,351.90,759.00
250,2024-04-07 16:00:00,27.63,25.05,24.29,23.61,34.72,7.75,0.00,5.01,320.10,738.90
250,2024-04-07 16:15:00,27.90,25.25,23.77,23.93,35.96,7.80,0.00,4.41,348.80,677.20
250,2024-04-07 16:30:00,28.13,25.39,24.44,23.89,33.53,7.37,0.00,5.42,355.10,649.10
250,2024-04-07 16:45:00,28.30,25.95,24.11,24.35,37.12,8.57,0.00,4.63,28.72,595.30
250,2024-04-07 17:00:00,28.43,25.22,24.25,24.02,37.00,8.65,0.00,4.70,46.52,530.30
250,2024-04-07 17:15:00,28.47,25.62,24.62,24.44,36.79,8.89,0.00,4.30,21.16,525.30
250,2024-04-07 17:30:00,28.49,25.55,24.32,24.43,38.64,9.35,0.00,4.61,16.53,391.40
250,2024-04-07 17:45:00,28.44,25.23,24.21,24.40,42.42,10.65,0.00,4.37,75.30,362.60
250,2024-04-07 18:00:00,28.33,24.53,23.75,23.90,43.45,10.59,0.00,7.16,59.56,284.80
250,2024-04-07 18:15:00,28.17,24.56,23.72,23.84,43.18,10.47,0.00,7.97,56.86,340.20
250,2024-04-07 18:30:00,27.97,23.97,22.96,23.58,46.76,10.98,0.00,6.86,64.68,149.90
250,2024-04-07 18:45:00,27.75,22.99,22.53,22.94,47.93,10.96,0.00,6.98,65.06,81.10
250,2024-04-07 19:00:00,27.42,22.76,22.39,22.66,49.15,11.21,0.00,5.94,73.95,110.20
250,2024-04-07 19:15:00,27.06,22.39,21.80,22.34,50.64,11.12,0.00,6.53,73.47,68.21
250,2024-04-07 19:30:00,26.73,21.60,21.09,21.69,53.82,11.38,0.00,7.17,67.00,25.81
250,2024-04-07 19:45:00,26.38,20.97,20.52,21.07,56.57,11.60,0.00,7.49,68.62,
250,2024-04-07 20:00:00,26.02,20.30,19.87,20.50,59.01,11.63,0.00,6.64,66.91,2.46
250,2024-04-07 20:15:00,25.65,19.81,19.45,20.05,60.83,11.70,0.00,6.47,69.76,0.31
250,2024-04-07 20:30:00,25.30,19.32,18.91,19.58,63.13,11.75,0.00,6.24,73.40,0.09
250,2024-04-07 20:45:00,24.95,18.94,18.71,19.24,62.51,11.41,0.00,6.02,81.20,0.10
250,2024-04-07 21:00:00,24.62,18.59,18.33,18.88,62.92,11.15,0.00,5.44,87.80,0.09
250,2024-04-07 21:15:00,24.32,18.25,17.93,18.51,64.18,11.07,0.00,5.20,87.20,0.09
250,2024-04-07 21:30:00,24.02,18.00,17.66,18.18,65.61,11.15,0.00,5.98,91.40,0.09
250,2024-04-07 21:45:00,23.74,17.55,17.26,17.83,67.70,11.24,0.00,5.94,93.00,0.09
250,2024-04-07 22:00:00,23.47,17.28,16.98,17.54,69.00,11.26,0.00,4.67,96.40,0.09
250,2024-04-07 22:15:00,23.22,16.87,16.68,17.24,70.35,11.26,0.00,4.08,98.20,0.09
250,2024-04-07 22:30:00,22.97,16.42,16.34,16.89,71.95,11.27,0.00,3.08,100.70,0.09
250,2024-04-07 22:45:00,22.72,16.04,15.96,16.55,73.09,11.15,0.00,2.61,91.10,0.09
250,2024-04-07 23:00:00,22.50,15.66,15.61,16.18,75.17,11.23,0.00,2.03,105.30,0.09
250,2024-04-07 23:15:00,22.27,15.14,15.05,15.77,76.82,11.02,0.00,1.06,64.28,0.09
250,2024-04-07 23:30:00,22.05,14.40,14.42,15.35,79.75,10.97,0.00,1.10,94.10,0.09
250,2024-04-07 23:45:00,21.83,13.92,13.88,15.05,80.90,10.66,0.00,1.25,80.40,0.09
250,2024-04-08 00:00:00,21.62,13.52,13.85,14.81,82.20,10.87,0.00,1.63,110.90,0.09
250,2024-04-08 00:15:00,21.42,13.02,13.24,14.44,84.10,10.61,0.00,0.62,54.93,0.08
250,2024-04-08 00:30:00,21.22,12.52,12.67,13.87,84.80,10.18,0.00,0.60,40.94,0.09
250,2024-04-08 00:45:00,21.03,11.83,12.31,13.40,86.50,10.12,0.00,0.62,22.12,0.09
250,2024-04-08 01:00:00,20.85,11.70,12.05,13.05,87.70,10.07,0.00,0.56,69.13,0.09
250,2024-04-08 01:15:00,20.65,11.60,12.01,12.72,89.10,10.27,0.00,0.53,296.30,0.09
250,2024-04-08 01:30:00,20.47,11.53,11.80,12.68,89.40,10.11,0.00,0.49,312.20,0.09
250,2024-04-08 01:45:00,20.31,11.41,11.69,12.29,90.10,10.12,0.00,0.34,255.90,0.09
250,2024-04-08 02:00:00,20.15,11.40,11.61,12.17,90.60,10.13,0.00,0.48,319.90,0.10
250,2024-04-08 02:15:00,19.99,11.30,11.44,12.28,91.00,10.02,0.00,0.74,343.70,0.10
250,2024-04-08 02:30:00,19.85,11.22,11.27,12.17,91.40,9.92,0.00,0.89,336.50,0.10
250,2024-04-08 02:45:00,19.70,11.04,11.26,11.96,92.00,10.01,0.00,0.78,1.65,0.10
250,2024-04-08 03:00:00,19.57,10.81,11.08,11.91,92.30,9.88,0.00,1.33,339.70,0.10
250,2024-04-08 03:15:00,19.43,10.90,10.99,11.67,92.70,9.85,0.00,0.71,284.00,0.10
250,2024-04-08 03:30:00,19.30,10.82,10.86,11.54,93.00,9.77,0.00,1.60,1.55,0.10
250,2024-04-08 03:45:00,19.17,10.68,10.75,11.62,93.10,9.68,0.00,1.25,336.80,0.10
250,2024-04-08 04:00:00,19.05,10.54,10.69,11.39,93.30,9.65,0.00,0.44,2.62,0.11
250,2024-04-08 04:15:00,18.93,10.46,10.75,11.25,93.90,9.81,0.00,0.53,229.30,0.11
250,2024-04-08 04:30:00,18.81,10.84,10.85,11.37,93.70,9.88,0.00,0.51,303.50,0.11
250,2024-04-08 04:45:00,18.69,10.68,10.64,11.24,94.00,9.71,0.00,0.34,203.20,0.11
250,2024-04-08 05:00:00,18.58,10.39,10.62,11.13,94.20,9.73,0.00,0.51,267.20,0.11
250,2024-04-08 05:15:00,18.47,10.44,10.45,11.00,94.30,9.57,0.00,0.41,222.10,0.11
250,2024-04-08 05:30:00,18.36,9.99,10.27,10.95,94.40,9.41,0.00,0.50,281.60,0.11
250,2024-04-08 05:45:00,18.23,10.04,10.33,10.74,94.80,9.53,0.00,1.03,341.80,0.11
250,2024-04-08 06:00:00,18.12,10.22,10.20,10.97,94.70,9.39,0.00,1.65,346.70,0.11
250,2024-04-08 06:15:00,18.00,10.04,10.23,10.82,95.00,9.46,0.00,0.84,323.20,0.11
250,2024-04-08 06:30:00,17.89,9.77,9.90,10.67,94.90,9.12,0.00,0.34,217.40,0.11
250,2024-04-08 06:45:00,17.79,9.97,10.18,10.74,95.30,9.46,0.00,0.45,330.20,0.12
250,2024-04-08 07:00:00,17.68,10.20,10.20,10.66,95.30,9.48,0.00,0.51,18.04,0.64
250,2024-04-08 07:15:00,17.59,10.03,10.06,10.73,95.10,9.31,0.00,0.93,196.00,5.39
250,2024-04-08 07:30:00,17.49,9.93,10.07,10.84,95.50,9.38,0.00,1.08,169.60,18.55
250,2024-04-08 07:45:00,17.40,10.44,10.68,11.35,95.80,10.04,0.00,1.27,184.70,37.58
250,2024-04-08 08:00:00,17.35,11.62,11.77,12.40,96.00,11.15,0.00,0.54,142.00,101.20
250,2024-04-08 08:15:00,17.33,13.19,12.56,13.34,95.70,11.89,0.00,0.80,201.10,165.40
250,2024-04-08 08:30:00,17.35,14.76,14.13,14.64,95.30,13.39,0.00,0.71,80.00,198.80
250,2024-04-08 08:45:00,17.47,15.95,15.10,15.46,92.10,13.83,0.00,2.11,118.90,262.00
250,2024-04-08 09:00:00,17.69,17.04,16.29,16.34,85.70,13.89,0.00,2.18,126.40,244.80
250,2024-04-08 09:15:00,17.96,18.30,18.11,17.40,77.84,14.18,0.00,2.79,120.20,321.20
250,2024-04-08 09:30:00,18.27,18.85,18.57,18.26,74.66,13.99,0.00,4.03,103.70,261.60
250,2024-04-08 09:45:00,18.59,20.37,20.01,19.42,69.37,14.24,0.00,3.51,112.60,398.00
250,2024-04-08 10:00:00,18.94,21.07,20.47,20.17,66.27,13.97,0.00,5.07,114.00,487.70
250,2024-04-08 10:15:00,19.37,21.53,20.89,20.62,64.47,13.95,0.00,5.96,121.10,520.50
250,2024-04-08 10:30:00,19.86,22.12,21.53,21.11,60.50,13.57,0.00,6.65,120.10,590.10
250,2024-04-08 10:45:00,20.39,22.58,22.07,21.47,60.46,14.07,0.00,7.28,132.30,617.00
250,2024-04-08 11:00:00,20.95,23.30,22.39,22.01,58.80,13.94,0.00,7.23,131.80,677.90
250,2024-04-08 11:15:00,21.51,23.71,22.58,22.33,56.40,13.48,0.00,6.75,127.40,718.70
250,2024-04-08 11:30:00,22.10,23.95,22.83,22.62,56.23,13.67,0.00,7.36,126.70,763.90
250,2024-04-08 11:45:00,22.71,24.13,23.03,22.89,55.43,13.63,0.00,8.53,100.60,768.10
250,2024-04-08 12:00:00,23.30,24.59,23.88,23.27,52.55,13.60,0.00,7.03,122.60,785.60
250,2024-04-08 12:15:00,23.85,24.58,23.74,23.39,52.32,13.40,0.00,7.10,117.40,754.40
250,2024-04-08 12:30:00,24.38,24.84,23.97,23.46,53.62,13.99,0.00,9.37,146.00,776.80
250,2024-04-08 12:45:00,24.83,25.22,23.92,23.97,52.09,13.50,0.00,6.86,124.70,763.10
250,2024-04-08 13:00:00,25.26,25.40,24.66,24.14,51.31,13.95,0.00,6.71,120.90,795.20
250,2024-04-08 13:15:00,25.65,25.49,24.53,24.31,50.90,13.71,0.00,7.81,111.80,740.20
250,2024-04-08 13:30:00,26.02,25.58,24.90,24.42,54.28,15.05,0.00,6.88,107.50,737.10
250,2024-04-08 13:45:00,26.29,26.35,25.49,24.92,49.12,14.04,0.00,6.60,125.90,783.40
250,2024-04-08 14:00:00,26.51,26.23,25.25,24.91,51.21,14.47,0.00,7.93,88.10,753.60
250,2024-04-08 14:15:00,26.67,26.00,24.84,24.82,50.62,13.91,0.00,7.49,94.50,632.30
250,2024-04-08 14:30:00,26.76,26.06,24.97,25.00,52.50,14.59,0.00,6.19,89.00,568.60
250,2024-04-08 14:45:00,26.82,25.73,24.76,24.85,53.06,14.56,0.00,6.35,80.70,404.50
250,2024-04-08 15:00:00,26.83,25.06,24.35,24.47,52.25,13.95,0.00,6.42,80.60,293.90
250,2024-04-08 15:15:00,26.76,24.93,24.16,24.39,52.76,13.92,0.00,6.37,77.71,277.70
250,2024-04-08 15:30:00,26.64,24.81,24.32,24.34,52.35,13.95,0.00,6.65,83.60,291.20
250,2024-04-08 15:45:00,26.51,25.17,24.58,24.46,52.21,14.15,0.00,7.72,89.20,428.10
250,2024-04-08 16:00:00,26.43,25.53,24.82,24.71,49.98,13.70,0.00,7.65,90.00,522.50
250,2024-04-08 16:15:00,26.48,25.81,25.14,24.88,49.13,13.73,0.00,7.19,109.00,558.80
250,2024-04-08 16:30:00,26.62,25.71,24.83,24.82,50.34,13.82,0.00,8.05,98.80,544.20
250,2024-04-08 16:45:00,26.78,25.70,24.97,24.89,51.56,14.31,0.00,6.41,107.80,488.60
250,2024-04-08 17:00:00,26.92,26.12,25.30,25.13,48.41,13.65,0.00,6.44,108.60,511.80
250,2024-04-08 17:15:00,27.05,26.05,25.10,25.14,49.15,13.70,0.00,6.40,102.10,446.00
250,2024-04-08 17:30:00,27.17,25.73,24.72,25.02,50.06,13.63,0.00,6.79,112.20,313.80
250,2024-04-08 17:45:00,27.20,25.39,25.20,24.82,50.80,14.30,0.00,6.07,96.70,328.30
250,2024-04-08 18:00:00,27.16,25.74,24.77,25.05,50.33,13.76,0.00,6.53,102.50,311.50
250,2024-04-08 18:15:00,27.11,24.96,24.16,24.54,52.50,13.84,0.00,6.15,92.50,205.60
250,2024-04-08 18:30:00,27.02,24.70,24.02,24.28,53.22,13.92,0.00,7.57,95.80,234.60
250,2024-04-08 18:45:00,26.88,24.09,23.41,23.83,55.97,14.13,0.00,7.96,97.30,143.30
250,2024-04-08 19:00:00,26.71,23.47,22.90,23.40,57.17,13.99,0.00,5.91,95.40,74.58
250,2024-04-08 19:15:00,26.49,23.03,22.62,23.04,58.83,14.17,0.00,5.92,97.10,59.68
250,2024-04-08 19:30:00,26.23,22.54,22.08,22.65,60.88,14.19,0.00,4.37,94.30,34.64
250,2024-04-08 19:45:00,25.95,22.13,21.68,22.29,62.25,14.15,0.00,5.76,95.10,12.83
250,2024-04-08 20:00:00,25.67,21.67,21.31,21.87,63.50,14.11,0.00,5.81,93.70,2.28
250,2024-04-08 20:15:00,25.38,21.19,20.96,21.44,64.39,13.99,0.00,5.64,92.80,0.31
250,2024-04-08 20:30:00,25.09,20.95,20.49,21.16,65.54,13.82,0.00,5.27,96.50,0.09
250,2024-04-08 20:45:00,24.81,20.41,20.08,20.73,66.93,13.75,0.00,3.91,94.60,0.09
250,2024-04-08 21:00:00,24.54,19.79,19.66,20.36,68.34,13.67,0.00,2.80,95.70,0.09
250,2024-04-08 21:15:00,24.29,19.53,19.39,20.06,69.54,13.68,0.00,2.71,97.30,0.09
250,2024-04-08 21:30:00,24.05,19.23,19.08,19.75,70.61,13.62,0.00,2.41,93.70,0.09
250,2024-04-08 21:45:00,23.83,18.70,18.70,19.37,72.21,13.60,0.00,2.36,92.30,0.09
250,2024-04-08 22:00:00,23.62,18.73,18.78,19.18,73.00,13.84,0.00,2.89,106.00,0.09
250,2024-04-08 22:15:00,23.43,18.69,18.58,19.02,74.48,13.96,0.00,3.80,104.70,0.09
250,2024-04-08 22:30:00,23.23,18.68,18.57,19.00,75.17,14.09,0.00,3.83,107.10,0.09
250,2024-04-08 22:45:00,23.05,18.64,18.48,18.91,75.64,14.10,0.00,3.62,112.80,0.09
250,2024-04-08 23:00:00,22.88,18.50,18.20,18.75,76.23,13.95,0.00,3.78,107.40,0.09
250,2024-04-08 23:15:00,22.72,18.12,17.87,18.44,77.99,13.98,0.00,2.64,117.00,0.09
250,2024-04-08 23:30:00,22.56,17.90,17.76,18.17,78.33,13.94,0.00,2.88,121.80,0.09
250,2024-04-08 23:45:00,22.41,17.68,17.48,17.97,79.68,13.93,0.00,2.71,120.90,0.09
250,2024-04-09 00:00:00,22.25,17.47,17.28,17.81,80.50,13.90,0.00,2.61,118.10,0.09
250,2024-04-09 00:15:00,22.11,17.26,17.08,17.59,81.50,13.89,0.00,2.48,119.20,0.09
250,2024-04-09 00:30:00,21.96,17.25,17.09,17.57,81.20,13.84,0.00,3.44,123.10,0.09
250,2024-04-09 00:45:00,21.83,17.27,17.12,17.54,80.90,13.82,0.00,3.14,124.80,0.09
250,2024-04-09 01:00:00,21.70,17.16,17.02,17.51,81.20,13.78,0.00,2.60,126.80,0.09
250,2024-04-09 01:15:00,21.58,17.13,17.11,17.52,81.10,13.84,0.00,2.89,136.30,0.09
250,2024-04-09 01:30:00,21.46,17.07,16.94,17.42,81.70,13.79,0.00,3.12,143.90,0.09
250,2024-04-09 01:45:00,21.34,16.93,16.74,17.26,81.90,13.63,0.00,2.81,141.80,0.10
250,2024-04-09 02:00:00,21.23,16.61,16.54,17.03,82.70,13.59,0.00,1.72,126.40,0.09
250,2024-04-09 02:15:00,21.11,16.26,16.20,16.79,83.80,13.46,0.00,1.14,115.80,0.09
250,2024-04-09 02:30:00,20.99,15.51,15.49,16.47,85.50,13.07,0.00,1.17,90.70,0.09
250,2024-04-09 02:45:00,20.87,15.09,15.31,16.19,87.40,13.23,0.00,1.54,107.70,0.09
250,2024-04-09 03:00:00,20.75,14.80,14.93,15.91,88.20,13.00,0.00,1.15,111.40,0.10
250,2024-04-09 03:15:00,20.62,14.22,14.43,15.50,89.30,12.69,0.00,0.61,85.80,0.09
250,2024-04-09 03:30:00,20.50,14.01,14.16,15.19,90.50,12.63,0.00,0.74,45.65,0.09
250,2024-04-09 03:45:00,20.37,13.87,13.85,15.05,91.10,12.42,0.00,1.15,11.17,0.10
250,2024-04-09 04:00:00,20.26,13.72,13.91,14.58,91.70,12.58,0.00,0.78,94.10,0.10
250,2024-04-09 04:15:00,20.15,13.67,13.71,14.45,91.70,12.38,0.00,0.52,150.70,0.09
250,2024-04-09 04:30:00,20.06,13.83,13.84,14.37,92.40,12.63,0.00,0.46,211.70,0.10
250,2024-04-09 04:45:00,19.99,14.04,14.12,14.63,92.60,12.94,0.00,1.04,190.20,0.10
250,2024-04-09 05:00:00,19.93,14.05,13.88,14.45,92.60,12.70,0.00,0.43,146.30,0.10
250,2024-04-09 05:15:00,19.85,13.70,13.65,14.28,93.00,12.54,0.00,0.50,116.30,0.10
250,2024-04-09 05:30:00,19.76,13.16,13.28,14.00,93.10,12.19,0.00,0.38,141.50,0.10
250,2024-04-09 05:45:00,19.65,13.36,13.41,14.16,93.60,12.40,0.00,1.21,140.60,0.10
250,2024-04-09 06:00:00,19.54,13.19,13.04,13.92,93.50,12.02,0.00,0.59,52.25,0.10
250,2024-04-09 06:15:00,19.42,12.81,12.82,13.40,93.80,11.85,0.00,0.21,42.29,0.10
250,2024-04-09 06:30:00,19.32,12.49,12.78,13.26,94.30,11.89,0.00,0.56,105.70,0.10
250,2024-04-09 06:45:00,19.20,12.78,12.76,13.45,94.40,11.88,0.00,0.96,97.50,0.12
250,2024-04-09 07:00:00,19.10,12.45,12.36,13.17,94.20,11.45,0.00,0.37,173.10,0.64
250,2024-04-09 07:15:00,19.00,11.84,12.57,12.98,95.00,11.79,0.00,0.77,264.70,4.03
250,2024-04-09 07:30:00,18.90,12.25,12.44,12.91,94.90,11.65,0.00,0.36,339.10,15.16
250,2024-04-09 07:45:00,18.81,12.60,12.57,13.33,95.30,11.84,0.00,0.94,346.30,37.87
250,2024-04-09 08:00:00,18.73,13.41,13.50,14.03,95.90,12.86,0.00,0.98,1.85,118.50
250,2024-04-09 08:15:00,18.69,15.52,14.67,15.77,95.40,13.94,0.00,0.58,109.20,138.10
250,2024-04-09 08:30:00,18.71,16.51,15.79,16.34,94.80,14.96,0.00,1.31,155.20,199.90
250,2024-04-09 08:45:00,18.80,17.75,16.96,17.27,92.80,15.79,0.00,2.02,116.10,221.30
250,2024-04-09 09:00:00,18.98,19.02,18.30,18.18,86.00,15.92,0.00,3.18,131.20,286.60
250,2024-04-09 09:15:00,19.23,20.28,19.88,19.30,75.14,15.35,0.00,4.78,140.40,350.40
250,2024-04-09 09:30:00,19.54,21.42,20.74,20.45,72.44,15.61,0.00,4.74,125.20,405.50
250,2024-04-09 09:45:00,19.91,21.91,21.27,20.98,70.16,15.62,0.00,6.84,143.60,457.30
250,2024-04-09 10:00:00,20.28,22.85,22.21,21.78,68.10,16.05,0.00,6.36,141.60,485.60
250,2024-04-09 10:15:00,20.72,23.24,22.58,22.29,63.56,15.33,0.00,9.18,151.40,521.20
250,2024-04-09 10:30:00,21.18,23.63,22.85,22.55,63.09,15.47,0.00,10.23,147.60,591.50
250,2024-04-09 10:45:00,21.66,23.93,23.34,22.78,62.28,15.73,0.00,8.71,149.20,618.20
250,2024-04-09 11:00:00,22.15,24.51,23.98,23.35,57.11,14.98,0.00,10.41,161.00,579.30
250,2024-04-09 11:15:00,22.65,25.08,24.31,23.83,57.52,15.40,0.00,11.47,167.10,642.30
250,2024-04-09 11:30:00,23.11,25.32,24.70,23.90,56.67,15.53,0.00,12.10,176.00,667.70
250,2024-04-09 11:45:00,23.57,25.58,24.58,24.18,56.09,15.26,0.00,10.87,168.80,734.70
250,2024-04-09 12:00:00,24.02,26.09,25.00,24.66,55.42,15.46,0.00,9.30,156.00,766.10
250,2024-04-09 12:15:00,24.50,26.54,25.84,25.00,51.71,15.16,0.00,9.98,156.70,792.20
250,2024-04-09 12:30:00,25.01,26.61,25.46,25.22,53.08,15.22,0.00,9.69,160.60,771.70
250,2024-04-09 12:45:00,25.49,26.93,26.02,25.42,50.06,14.82,0.00,9.12,158.10,772.90
250,2024-04-09 13:00:00,25.94,26.77,25.68,25.37,52.48,15.24,0.00,8.60,141.40,680.00
250,2024-04-09 13:15:00,26.31,26.86,25.88,25.64,51.84,15.24,0.00,8.69,154.10,643.40
250,2024-04-09 13:30:00,26.60,26.77,25.88,25.50,51.69,15.19,0.00,9.20,171.40,540.30
250,2024-04-09 13:45:00,26.77,26.74,26.26,25.65,52.99,15.93,0.00,8.74,162.80,606.30
250,2024-04-09 14:00:00,26.86,27.27,26.13,25.98,51.83,15.46,0.00,9.18,147.90,667.50
250,2024-04-09 14:15:00,26.97,27.24,26.61,26.03,53.30,16.35,0.00,7.76,141.40,662.40
250,2024-04-09 14:30:00,27.10,27.91,26.69,26.50,51.76,15.96,0.00,7.43,138.90,692.50
250,2024-04-09 14:45:00,27.28,27.91,27.01,26.48,52.44,16.46,0.00,7.91,156.40,722.60
250,2024-04-09 15:00:00,27.50,27.52,26.56,26.39,53.55,16.37,0.00,6.79,152.90,549.80
250,2024-04-09 15:15:00,27.72,27.85,27.12,26.79,51.65,16.32,0.00,6.20,153.20,555.80
250,2024-04-09 15:30:00,27.90,27.76,26.77,26.57,50.97,15.79,0.00,7.84,157.80,601.80
250,2024-04-09 15:45:00,28.06,27.97,26.76,26.86,51.97,16.09,0.00,6.87,139.20,595.80
250,2024-04-09 16:00:00,28.25,28.29,27.55,27.01,50.46,16.35,0.00,6.06,154.70,647.60
250,2024-04-09 16:15:00,28.44,28.32,27.04,27.16,49.36,15.54,0.00,5.62,126.10,529.30
250,2024-04-09 16:30:00,28.63,27.92,26.71,26.83,50.89,15.71,0.00,5.96,161.40,417.70
250,2024-04-09 16:45:00,28.77,27.83,27.08,26.89,52.24,16.46,0.00,4.27,197.00,448.60
250,2024-04-09 17:00:00,28.82,28.55,27.79,27.43,48.88,16.07,0.00,3.86,147.30,528.40
250,2024-04-09 17:15:00,28.90,28.45,27.17,27.50,50.60,16.05,0.00,4.09,129.20,432.20
250,2024-04-09 17:30:00,29.01,27.83,26.81,27.08,53.40,16.56,0.00,4.26,192.20,274.90
250,2024-04-09 17:45:00,29.03,27.24,26.67,26.73,51.87,15.97,0.00,5.84,179.40,179.60
250,2024-04-09 18:00:00,28.94,27.30,26.51,26.81,52.19,15.92,0.00,3.27,140.80,142.00
250,2024-04-09 18:15:00,28.77,26.96,26.20,26.63,54.00,16.17,0.00,5.07,119.50,134.70
250,2024-04-09 18:30:00,28.58,26.48,25.78,26.23,54.01,15.78,0.00,5.27,109.40,97.10
250,2024-04-09 18:45:00,28.37,26.14,25.58,25.96,54.90,15.85,0.00,4.58,110.50,75.74
250,2024-04-09 19:00:00,28.14,25.89,25.38,25.75,54.60,15.58,0.00,9.96,106.80,74.98
250,2024-04-09 19:15:00,27.92,25.62,25.10,25.54,54.97,15.43,0.00,4.44,107.80,70.74
250,2024-04-09 19:30:00,27.68,25.28,24.70,25.24,56.65,15.52,0.00,4.42,103.30,52.79
250,2024-04-09 19:45:00,27.46,24.73,24.18,24.82,59.27,15.74,0.00,4.31,106.20,21.66
250,2024-04-09 20:00:00,27.22,24.10,23.74,24.36,60.76,15.72,0.00,3.50,93.30,2.93
250,2024-04-09 20:15:00,26.97,24.00,23.62,24.13,62.45,16.03,0.00,5.69,91.10,0.31
250,2024-04-09 20:30:00,26.71,23.68,23.24,23.74,64.88,16.27,0.00,6.37,93.10,0.10
250,2024-04-09 20:45:00,26.48,23.34,22.96,23.38,65.84,16.24,0.00,6.84,90.30,0.09
250,2024-04-09 21:00:00,26.27,22.97,22.53,23.03,67.06,16.12,0.00,6.33,90.70,0.09
250,2024-04-09 21:15:00,26.06,22.46,22.05,22.62,69.03,16.11,0.00,6.42,98.10,0.09
250,2024-04-09 21:30:00,25.85,21.97,21.56,22.17,70.55,15.98,0.00,5.18,100.10,0.08
250,2024-04-09 21:45:00,25.63,21.59,21.34,21.80,72.18,16.13,0.00,4.60,111.70,0.09
250,2024-04-09 22:00:00,25.41,21.46,21.25,21.65,71.96,16.00,0.00,4.53,116.70,0.09
250,2024-04-09 22:15:00,25.20,21.28,20.93,21.49,72.89,15.89,0.00,4.00,109.60,0.09
250,2024-04-09 22:30:00,25.00,20.70,20.37,21.04,75.73,15.95,0.00,3.44,116.40,0.09
250,2024-04-09 22:45:00,24.80,20.31,20.14,20.68,76.49,15.88,0.00,2.95,114.80,0.09
250,2024-04-09 23:00:00,24.61,20.32,20.27,20.57,74.30,15.55,0.00,4.88,127.90,0.09
250,2024-04-09 23:15:00,24.42,20.44,20.21,20.63,73.69,15.37,0.00,4.99,127.80,0.09
250,2024-04-09 23:30:00,24.24,20.02,19.76,20.29,75.21,15.25,0.00,3.73,122.10,0.09
250,2024-04-09 23:45:00,24.07,19.86,19.77,20.12,74.91,15.20,0.00,4.03,125.10,0.09
250,2024-04-10 00:00:00,23.89,19.87,19.70,20.06,74.96,15.14,0.00,4.05,134.30,0.09
250,2024-04-10 00:15:00,23.74,19.81,19.59,20.00,75.67,15.18,0.00,4.24,136.00,0.09
250,2024-04-10 00:30:00,23.59,19.67,19.53,19.88,75.99,15.19,0.00,3.96,134.50,0.09
250,2024-04-10 00:45:00,23.45,19.67,19.43,19.83,76.50,15.20,0.00,4.63,136.40,0.09
250,2024-04-10 01:00:00,23.32,19.54,19.30,19.69,76.90,15.15,0.00,6.18,147.00,0.09
250,2024-04-10 01:15:00,23.20,19.34,19.05,19.47,78.18,15.16,0.00,5.88,152.80,0.09
250,2024-04-10 01:30:00,23.08,19.08,18.81,19.25,79.15,15.12,0.00,5.64,149.20,0.09
250,2024-04-10 01:45:00,22.96,18.80,18.50,18.97,80.70,15.12,0.00,4.06,142.90,0.09
250,2024-04-10 02:00:00,22.85,18.46,18.23,18.69,81.70,15.05,0.00,3.28,137.40,0.09
250,2024-04-10 02:15:00,22.73,18.18,17.93,18.44,82.70,14.95,0.00,3.27,137.10,0.09
250,2024-04-10 02:30:00,22.61,17.96,17.73,18.20,83.50,14.90,0.00,3.49,136.10,0.09
250,2024-04-10 02:45:00,22.49,17.87,17.67,18.06,84.10,14.95,0.00,3.31,130.70,0.09
250,2024-04-10 03:00:00,22.38,17.77,17.62,17.98,84.60,15.00,0.00,2.94,125.40,0.08
250,2024-04-10 03:15:00,22.28,17.71,17.46,17.91,85.20,14.95,0.00,3.25,139.40,0.09
250,2024-04-10 03:30:00,22.18,17.48,17.28,17.72,86.00,14.92,0.00,2.55,131.20,0.09
250,2024-04-10 03:45:00,22.08,17.49,17.25,17.65,86.50,14.98,0.00,3.14,140.40,0.09
250,2024-04-10 04:00:00,21.98,17.44,17.21,17.56,86.60,14.96,0.00,2.83,131.20,0.09
250,2024-04-10 04:15:00,21.90,17.26,17.07,17.49,87.30,14.94,0.00,2.40,121.90,0.09
250,2024-04-10 04:30:00,21.81,17.04,16.96,17.39,88.30,15.01,0.00,2.30,119.60,0.09
250,2024-04-10 04:45:00,21.72,17.01,16.84,17.35,88.20,14.88,0.00,2.35,132.70,0.08
250,2024-04-10 05:00:00,21.63,16.77,16.73,17.24,89.00,14.91,0.00,2.13,137.20,0.09
250,2024-04-10 05:15:00,21.53,16.66,16.50,17.11,89.60,14.79,0.00,1.96,142.00,0.09
250,2024-04-10 05:30:00,21.44,16.34,16.20,16.97,90.20,14.59,0.00,1.91,116.40,0.09
250,2024-04-10 05:45:00,21.34,16.36,16.49,16.86,91.20,15.05,0.00,2.20,121.30,0.09
250,2024-04-10 06:00:00,21.23,16.43,16.26,16.84,91.10,14.81,0.00,2.08,124.00,0.09
250,2024-04-10 06:15:00,21.13,16.52,16.41,16.83,91.70,15.06,0.00,2.18,113.80,0.09
250,2024-04-10 06:30:00,21.05,16.66,16.40,16.91,91.70,15.05,0.00,2.23,148.50,0.09
250,2024-04-10 06:45:00,20.99,16.25,16.02,16.85,91.90,14.70,0.00,2.37,178.10,0.09
250,2024-04-10 07:00:00,20.91,16.13,16.39,16.88,92.30,15.14,0.00,2.27,143.10,0.40
250,2024-04-10 07:15:00,20.85,16.61,16.50,16.94,92.10,15.21,0.00,2.37,143.30,3.69
250,2024-04-10 07:30:00,20.79,16.56,16.39,16.88,92.00,15.09,0.00,1.48,98.00,15.21
250,2024-04-10 07:45:00,20.74,16.63,16.60,16.91,92.40,15.36,0.00,2.07,111.80,40.03
250,2024-04-10 08:00:00,20.68,17.45,17.50,17.36,92.40,16.25,0.00,2.23,126.80,108.30
250,2024-04-10 08:15:00,20.67,18.37,17.77,18.04,90.70,16.23,0.00,2.99,137.50,109.60
250,2024-04-10 08:30:00,20.70,18.67,18.51,18.43,89.10,16.68,0.00,3.82,134.30,119.80
250,2024-04-10 08:45:00,20.76,20.03,19.72,19.39,84.80,17.09,0.00,5.34,141.30,255.40
250,2024-04-10 09:00:00,20.87,21.00,20.69,20.23,81.90,17.49,0.00,6.04,140.60,282.50
250,2024-04-10 09:15:00,21.08,21.98,21.73,21.14,78.87,17.91,0.00,6.58,136.80,356.10
250,2024-04-10 09:30:00,21.35,23.00,22.58,22.07,75.71,18.08,0.00,7.09,140.50,415.30
250,2024-04-10 09:45:00,21.67,23.70,23.14,22.71,73.20,18.08,0.00,7.80,146.30,425.20
250,2024-04-10 10:00:00,21.98,24.04,23.33,23.09,72.86,18.19,0.00,10.36,145.80,499.70
250,2024-04-10 10:15:00,22.36,24.32,23.72,23.33,70.82,18.11,0.00,11.04,153.70,554.50
250,2024-04-10 10:30:00,22.77,24.70,23.84,23.61,69.41,17.91,0.00,12.62,157.60,547.50
250,2024-04-10 10:45:00,23.19,24.65,24.16,23.80,67.75,17.83,0.00,9.48,159.60,408.00
250,2024-04-10 11:00:00,23.54,24.95,24.32,24.07,65.62,17.48,0.00,8.73,162.20,414.10
250,2024-04-10 11:15:00,23.83,25.15,24.40,24.18,66.32,17.72,0.00,9.56,154.30,482.40
250,2024-04-10 11:30:00,24.10,25.95,25.38,24.71,63.60,17.98,0.00,9.72,165.90,653.60
250,2024-04-10 11:45:00,24.44,26.48,25.82,25.27,61.10,17.76,0.00,12.13,164.70,671.60
250,2024-04-10 12:00:00,24.85,26.80,26.13,25.49,57.70,17.15,0.00,12.69,159.60,764.80
250,2024-04-10 12:15:00,25.30,27.12,26.40,25.78,56.96,17.20,0.00,12.88,171.20,751.80
250,2024-04-10 12:30:00,25.75,27.34,26.35,25.94,55.27,16.67,0.00,11.88,145.20,786.70
250,2024-04-10 12:45:00,26.19,27.60,26.57,26.30,56.26,17.16,0.00,12.59,152.70,864.00
250,2024-04-10 13:00:00,26.66,27.93,27.02,26.54,54.22,16.99,0.00,12.31,158.60,885.00
250,2024-04-10 13:15:00,27.13,28.43,27.53,26.95,52.90,17.08,0.00,11.47,151.80,866.00
250,2024-04-10 13:30:00,27.56,28.31,27.37,26.92,52.67,16.86,0.00,11.83,143.70,887.00
250,2024-04-10 13:45:00,27.93,28.29,27.21,27.03,53.46,16.95,0.00,11.19,141.70,662.60
250,2024-04-10 14:00:00,28.15,28.35,27.97,27.25,49.45,16.42,0.00,10.97,160.10,664.80
250,2024-04-10 14:15:00,28.19,29.17,28.22,27.70,49.84,16.77,0.00,11.67,164.70,859.00
250,2024-04-10 14:30:00,28.22,29.53,28.50,28.02,50.12,17.12,0.00,12.00,172.50,887.00
250,2024-04-10 14:45:00,28.33,29.40,28.77,28.06,49.62,17.21,0.00,8.75,156.20,740.30
250,2024-04-10 15:00:00,28.52,29.09,27.44,28.00,50.33,16.21,0.00,9.67,165.10,437.20
250,2024-04-10 15:15:00,28.72,28.82,27.93,27.86,50.81,16.81,0.00,8.25,161.00,415.20
250,2024-04-10 15:30:00,28.79,29.40,28.12,28.16,48.99,16.41,0.00,8.83,165.80,618.20
250,2024-04-10 15:45:00,28.90,29.46,28.71,28.34,49.51,17.12,0.00,8.28,147.10,548.40
250,2024-04-10 16:00:00,29.04,29.01,28.24,28.17,50.11,16.88,0.00,8.26,155.20,290.50
250,2024-04-10 16:15:00,29.15,29.78,28.78,28.62,49.73,17.25,0.00,7.93,158.60,599.60
250,2024-04-10 16:30:00,29.24,29.92,28.84,28.67,49.61,17.27,0.00,9.64,164.70,569.50
250,2024-04-10 16:45:00,29.40,30.23,29.05,28.92,48.47,17.09,0.00,8.29,158.90,626.90
250,2024-04-10 17:00:00,29.58,30.01,28.81,28.83,48.55,16.90,0.00,9.97,149.30,556.40
250,2024-04-10 17:15:00,29.77,29.90,28.75,28.80,48.12,16.71,0.00,10.57,159.60,441.60
250,2024-04-10 17:30:00,29.88,28.84,28.56,28.30,49.41,16.95,0.00,8.94,157.30,236.40
250,2024-04-10 17:45:00,29.86,28.73,27.96,28.29,49.95,16.57,0.00,9.01,149.30,134.20
250,2024-04-10 18:00:00,29.74,28.58,28.22,28.23,49.87,16.78,0.00,8.48,152.80,155.40
250,2024-04-10 18:15:00,29.55,28.56,27.92,28.25,50.10,16.58,0.00,8.58,151.30,135.10
250,2024-04-10 18:30:00,29.35,28.20,27.71,28.02,51.47,16.81,0.00,7.70,150.70,95.00
250,2024-04-10 18:45:00,29.14,28.22,27.73,27.99,50.52,16.54,0.00,7.49,154.80,92.10
250,2024-04-10 19:00:00,28.94,28.08,27.55,27.92,50.86,16.48,0.00,7.40,148.10,46.04
250,2024-04-10 19:15:00,28.75,27.82,27.30,27.75,51.85,16.55,0.00,5.87,149.30,13.93
250,2024-04-10 19:30:00,28.55,27.59,27.14,27.57,52.36,16.56,0.00,6.10,147.20,8.08
250,2024-04-10 19:45:00,28.35,27.47,27.08,27.46,52.09,16.42,0.00,6.45,153.90,2.60
250,2024-04-10 20:00:00,28.14,27.29,26.89,27.31,52.52,16.37,0.00,6.09,154.70,0.53
250,2024-04-10 20:15:00,27.95,27.06,26.64,27.09,53.98,16.57,0.00,5.42,152.20,0.11
250,2024-04-10 20:30:00,27.77,26.80,26.26,26.83,59.84,17.85,0.00,5.07,138.10,0.08
250,2024-04-10 20:45:00,27.60,26.26,25.78,26.28,65.74,18.89,0.00,6.76,134.30,0.08
250,2024-04-10 21:00:00,27.43,25.74,25.37,25.83,68.37,19.13,0.00,6.27,134.00,0.08
250,2024-04-10 21:15:00,27.26,25.44,25.10,25.54,69.71,19.18,0.00,6.51,138.70,0.08
250,2024-04-10 21:30:00,27.08,25.28,24.89,25.28,69.65,18.97,0.00,7.12,134.90,0.08
250,2024-04-10 21:45:00,26.91,25.07,24.62,25.06,69.82,18.75,0.00,7.32,140.40,0.08
250,2024-04-10 22:00:00,26.77,24.85,24.38,24.84,69.98,18.56,0.00,7.01,135.80,0.08
250,2024-04-10 22:15:00,26.63,24.49,24.11,24.55,70.49,18.41,0.00,6.10,138.30,0.07
250,2024-04-10 22:30:00,26.49,24.23,23.89,24.30,70.84,18.28,0.00,6.25,141.10,0.09
250,2024-04-10 22:45:00,26.34,24.07,23.67,24.14,71.13,18.14,0.00,5.88,134.60,0.08
250,2024-04-10 23:00:00,26.20,23.74,23.43,23.86,71.94,18.09,0.00,4.59,132.80,0.08
250,2024-04-10 23:15:00,26.06,23.45,23.16,23.63,72.79,18.01,0.00,4.00,134.90,0.09
250,2024-04-10 23:30:00,25.91,23.23,22.97,23.39,73.56,18.00,0.00,4.33,127.00,0.09
250,2024-04-10 23:45:00,25.77,22.99,22.69,23.16,74.91,18.02,0.00,3.18,117.70,0.08
250,2024-04-11 00:00:00,25.63,22.74,22.44,22.96,76.33,18.07,0.00,2.56,119.60,0.08
250,2024-04-11 00:15:00,25.51,22.72,22.48,22.85,75.90,18.02,0.00,2.65,128.40,0.08
250,2024-04-11 00:30:00,25.41,22.63,22.38,22.80,76.44,18.04,0.00,3.91,131.90,0.08
250,2024-04-11 00:45:00,25.31,22.65,22.48,22.79,76.39,18.12,0.00,5.00,145.40,0.09
250,2024-04-11 01:00:00,25.20,22.79,22.55,22.89,76.64,18.24,0.00,4.72,146.80,0.09
250,2024-04-11 01:15:00,25.10,22.89,22.82,23.03,75.75,18.32,0.00,5.97,149.70,0.09
250,2024-04-11 01:30:00,25.01,23.24,23.34,23.34,74.86,18.63,0.00,6.85,156.30,0.08
250,2024-04-11 01:45:00,24.93,24.41,24.33,24.52,71.08,18.76,0.00,11.38,164.10,0.08
250,2024-04-11 02:00:00,24.87,24.65,24.32,24.68,70.91,18.71,0.00,12.92,165.80,0.08
250,2024-04-11 02:15:00,24.83,24.55,24.16,24.57,71.13,18.61,0.00,13.20,167.10,0.08
250,2024-04-11 02:30:00,24.79,24.41,24.07,24.45,71.20,18.53,0.00,12.58,169.10,0.08
250,2024-04-11 02:45:00,24.76,24.30,23.92,24.30,71.36,18.43,0.00,12.67,166.80,0.09
250,2024-04-11 03:00:00,24.73,24.13,23.78,24.13,71.42,18.31,0.00,13.53,163.60,0.09
250,2024-04-11 03:15:00,24.69,23.96,23.60,23.98,71.82,18.22,0.00,13.50,168.00,0.08
250,2024-04-11 03:30:00,24.65,23.83,23.48,23.86,71.98,18.14,0.00,13.63,169.70,0.09
250,2024-04-11 03:45:00,24.60,23.81,23.46,23.84,71.88,18.10,0.00,14.65,171.60,0.08
250,2024-04-11 04:00:00,24.55,23.69,23.27,23.76,72.77,18.11,0.00,14.37,172.90,0.08
250,2024-04-11 04:15:00,24.50,23.60,23.26,23.66,73.38,18.24,0.00,15.96,175.30,0.08
250,2024-04-11 04:30:00,24.44,23.47,23.17,23.55,74.11,18.31,0.00,14.72,176.10,0.08
250,2024-04-11 04:45:00,24.38,23.49,23.16,23.52,74.64,18.41,0.00,15.74,174.10,0.08
250,2024-04-11 05:00:00,24.33,23.53,23.16,23.51,75.00,18.49,0.00,15.34,172.90,0.08
250,2024-04-11 05:15:00,24.29,23.50,23.16,23.49,75.09,18.51,0.00,15.49,172.00,0.08
250,2024-04-11 05:30:00,24.27,23.49,23.17,23.50,75.20,18.54,0.00,17.48,177.70,0.08
250,2024-04-11 05:45:00,24.23,23.50,23.26,23.51,74.75,18.53,0.00,15.54,175.50,0.08
250,2024-04-11 06:00:00,24.20,23.67,23.38,23.67,74.11,18.51,0.00,16.99,177.50,0.08
250,2024-04-11 06:15:00,24.17,23.71,23.36,23.70,74.22,18.52,0.00,14.56,175.60,0.08
250,2024-04-11 06:30:00,24.15,23.65,23.28,23.66,74.81,18.56,0.00,15.02,174.10,0.08
250,2024-04-11 06:45:00,24.13,23.63,23.31,23.64,75.23,18.68,0.00,16.47,173.80,0.09
250,2024-04-11 07:00:00,24.11,23.53,23.20,23.53,76.30,18.80,0.00,13.00,170.90,0.28
250,2024-04-11 07:15:00,24.08,23.56,23.20,23.53,77.07,18.96,0.00,15.18,173.40,1.32
250,2024-04-11 07:30:00,24.06,23.62,23.34,23.58,77.40,19.17,0.00,16.90,172.20,6.31
250,2024-04-11 07:45:00,24.04,23.76,23.43,23.71,77.93,19.36,0.00,16.68,174.40,14.62
250,2024-04-11 08:00:00,24.04,23.98,23.68,23.91,77.99,19.62,0.00,17.24,175.50,25.77
250,2024-04-11 08:15:00,24.04,24.07,23.68,24.04,79.62,19.95,0.00,16.62,175.20,11.85
250,2024-04-11 08:30:00,24.05,24.23,23.89,24.23,79.75,20.18,0.00,18.82,182.70,21.03
250,2024-04-11 08:45:00,24.05,24.26,23.95,24.27,80.50,20.39,0.00,16.53,180.60,17.14
250,2024-04-11 09:00:00,24.06,24.22,23.85,24.25,82.10,20.61,0.00,15.76,180.70,10.70
250,2024-04-11 09:15:00,24.06,23.92,23.60,24.04,84.50,20.84,0.00,16.11,187.40,14.95
250,2024-04-11 09:30:00,24.04,23.98,23.81,24.12,84.50,21.04,0.00,15.72,191.20,26.24
250,2024-04-11 09:45:00,24.01,24.09,24.09,24.29,83.90,21.20,0.00,15.59,193.20,11.76
250,2024-04-11 10:00:00,23.98,24.57,24.43,24.77,82.80,21.32,0.00,18.99,200.30,28.13
250,2024-04-11 10:15:00,23.95,24.58,24.26,24.79,84.30,21.44,0.00,16.50,197.00,37.93
250,2024-04-11 10:30:00,23.94,24.75,24.21,24.97,84.80,21.49,0.11,19.09,201.80,14.71
250,2024-04-11 10:45:00,23.91,24.06,23.95,24.37,87.10,21.67,0.13,18.47,192.80,22.38
250,2024-04-11 11:00:00,23.86,24.33,24.13,24.66,86.40,21.72,0.00,20.17,197.60,29.58
250,2024-04-11 11:15:00,23.81,24.34,24.11,24.58,86.40,21.70,0.00,16.30,195.20,23.42
250,2024-04-11 11:30:00,23.79,24.21,23.88,24.40,87.40,21.66,0.01,14.11,199.00,16.42
250,2024-04-11 11:45:00,23.76,23.96,23.69,24.10,88.60,21.70,0.04,12.13,204.10,12.23
250,2024-04-11 12:00:00,23.74,23.87,23.54,23.98,90.00,21.81,0.03,12.93,219.60,16.41
250,2024-04-11 12:15:00,23.71,23.15,22.38,23.27,87.90,20.28,0.08,18.66,249.80,27.58
250,2024-04-11 12:30:00,23.64,22.10,21.73,22.18,89.70,19.96,0.12,19.11,242.20,81.30
250,2024-04-11 12:45:00,23.51,21.86,21.64,21.78,91.00,20.11,0.03,11.12,248.00,112.90
250,2024-04-11 13:00:00,23.44,22.00,21.80,21.89,91.00,20.27,0.00,10.46,226.80,131.00
250,2024-04-11 13:15:00,23.47,23.32,22.96,22.52,89.70,21.18,0.00,10.04,241.60,710.70
250,2024-04-11 13:30:00,23.83,24.30,23.87,23.28,84.90,21.18,0.00,11.52,256.30,715.70
250,2024-04-11 13:45:00,24.31,25.06,24.66,23.92,83.30,21.64,0.00,14.16,252.20,793.10
250,2024-04-11 14:00:00,24.70,25.74,25.04,24.63,76.89,20.71,0.00,14.56,252.40,566.10
250,2024-04-11 14:15:00,24.95,26.19,25.33,25.04,76.56,20.92,0.00,15.91,260.30,620.00
250,2024-04-11 14:30:00,25.13,25.84,25.51,25.12,69.94,19.63,0.00,16.99,254.70,407.20
250,2024-04-11 14:45:00,25.17,26.34,25.45,25.40,68.66,19.27,0.00,17.50,247.80,486.00
250,2024-04-11 15:00:00,25.20,25.98,25.31,25.10,68.41,19.08,0.00,18.23,250.80,533.30
250,2024-04-11 15:15:00,25.21,26.27,25.65,25.13,64.63,18.50,0.00,20.12,248.60,737.40
250,2024-04-11 15:30:00,25.29,26.47,25.57,25.30,56.00,16.16,0.00,22.33,254.00,791.80
250,2024-04-11 15:45:00,25.37,26.77,26.12,25.58,55.71,16.59,0.00,19.93,257.20,763.00
250,2024-04-11 16:00:00,25.42,26.94,25.85,25.76,52.48,15.40,0.00,18.10,256.80,731.50
250,2024-04-11 16:15:00,25.47,26.57,25.61,25.49,56.15,16.23,0.00,20.30,266.30,694.40
250,2024-04-11 16:30:00,25.49,26.58,25.54,25.43,55.23,15.91,0.00,19.58,261.00,661.30
250,2024-04-11 16:45:00,25.48,26.45,25.44,25.41,53.80,15.41,0.00,19.65,258.80,623.10
250,2024-04-11 17:00:00,25.44,26.10,25.52,25.20,54.16,15.59,0.00,19.71,256.90,577.50
250,2024-04-11 17:15:00,25.36,26.24,25.54,25.29,54.56,15.72,0.00,18.92,258.20,528.00
250,2024-04-11 17:30:00,25.27,25.83,24.87,25.06,56.01,15.51,0.00,22.59,254.30,482.10
250,2024-04-11 17:45:00,25.12,25.24,24.66,24.51,58.71,16.05,0.00,22.59,255.30,431.80
250,2024-04-11 18:00:00,24.95,24.88,24.29,24.24,60.53,16.18,0.00,18.67,249.40,345.40
250,2024-04-11 18:15:00,24.79,24.26,23.47,23.83,63.81,16.23,0.00,20.50,246.10,247.70
250,2024-04-11 18:30:00,24.59,23.71,23.05,23.50,65.48,16.24,0.00,19.41,251.00,146.10
250,2024-04-11 18:45:00,24.34,23.49,23.18,23.32,65.12,16.27,0.00,17.13,251.60,142.80
250,2024-04-11 19:00:00,24.08,23.11,22.75,23.07,67.19,16.36,0.00,17.14,248.50,77.62
250,2024-04-11 19:15:00,23.82,22.90,22.59,22.95,67.19,16.20,0.00,18.09,253.10,79.42
250,2024-04-11 19:30:00,23.57,22.49,22.16,22.64,70.22,16.48,0.00,15.82,251.60,26.46
250,2024-04-11 19:45:00,23.32,22.25,22.01,22.43,70.20,16.34,0.00,15.88,245.50,11.62
250,2024-04-11 20:00:00,23.09,21.93,21.64,22.19,71.80,16.34,0.00,14.79,246.70,4.42
250,2024-04-11 20:15:00,22.86,21.78,21.51,22.05,73.03,16.48,0.00,15.03,248.80,0.66
250,2024-04-11 20:30:00,22.65,21.74,21.51,21.97,73.72,16.63,0.00,15.65,245.00,0.10
250,2024-04-11 20:45:00,22.47,21.51,21.27,21.78,74.92,16.65,0.00,13.00,249.90,0.08
250,2024-04-11 21:00:00,22.30,21.39,21.11,21.65,75.87,16.69,0.00,12.57,258.20,0.09
250,2024-04-11 21:15:00,22.16,21.14,20.76,21.34,76.28,16.44,0.00,17.30,265.00,0.08
250,2024-04-11 21:30:00,22.02,20.82,20.68,21.05,74.85,16.06,0.00,14.77,267.20,0.09
250,2024-04-11 21:45:00,21.88,20.57,20.29,20.87,75.46,15.81,0.00,16.33,261.80,0.09
250,2024-04-11 22:00:00,21.72,20.18,20.00,20.54,75.95,15.63,0.00,12.53,262.80,0.09
250,2024-04-11 22:15:00,21.55,19.94,19.85,20.31,75.95,15.49,0.00,11.94,255.20,0.08
250,2024-04-11 22:30:00,21.38,19.72,19.60,20.13,76.49,15.36,0.00,11.89,259.20,0.08
250,2024-04-11 22:45:00,21.22,19.47,19.33,19.92,78.48,15.50,0.00,9.16,252.20,0.08
250,2024-04-11 23:00:00,21.08,19.52,19.32,19.86,78.48,15.49,0.00,11.61,255.30,0.08
250,2024-04-11 23:15:00,20.94,19.19,18.97,19.59,79.67,15.38,0.00,9.71,258.70,0.08
250,2024-04-11 23:30:00,20.83,18.98,18.89,19.41,80.20,15.41,0.00,9.89,254.00,0.08
250,2024-04-11 23:45:00,20.70,18.98,18.87,19.42,79.45,15.24,0.00,10.29,258.30,0.08
250,2024-04-12 00:00:00,20.58,19.00,18.95,19.40,78.43,15.12,0.00,11.04,264.40,0.08
250,2024-04-12 00:15:00,20.46,18.92,18.85,19.33,78.61,15.06,0.00,12.10,265.30,0.08
250,2024-04-12 00:30:00,20.35,18.91,18.89,19.31,77.67,14.91,0.00,12.26,266.10,0.08
250,2024-04-12 00:45:00,20.23,18.99,18.89,19.31,77.22,14.82,0.00,14.84,272.40,0.09
250,2024-04-12 01:00:00,20.13,18.77,18.62,19.15,78.29,14.77,0.00,12.79,270.10,0.08
250,2024-04-12 01:15:00,20.01,18.42,18.26,18.88,79.91,14.74,0.00,10.04,270.20,0.08
250,2024-04-12 01:30:00,19.92,18.36,18.23,18.74,79.91,14.71,0.00,10.52,270.90,0.08
250,2024-04-12 01:45:00,19.82,18.29,18.07,18.65,79.88,14.55,0.00,8.81,278.60,0.08
250,2024-04-12 02:00:00,19.72,18.18,18.18,18.55,78.20,14.32,0.00,8.72,277.50,0.08
250,2024-04-12 02:15:00,19.62,18.25,18.16,18.57,78.08,14.28,0.00,8.19,281.00,0.08
250,2024-04-12 02:30:00,19.54,18.39,18.16,18.60,77.26,14.12,0.00,7.71,293.70,0.08
250,2024-04-12 02:45:00,19.46,18.08,17.62,18.26,72.33,12.59,0.00,8.30,314.40,0.08
250,2024-04-12 03:00:00,19.36,17.64,17.26,17.82,72.16,12.20,0.00,7.73,314.80,0.09
250,2024-04-12 03:15:00,19.22,17.11,16.73,17.32,73.10,11.89,0.00,7.26,311.40,0.08
250,2024-04-12 03:30:00,19.08,16.85,16.64,17.08,71.32,11.43,0.00,6.23,320.30,0.09
250,2024-04-12 03:45:00,18.92,16.48,16.23,16.81,71.94,11.17,0.00,4.97,310.70,0.08
250,2024-04-12 04:00:00,18.76,15.95,15.75,16.41,73.11,10.95,0.00,3.13,309.00,0.08
250,2024-04-12 04:15:00,18.61,15.32,15.21,16.04,75.29,10.87,0.00,2.72,305.40,0.08
250,2024-04-12 04:30:00,18.47,14.50,14.52,15.66,77.50,10.64,0.00,3.06,292.20,0.08
250,2024-04-12 04:45:00,18.33,13.49,14.15,15.24,79.07,10.58,0.00,3.54,281.40,0.08
250,2024-04-12 05:00:00,18.19,13.13,13.67,14.87,81.10,10.49,0.00,3.80,273.20,0.09
250,2024-04-12 05:15:00,18.04,12.55,13.57,14.59,81.20,10.41,0.00,3.59,271.30,0.09
250,2024-04-12 05:30:00,17.91,12.57,13.20,14.38,82.30,10.25,0.00,3.38,269.80,0.08
250,2024-04-12 05:45:00,17.77,12.09,12.51,14.16,85.40,10.13,0.00,4.38,251.50,0.08
250,2024-04-12 06:00:00,17.65,12.04,12.35,13.84,86.60,10.18,0.00,3.45,238.50,0.09
250,2024-04-12 06:15:00,17.54,12.14,12.25,13.42,86.50,10.06,0.00,2.68,235.90,0.11
250,2024-04-12 06:30:00,17.45,12.02,12.18,13.29,86.90,10.06,0.00,3.03,234.10,0.13
250,2024-04-12 06:45:00,17.33,11.78,12.12,13.36,87.30,10.07,0.00,2.60,260.10,0.17
250,2024-04-12 07:00:00,17.24,11.79,12.24,13.44,85.50,9.88,0.00,3.68,259.00,1.22
250,2024-04-12 07:15:00,17.13,12.01,12.49,13.47,84.10,9.88,0.00,3.72,261.30,7.03
250,2024-04-12 07:30:00,17.01,12.43,12.85,13.59,82.70,9.98,0.00,3.80,270.80,17.06
250,2024-04-12 07:45:00,16.90,12.97,13.38,13.91,82.60,10.48,0.00,3.87,265.70,68.27
250,2024-04-12 08:00:00,16.83,14.26,14.13,14.41,80.40,10.81,0.00,4.11,260.70,119.90
250,2024-04-12 08:15:00,16.79,15.03,14.74,14.85,78.01,10.95,0.00,4.79,263.20,167.00
250,2024-04-12 08:30:00,16.84,15.73,15.47,15.38,75.60,11.18,0.00,5.78,261.50,221.40
250,2024-04-12 08:45:00,16.99,16.61,16.41,16.10,73.42,11.65,0.00,7.11,263.80,274.30
250,2024-04-12 09:00:00,17.23,17.56,17.36,16.91,72.54,12.38,0.00,8.79,263.80,328.70
250,2024-04-12 09:15:00,17.52,18.42,18.07,17.64,70.72,12.67,0.00,9.24,264.10,381.10
250,2024-04-12 09:30:00,17.85,19.44,19.05,18.59,68.09,13.03,0.00,8.91,267.50,431.50
250,2024-04-12 09:45:00,18.13,20.10,19.67,19.13,64.92,12.90,0.00,9.93,264.80,481.00
250,2024-04-12 10:00:00,18.47,20.96,20.71,19.87,63.43,13.53,0.00,8.81,264.80,530.10
250,2024-04-12 10:15:00,18.94,21.78,21.10,20.68,55.11,11.75,0.00,9.41,280.60,575.80
250,2024-04-12 10:30:00,19.44,22.02,21.33,21.01,55.84,12.16,0.00,8.41,295.00,619.10
250,2024-04-12 10:45:00,19.95,22.42,21.67,21.41,54.78,12.19,0.00,9.78,296.60,663.80
250,2024-04-12 11:00:00,20.45,22.25,21.23,21.40,56.96,12.37,0.00,7.59,299.40,471.10
250,2024-04-12 11:15:00,20.86,22.17,21.67,21.50,51.64,11.29,0.00,9.79,294.70,432.70
250,2024-04-12 11:30:00,21.10,23.09,22.09,22.15,49.08,10.91,0.00,9.52,295.40,685.50
250,2024-04-12 11:45:00,21.43,23.17,21.80,22.21,48.44,10.45,0.00,10.55,291.60,599.70
250,2024-04-12 12:00:00,21.78,23.61,22.97,22.46,48.54,11.55,0.00,9.91,302.00,848.00
250,2024-04-12 12:15:00,22.20,24.01,23.23,22.82,47.82,11.57,0.00,8.94,303.60,832.00
250,2024-04-12 12:30:00,22.74,24.34,23.21,23.01,47.16,11.34,0.00,9.79,283.20,871.00
250,2024-04-12 12:45:00,23.27,24.53,23.65,23.05,36.35,7.86,0.00,12.47,275.90,876.00
250,2024-04-12 13:00:00,23.76,24.75,23.60,23.04,37.04,8.09,0.00,14.99,273.00,915.00
250,2024-04-12 13:15:00,24.16,25.21,24.19,23.84,38.58,9.22,0.00,8.67,283.60,899.00
250,2024-04-12 13:30:00,24.56,25.40,24.08,23.78,36.70,8.38,0.00,10.77,279.00,931.00
250,2024-04-12 13:45:00,24.85,25.63,24.89,24.12,36.06,8.84,0.00,11.18,276.70,938.00
250,2024-04-12 14:00:00,24.92,25.63,24.49,23.86,38.06,9.28,0.00,16.27,251.40,933.00
250,2024-04-12 14:15:00,24.87,26.14,25.03,24.49,37.22,9.43,0.00,13.05,264.50,920.00
250,2024-04-12 14:30:00,24.90,25.90,25.18,24.44,36.07,9.10,0.00,13.99,283.50,906.00
250,2024-04-12 14:45:00,25.07,26.11,24.89,24.59,34.90,8.35,0.00,13.14,269.80,878.00
250,2024-04-12 15:00:00,25.36,26.33,25.07,24.67,37.39,9.53,0.00,15.11,260.90,874.00
250,2024-04-12 15:15:00,25.69,26.40,25.09,24.78,34.44,8.33,0.00,14.92,270.90,852.00
250,2024-04-12 15:30:00,26.03,26.41,25.40,24.70,38.22,10.15,0.00,15.44,265.30,818.00
250,2024-04-12 15:45:00,26.36,26.25,25.23,24.64,35.52,8.91,0.00,17.50,252.10,786.00
250,2024-04-12 16:00:00,26.61,26.11,24.94,24.64,32.67,7.43,0.00,16.32,264.90,751.00
250,2024-04-12 16:15:00,26.83,25.96,24.87,24.47,31.35,6.76,0.00,17.66,259.30,718.50
250,2024-04-12 16:30:00,26.99,25.72,24.74,24.47,31.51,6.72,0.00,13.53,281.00,679.90
250,2024-04-12 16:45:00,27.11,25.68,25.03,24.37,35.07,8.55,0.00,14.96,271.70,639.20
250,2024-04-12 17:00:00,27.18,25.69,24.48,24.47,32.45,6.93,0.00,12.10,276.80,593.40
250,2024-04-12 17:15:00,27.24,25.37,24.28,24.22,33.46,7.20,0.00,14.91,265.10,545.90
250,2024-04-12 17:30:00,27.24,24.87,23.89,23.78,34.43,7.27,0.00,19.08,259.70,496.70
250,2024-04-12 17:45:00,27.15,24.69,23.77,23.71,32.24,6.21,0.00,18.00,263.80,446.40
250,2024-04-12 18:00:00,27.00,24.41,23.64,23.59,33.05,6.46,0.00,16.22,266.50,393.40
250,2024-04-12 18:15:00,26.82,24.12,23.10,23.37,33.68,6.26,0.00,14.02,274.40,339.20
250,2024-04-12 18:30:00,26.61,23.55,22.83,22.97,34.50,6.37,0.00,14.68,265.70,283.90
250,2024-04-12 18:45:00,26.36,23.10,22.51,22.70,37.08,7.14,0.00,20.31,259.60,228.40
250,2024-04-12 19:00:00,26.08,22.64,22.12,22.43,37.87,7.10,0.00,12.41,261.30,175.60
250,2024-04-12 19:15:00,25.76,22.01,21.68,22.14,39.84,7.45,0.00,11.77,269.30,125.50
250,2024-04-12 19:30:00,25.42,21.44,21.11,21.81,42.04,7.72,0.00,14.75,271.70,78.73
250,2024-04-12 19:45:00,25.07,20.79,20.18,21.32,45.65,8.09,0.00,9.81,267.00,35.66
250,2024-04-12 20:00:00,24.69,19.10,19.19,20.69,49.99,8.52,0.00,6.85,257.90,6.22
250,2024-04-12 20:15:00,24.30,19.01,19.19,20.24,49.42,8.35,0.00,8.48,261.80,1.01
250,2024-04-12 20:30:00,23.90,17.90,18.44,19.71,52.29,8.49,0.00,7.52,261.40,0.12
250,2024-04-12 20:45:00,23.51,17.89,17.70,19.37,55.59,8.71,0.00,7.44,263.40,0.09
250,2024-04-12 21:00:00,23.15,17.39,17.63,18.94,56.49,8.88,0.00,7.86,262.10,0.08
250,2024-04-12 21:15:00,22.80,16.90,17.07,18.60,58.50,8.88,0.00,6.99,261.40,0.09
250,2024-04-12 21:30:00,22.48,15.74,16.46,18.15,61.21,8.97,0.00,6.67,262.40,0.09
250,2024-04-12 21:45:00,22.18,16.49,16.98,17.93,60.64,9.32,0.00,8.41,269.70,0.09
250,2024-04-12 22:00:00,21.88,16.37,16.51,17.69,63.29,9.52,0.00,7.58,271.40,0.09
250,2024-04-12 22:15:00,21.61,16.23,16.47,17.51,64.32,9.72,0.00,7.60,271.70,0.09
250,2024-04-12 22:30:00,21.37,15.90,16.43,17.28,65.16,9.87,0.00,6.24,275.50,0.09
250,2024-04-12 22:45:00,21.13,15.78,15.96,17.06,67.77,10.01,0.00,5.28,277.00,0.08
250,2024-04-12 23:00:00,20.91,15.36,15.72,16.88,69.76,10.22,0.00,6.24,272.30,0.09
250,2024-04-12 23:15:00,20.71,15.21,15.42,16.59,70.73,10.13,0.00,5.73,270.80,0.09
250,2024-04-12 23:30:00,20.50,14.59,15.08,16.33,72.31,10.14,0.00,4.98,274.60,0.09
250,2024-04-12 23:45:00,20.31,14.60,15.37,16.18,73.12,10.58,0.00,3.70,285.60,0.09
250,2024-04-13 00:00:00,20.12,14.90,15.17,15.99,73.50,10.47,0.00,2.23,298.40,0.09
250,2024-04-13 00:15:00,19.95,14.69,15.13,15.83,75.37,10.81,0.00,2.28,292.50,0.09
250,2024-04-13 00:30:00,19.79,14.79,15.13,15.82,76.11,10.95,0.00,2.49,296.30,0.09
250,2024-04-13 00:45:00,19.63,14.87,14.94,15.78,77.01,10.95,0.00,2.38,289.90,0.09
250,2024-04-13 01:00:00,19.47,14.30,14.55,15.57,78.78,10.91,0.00,2.45,278.40,0.09
250,2024-04-13 01:15:00,19.32,13.69,14.15,15.21,81.60,11.05,0.00,2.13,286.20,0.09
250,2024-04-13 01:30:00,19.19,13.68,14.15,14.99,81.90,11.11,0.00,2.26,281.30,0.10
250,2024-04-13 01:45:00,19.06,14.03,14.43,15.23,82.10,11.42,0.00,2.34,300.30,0.11
250,2024-04-13 02:00:00,18.91,14.66,14.86,15.30,80.90,11.61,0.00,3.23,296.40,0.11
250,2024-04-13 02:15:00,18.78,14.54,14.64,15.28,81.00,11.42,0.00,2.76,300.90,0.11
250,2024-04-13 02:30:00,18.65,14.05,14.33,15.11,81.20,11.15,0.00,2.32,293.20,0.11
250,2024-04-13 02:45:00,18.53,14.06,14.43,15.17,79.99,11.02,0.00,3.00,312.50,0.11
250,2024-04-13 03:00:00,18.40,14.38,14.50,15.23,78.92,10.89,0.00,3.29,317.00,0.11
250,2024-04-13 03:15:00,18.28,14.48,14.70,15.31,79.01,11.10,0.00,3.68,310.30,0.12
250,2024-04-13 03:30:00,18.16,14.60,14.63,15.27,79.24,11.08,0.00,3.18,316.30,0.12
250,2024-04-13 03:45:00,18.06,14.87,15.01,15.53,76.22,10.86,0.00,4.60,321.10,0.11
250,2024-04-13 04:00:00,17.96,15.09,15.05,15.59,75.03,10.66,0.00,4.50,319.60,0.11
250,2024-04-13 04:15:00,17.85,15.08,15.11,15.60,73.51,10.41,0.00,4.84,327.90,0.11
250,2024-04-13 04:30:00,17.75,14.97,14.82,15.54,73.05,10.04,0.00,4.10,325.30,0.11
250,2024-04-13 04:45:00,17.66,14.71,14.79,15.38,72.06,9.81,0.00,4.12,324.80,0.12
250,2024-04-13 05:00:00,17.56,14.53,14.53,15.18,72.60,9.67,0.00,3.39,323.50,0.11
250,2024-04-13 05:15:00,17.47,14.20,14.21,14.96,74.47,9.74,0.00,3.31,336.70,0.12
250,2024-04-13 05:30:00,17.37,13.77,13.84,14.72,75.43,9.57,0.00,2.27,329.20,0.12
250,2024-04-13 05:45:00,17.28,13.30,13.43,14.38,76.25,9.34,0.00,1.92,342.10,0.12
250,2024-04-13 06:00:00,17.19,12.75,13.28,14.04,77.41,9.42,0.00,2.19,352.40,0.13
250,2024-04-13 06:15:00,17.08,13.05,13.53,14.06,75.57,9.30,0.00,2.09,340.90,0.14
250,2024-04-13 06:30:00,16.97,12.62,12.38,13.83,76.97,8.46,0.00,1.00,310.70,0.15
250,2024-04-13 06:45:00,16.86,11.67,11.77,13.24,79.19,8.28,0.00,0.63,297.00,0.21
250,2024-04-13 07:00:00,16.76,10.95,11.41,12.74,80.70,8.21,0.00,0.78,281.10,1.47
250,2024-04-13 07:15:00,16.64,10.22,10.35,13.12,81.30,7.29,0.00,1.51,292.50,7.61
250,2024-04-13 07:30:00,16.50,9.73,10.55,13.29,83.40,7.86,0.00,1.20,281.40,17.77
250,2024-04-13 07:45:00,16.40,10.65,11.60,13.52,81.70,8.58,0.00,0.94,168.80,76.42
250,2024-04-13 08:00:00,16.31,12.70,12.78,13.97,81.10,9.62,0.00,1.60,204.30,130.40
250,2024-04-13 08:15:00,16.29,15.21,15.34,15.57,65.78,8.98,0.00,2.13,19.34,179.90
250,2024-04-13 08:30:00,16.30,16.54,16.05,16.17,57.97,7.78,0.00,5.20,2.97,234.90
250,2024-04-13 08:45:00,16.43,17.21,16.64,16.52,56.00,7.83,0.00,4.08,7.09,288.70
250,2024-04-13 09:00:00,16.69,17.97,17.00,16.98,55.87,8.13,0.00,4.00,5.38,343.00
250,2024-04-13 09:15:00,17.03,18.28,17.63,17.38,51.00,7.38,0.00,4.80,11.38,396.90
250,2024-04-13 09:30:00,17.41,18.84,18.27,17.93,48.26,7.16,0.00,5.57,16.08,450.80
250,2024-04-13 09:45:00,17.75,19.55,18.92,18.46,45.09,6.76,0.00,5.53,8.63,502.20
250,2024-04-13 10:00:00,18.14,20.08,19.53,19.01,42.50,6.46,0.00,5.79,12.87,551.90
250,2024-04-13 10:15:00,18.66,20.52,19.70,19.35,40.49,5.91,0.00,5.57,16.22,599.90
250,2024-04-13 10:30:00,19.22,20.87,20.10,19.72,39.43,5.88,0.00,6.62,17.11,645.40
250,2024-04-13 10:45:00,19.82,21.39,20.64,20.25,36.60,5.29,0.00,6.55,17.83,688.20
250,2024-04-13 11:00:00,20.41,21.82,21.26,20.62,37.13,6.05,0.00,7.22,17.79,727.20
250,2024-04-13 11:15:00,21.02,22.56,21.87,21.18,32.71,4.76,0.00,6.74,22.28,764.60
250,2024-04-13 11:30:00,21.64,22.84,21.80,21.44,30.13,3.53,0.00,7.06,35.02,798.20
250,2024-04-13 11:45:00,22.27,23.13,22.38,21.86,36.14,6.65,0.00,5.94,25.63,829.00
250,2024-04-13 12:00:00,22.89,23.19,22.32,21.72,31.20,4.48,0.00,5.94,17.61,856.00
250,2024-04-13 12:15:00,23.52,23.27,22.02,21.90,28.46,2.91,0.00,5.05,342.90,879.00
250,2024-04-13 12:30:00,24.14,23.49,22.14,21.93,33.73,5.44,0.00,6.52,13.50,899.00
250,2024-04-13 12:45:00,24.74,23.55,22.49,22.13,29.16,3.66,0.00,5.26,353.80,916.00
250,2024-04-13 13:00:00,25.30,23.86,22.31,22.44,27.64,2.75,0.00,4.85,329.50,928.00
250,2024-04-13 13:15:00,25.84,24.10,22.83,22.62,28.18,3.47,0.00,4.63,294.20,908.00
250,2024-04-13 13:30:00,26.28,23.82,23.02,22.36,28.89,3.99,0.00,5.70,266.60,939.00
250,2024-04-13 13:45:00,26.55,24.16,23.33,22.71,29.23,4.42,0.00,4.60,266.50,942.00
250,2024-04-13 14:00:00,26.56,24.67,23.31,23.13,26.67,3.10,0.00,3.44,14.64,937.00
250,2024-04-13 14:15:00,26.44,24.80,23.92,23.35,27.58,4.10,0.00,4.46,344.20,929.00
250,2024-04-13 14:30:00,26.39,25.28,23.89,23.82,26.85,3.69,0.00,3.66,325.20,918.00
250,2024-04-13 14:45:00,26.55,25.07,23.69,23.72,26.74,3.46,0.00,3.05,36.40,902.00
250,2024-04-13 15:00:00,26.87,25.48,24.12,23.94,26.34,3.61,0.00,4.02,35.72,881.00
250,2024-04-13 15:15:00,27.27,25.69,24.64,24.29,26.85,4.33,0.00,3.19,295.80,858.00
250,2024-04-13 15:30:00,27.70,25.97,24.87,24.65,29.28,5.77,0.00,3.85,302.70,829.00
250,2024-04-13 15:45:00,28.11,25.92,24.63,24.40,25.22,3.43,0.00,3.68,17.08,799.00
250,2024-04-13 16:00:00,28.48,26.65,24.89,25.13,24.82,3.43,0.00,3.18,333.50,764.20
250,2024-04-13 16:15:00,28.79,26.09,25.44,24.81,29.81,6.53,0.00,3.68,8.27,720.60
250,2024-04-13 16:30:00,29.04,26.82,25.71,25.42,29.07,6.39,0.00,3.48,357.50,687.90
250,2024-04-13 16:45:00,29.24,26.19,24.79,24.84,28.50,5.31,0.00,4.41,48.21,634.70
250,2024-04-13 17:00:00,29.39,26.57,25.38,25.32,25.91,4.45,0.00,3.61,11.14,599.50
250,2024-04-13 17:15:00,29.46,26.75,25.61,25.32,26.40,4.92,0.00,4.62,341.10,549.90
250,2024-04-13 17:30:00,29.48,26.83,25.48,25.32,25.76,4.46,0.00,4.78,348.70,499.50
250,2024-04-13 17:45:00,29.44,27.02,25.49,25.85,25.87,4.52,0.00,3.10,347.60,449.20
250,2024-04-13 18:00:00,29.37,26.74,25.31,25.63,25.43,4.13,0.00,4.51,359.30,395.70
250,2024-04-13 18:15:00,29.25,26.96,25.55,25.99,25.11,4.15,0.00,2.41,352.60,340.90
250,2024-04-13 18:30:00,29.08,26.73,25.35,25.87,25.22,4.04,0.00,3.00,342.90,285.80
250,2024-04-13 18:45:00,28.86,26.30,25.38,25.64,25.65,4.31,0.00,2.32,338.90,231.80
250,2024-04-13 19:00:00,28.61,26.09,24.91,25.72,33.32,7.69,0.00,2.71,261.10,179.10
250,2024-04-13 19:15:00,28.32,24.63,24.18,25.06,32.63,6.74,0.00,3.48,247.60,128.60
250,2024-04-13 19:30:00,27.99,23.66,23.71,24.77,35.70,7.64,0.00,2.08,287.10,81.80
250,2024-04-13 19:45:00,27.63,23.20,22.69,23.88,37.88,7.61,0.00,0.88,279.20,37.62
250,2024-04-13 20:00:00,27.23,20.64,20.05,21.66,46.63,8.28,0.00,0.45,331.50,6.28
250,2024-04-13 20:15:00,26.80,17.74,18.71,20.04,50.91,8.35,0.00,0.55,318.40,1.05
250,2024-04-13 20:30:00,26.36,16.58,17.22,18.67,57.08,8.65,0.00,0.57,84.80,0.12
250,2024-04-13 20:45:00,25.92,15.91,16.90,18.23,60.78,9.28,0.00,0.79,201.50,0.09
250,2024-04-13 21:00:00,25.49,15.42,16.16,17.22,64.58,9.48,0.00,0.61,209.80,0.08
250,2024-04-13 21:15:00,25.09,15.56,15.84,16.53,60.80,8.29,0.00,0.72,139.10,0.08
250,2024-04-13 21:30:00,24.69,14.50,14.91,16.00,64.97,8.39,0.00,0.60,160.80,0.09
250,2024-04-13 21:45:00,24.33,13.88,14.28,15.44,66.27,8.08,0.00,0.75,103.60,0.09
250,2024-04-13 22:00:00,23.98,13.55,13.93,14.94,69.02,8.34,0.00,0.59,184.10,0.08
250,2024-04-13 22:15:00,23.64,12.74,13.40,14.30,70.34,8.11,0.00,1.17,179.20,0.08
250,2024-04-13 22:30:00,23.31,12.12,13.40,15.12,72.19,8.50,0.00,1.93,263.10,0.09
250,2024-04-13 22:45:00,22.99,13.15,13.91,15.16,68.77,8.27,0.00,0.74,222.80,0.08
250,2024-04-13 23:00:00,22.71,13.47,13.89,15.06,69.34,8.37,0.00,0.72,179.50,0.09
250,2024-04-13 23:15:00,22.45,13.17,13.61,15.14,71.19,8.49,0.00,1.46,169.80,0.09
250,2024-04-13 23:30:00,22.19,12.79,13.23,14.85,73.25,8.55,0.00,1.29,157.10,0.09
250,2024-04-13 23:45:00,21.94,12.48,13.00,14.62,75.90,8.85,0.00,1.05,112.20,0.10
250,2024-04-14 00:00:00,21.70,12.43,12.80,14.53,75.91,8.66,0.00,0.46,34.30,0.10
250,2024-04-14 00:15:00,21.47,12.10,12.65,14.31,77.12,8.75,0.00,0.79,46.29,0.09
250,2024-04-14 00:30:00,21.26,11.65,12.20,14.07,78.74,8.62,0.00,0.59,122.80,0.10
250,2024-04-14 00:45:00,21.06,11.48,11.87,13.23,81.10,8.73,0.00,0.52,219.30,0.12
250,2024-04-14 01:00:00,20.86,11.44,11.81,12.83,82.30,8.89,0.00,0.57,141.10,0.12
250,2024-04-14 01:15:00,20.67,11.54,11.87,12.41,83.60,9.18,0.00,0.57,120.20,0.13
250,2024-04-14 01:30:00,20.48,11.27,11.53,12.39,85.50,9.18,0.00,1.11,112.40,0.13
250,2024-04-14 01:45:00,20.30,10.95,11.16,12.29,85.40,8.80,0.00,0.95,100.40,0.13
250,2024-04-14 02:00:00,20.12,10.86,11.08,11.90,85.30,8.71,0.00,0.40,139.30,0.13
250,2024-04-14 02:15:00,19.96,10.61,10.94,11.74,86.50,8.78,0.00,0.63,127.80,0.14
250,2024-04-14 02:30:00,19.79,10.68,11.20,12.05,87.80,9.25,0.00,1.20,78.49,0.14
250,2024-04-14 02:45:00,19.64,10.55,10.94,12.12,88.00,9.03,0.00,0.74,140.00,0.14
250,2024-04-14 03:00:00,19.48,10.48,10.59,11.54,88.80,8.82,0.00,0.37,63.69,0.14
250,2024-04-14 03:15:00,19.33,10.24,10.49,11.35,89.60,8.85,0.00,1.06,193.50,0.14
250,2024-04-14 03:30:00,19.19,10.34,10.57,11.78,90.00,9.00,0.00,1.08,156.10,0.14
250,2024-04-14 03:45:00,19.05,10.41,10.67,11.59,90.30,9.15,0.00,0.64,162.40,0.15
250,2024-04-14 04:00:00,18.91,10.31,10.44,11.38,90.60,8.97,0.00,0.31,19.43,0.14
250,2024-04-14 04:15:00,18.77,10.20,10.58,11.75,91.40,9.24,0.00,0.63,133.70,0.14
250,2024-04-14 04:30:00,18.65,10.21,10.74,11.98,91.20,9.36,0.00,0.63,160.00,0.14
250,2024-04-14 04:45:00,18.53,10.53,10.86,12.47,91.90,9.60,0.00,0.80,326.20,0.15
250,2024-04-14 05:00:00,18.41,10.38,10.71,12.78,91.90,9.45,0.00,1.40,326.00,0.15
250,2024-04-14 05:15:00,18.31,10.86,11.76,13.49,92.60,10.60,0.00,1.47,358.60,0.15
250,2024-04-14 05:30:00,18.19,11.46,12.39,14.02,92.40,11.19,0.00,1.42,358.60,0.14
250,2024-04-14 05:45:00,18.09,11.59,12.00,14.20,91.10,10.59,0.00,0.88,327.50,0.14
250,2024-04-14 06:00:00,18.00,11.89,12.02,14.29,90.10,10.45,0.00,1.64,269.00,0.14
250,2024-04-14 06:15:00,17.90,11.51,11.59,13.76,90.60,10.11,0.00,1.72,253.20,0.13
250,2024-04-14 06:30:00,17.82,11.20,11.29,13.03,91.40,9.94,0.00,1.75,222.90,0.14
250,2024-04-14 06:45:00,17.73,10.83,10.96,12.18,91.50,9.63,0.00,1.08,171.30,0.21
250,2024-04-14 07:00:00,17.63,10.50,10.65,11.82,91.80,9.37,0.00,1.36,158.80,1.62
250,2024-04-14 07:15:00,17.54,10.34,10.51,11.53,92.20,9.30,0.00,0.90,141.60,
250,2024-04-14 07:30:00,17.46,10.27,10.43,11.43,92.70,9.30,0.00,0.79,236.40,26.89
250,2024-04-14 07:45:00,17.37,10.77,11.25,12.06,93.40,10.22,0.00,1.68,197.80,93.10
250,2024-04-14 08:00:00,17.32,12.81,13.16,12.90,94.40,12.28,0.00,1.97,177.00,143.60
250,2024-04-14 08:15:00,17.30,15.02,14.07,14.48,90.50,12.54,0.00,1.65,186.60,190.40
250,2024-04-14 08:30:00,17.36,16.25,15.59,15.86,87.90,13.59,0.00,1.57,233.50,238.10
250,2024-04-14 08:45:00,17.52,17.88,17.14,17.58,79.68,13.60,0.00,1.14,233.70,282.70
250,2024-04-14 09:00:00,17.81,18.99,18.31,18.46,70.42,12.84,0.00,2.12,302.10,333.70
250,2024-04-14 09:15:00,18.17,19.88,19.08,18.99,65.84,12.55,0.00,3.68,341.00,386.20
250,2024-04-14 09:30:00,18.58,20.11,19.63,19.22,64.56,12.77,0.00,4.04,326.60,438.30
250,2024-04-14 09:45:00,18.96,20.85,20.10,19.88,61.50,12.48,0.00,4.48,339.80,488.70
250,2024-04-14 10:00:00,19.38,21.51,20.89,20.44,55.66,11.70,0.00,3.61,336.30,537.00
250,2024-04-14 10:15:00,19.90,22.40,21.49,21.29,57.55,12.77,0.00,3.20,322.30,584.20
250,2024-04-14 10:30:00,20.50,23.14,22.12,22.08,56.69,13.13,0.00,2.32,20.86,628.50
250,2024-04-14 10:45:00,21.14,24.31,23.37,23.16,51.76,12.90,0.00,1.77,339.30,671.30
250,2024-04-14 11:00:00,21.80,24.47,23.46,23.21,47.89,11.80,0.00,3.25,326.80,711.10
250,2024-04-14 11:15:00,22.49,24.89,24.01,23.91,48.53,12.50,0.00,1.88,281.40,747.60
250,2024-04-14 11:30:00,23.17,25.51,24.48,24.47,47.22,12.52,0.00,2.87,208.90,780.50
250,2024-04-14 11:45:00,23.85,26.25,25.20,24.92,42.08,11.42,0.00,2.81,214.50,811.00
250,2024-04-14 12:00:00,24.54,26.95,26.09,25.61,37.35,10.42,0.00,2.97,6.22,839.00
250,2024-04-14 12:15:00,25.21,27.43,26.15,25.72,31.67,8.03,0.00,4.47,2.52,863.00
250,2024-04-14 12:30:00,25.85,27.02,25.61,25.55,33.79,8.51,0.00,4.84,4.26,884.00
250,2024-04-14 12:45:00,26.45,27.25,25.75,25.65,37.19,10.06,0.00,4.39,352.80,899.00
250,2024-04-14 13:00:00,27.01,27.99,26.74,26.33,37.77,11.17,0.00,3.74,345.70,911.00
250,2024-04-14 13:15:00,27.53,28.18,26.84,26.43,36.06,10.56,0.00,3.67,359.60,887.00
250,2024-04-14 13:30:00,28.00,28.28,26.84,26.58,36.54,10.76,0.00,3.81,10.50,917.00
250,2024-04-14 13:45:00,28.31,28.56,27.25,26.80,34.28,10.16,0.00,4.72,344.80,920.00
250,2024-04-14 14:00:00,28.36,28.39,27.12,26.80,31.49,8.78,0.00,4.40,297.40,919.00
250,2024-04-14 14:15:00,28.23,28.77,27.46,27.24,32.05,9.34,0.00,3.57,342.20,909.00
250,2024-04-14 14:30:00,28.18,29.01,27.75,27.33,31.62,9.39,0.00,3.64,352.40,896.00
250,2024-04-14 14:45:00,28.30,29.05,27.63,27.40,29.35,8.19,0.00,4.35,345.10,878.00
250,2024-04-14 15:00:00,28.60,29.11,27.76,27.42,32.40,9.76,0.00,4.49,338.80,857.00
250,2024-04-14 15:15:00,28.97,29.21,27.93,27.82,36.01,11.50,0.00,2.40,337.80,835.00
250,2024-04-14 15:30:00,29.38,29.36,27.86,27.79,30.62,9.01,0.00,4.39,342.80,808.00
250,2024-04-14 15:45:00,29.76,29.22,28.82,27.85,30.05,9.56,0.00,4.04,49.00,778.30
250,2024-04-14 16:00:00,30.09,29.46,28.32,28.20,31.35,9.76,0.00,3.38,32.68,745.20
250,2024-04-14 16:15:00,30.38,29.54,27.96,28.36,29.72,8.66,0.00,3.90,21.70,707.70
250,2024-04-14 16:30:00,30.63,29.41,28.47,28.08,29.65,9.06,0.00,3.07,7.20,668.80
250,2024-04-14 16:45:00,30.81,29.10,27.72,27.98,29.20,8.19,0.00,4.04,67.83,625.30
250,2024-04-14 17:00:00,30.94,29.49,28.47,28.39,31.13,9.79,0.00,3.04,44.05,579.40
250,2024-04-14 17:15:00,31.01,29.73,28.27,28.51,28.63,8.37,0.00,3.82,322.50,502.10
250,2024-04-14 17:30:00,31.04,29.12,28.33,28.40,29.14,8.68,0.00,2.46,241.70,404.00
250,2024-04-14 17:45:00,30.96,29.52,28.60,28.57,27.91,8.28,0.00,2.79,178.30,421.90
250,2024-04-14 18:00:00,30.87,29.33,27.69,28.64,28.96,8.04,0.00,3.69,254.70,329.70
250,2024-04-14 18:15:00,30.74,29.06,27.86,28.72,30.14,8.78,0.00,1.70,289.30,287.70
250,2024-04-14 18:30:00,30.56,28.32,27.42,28.08,33.55,9.99,0.00,2.68,208.10,153.40
250,2024-04-14 18:45:00,30.30,27.09,26.20,27.48,39.96,11.54,0.00,1.96,236.00,78.16
250,2024-04-14 19:00:00,29.97,25.77,25.27,26.70,46.88,13.13,0.00,2.29,227.50,72.06
250,2024-04-14 19:15:00,29.61,24.71,24.18,25.88,48.09,12.52,0.00,2.30,269.70,52.55
250,2024-04-14 19:30:00,29.25,23.95,23.38,25.28,49.80,12.32,0.00,3.43,292.40,29.61
250,2024-04-14 19:45:00,28.88,23.96,24.08,24.65,49.95,13.01,0.00,7.78,273.60,27.05
250,2024-04-14 20:00:00,28.51,23.43,22.90,24.30,55.75,13.60,0.00,6.04,272.10,10.49
250,2024-04-14 20:15:00,28.14,21.78,22.24,23.68,57.82,13.54,0.00,4.96,268.90,1.37
250,2024-04-14 20:30:00,27.78,21.60,22.07,23.29,57.92,13.41,0.00,2.91,290.60,0.12
250,2024-04-14 20:45:00,27.41,20.85,21.50,22.76,59.76,13.36,0.00,2.66,291.60,0.09
250,2024-04-14 21:00:00,27.06,20.30,20.92,22.28,61.33,13.21,0.00,2.75,287.10,0.09
250,2024-04-14 21:15:00,26.70,20.52,21.06,21.89,59.90,12.98,0.00,2.45,301.70,0.09
250,2024-04-14 21:30:00,26.38,20.34,20.23,21.62,66.73,13.85,0.00,2.58,260.60,0.09
250,2024-04-14 21:45:00,26.09,19.78,20.00,21.12,66.03,13.47,0.00,2.09,259.80,0.08
250,2024-04-14 22:00:00,25.83,19.73,19.83,21.08,69.21,14.03,0.00,2.94,257.60,0.08
250,2024-04-14 22:15:00,25.60,19.26,19.48,20.96,70.77,14.04,0.00,2.46,219.90,0.09
250,2024-04-14 22:30:00,25.39,18.88,19.06,20.09,71.05,13.70,0.00,4.00,101.10,0.08
250,2024-04-14 22:45:00,25.18,18.79,18.75,19.73,70.66,13.31,0.00,2.55,52.70,0.09
250,2024-04-14 23:00:00,24.96,18.12,18.28,19.67,73.13,13.39,0.00,2.80,10.73,0.09
250,2024-04-14 23:15:00,24.76,17.89,18.40,19.97,72.09,13.28,0.00,2.44,335.80,0.09
250,2024-04-14 23:30:00,24.56,18.15,18.70,19.90,73.00,13.77,0.00,1.82,126.20,0.09
250,2024-04-14 23:45:00,24.38,17.90,17.86,19.71,77.21,13.82,0.00,1.64,262.30,0.09
250,2024-04-15 00:00:00,24.22,17.83,18.11,19.06,78.31,14.28,0.00,0.63,141.90,0.08
250,2024-04-15 00:15:00,24.06,17.75,17.79,18.83,81.60,14.60,0.00,1.66,260.40,0.09
250,2024-04-15 00:30:00,23.92,17.39,17.26,18.26,79.22,13.63,0.00,1.63,119.50,0.09
250,2024-04-15 00:45:00,23.77,16.99,16.90,17.89,80.80,13.58,0.00,1.65,162.30,0.09
250,2024-04-15 01:00:00,23.62,16.45,16.39,17.38,82.10,13.33,0.00,0.77,44.35,0.09
250,2024-04-15 01:15:00,23.44,15.76,15.72,16.95,85.20,13.24,0.00,1.38,204.70,0.08
250,2024-04-15 01:30:00,23.25,15.23,15.39,16.50,86.80,13.20,0.00,1.46,118.50,0.09
250,2024-04-15 01:45:00,23.07,14.97,15.10,16.27,87.20,12.99,0.00,1.47,205.50,0.08
250,2024-04-15 02:00:00,22.88,14.50,14.79,15.87,88.20,12.86,0.00,1.29,267.80,0.09
250,2024-04-15 02:15:00,22.71,14.52,14.73,15.89,88.50,12.85,0.00,1.40,294.70,0.09
250,2024-04-15 02:30:00,22.57,14.81,15.14,15.76,88.40,13.24,0.00,1.24,164.20,0.09
250,2024-04-15 02:45:00,22.43,15.21,15.10,15.74,88.50,13.22,0.00,1.46,134.40,0.08
250,2024-04-15 03:00:00,22.31,15.01,14.93,15.60,88.70,13.08,0.00,0.96,287.10,0.09
250,2024-04-15 03:15:00,22.18,14.68,14.67,15.48,89.30,12.93,0.00,1.09,273.70,0.09
250,2024-04-15 03:30:00,22.06,14.44,14.44,15.22,89.20,12.68,0.00,0.77,133.70,0.09
250,2024-04-15 03:45:00,21.93,14.20,14.23,14.98,89.60,12.55,0.00,1.09,143.10,0.09
250,2024-04-15 04:00:00,21.79,14.12,14.23,14.88,90.20,12.65,0.00,1.31,134.40,0.09
250,2024-04-15 04:15:00,21.65,14.30,14.22,14.89,90.30,12.65,0.00,0.82,87.20,0.09
250,2024-04-15 04:30:00,21.55,14.35,14.16,14.71,90.80,12.68,0.00,0.93,232.40,0.09
250,2024-04-15 04:45:00,21.46,14.35,14.33,14.68,91.30,12.93,0.00,2.63,277.40,0.09
250,2024-04-15 05:00:00,21.37,14.57,14.40,14.90,90.40,12.85,0.00,2.11,203.50,0.08
250,2024-04-15 05:15:00,21.27,14.33,14.36,14.88,90.00,12.74,0.00,1.41,223.20,0.09
250,2024-04-15 05:30:00,21.16,14.01,13.99,14.97,90.00,12.38,0.00,2.46,225.00,0.09
250,2024-04-15 05:45:00,21.03,13.74,13.74,14.68,90.30,12.18,0.00,0.96,235.90,0.09
250,2024-04-15 06:00:00,20.90,13.43,13.55,14.33,90.90,12.09,0.00,0.76,124.30,0.09
250,2024-04-15 06:15:00,20.76,13.07,13.16,13.90,91.10,11.74,0.00,0.26,178.40,0.09
250,2024-04-15 06:30:00,20.63,12.82,13.03,13.66,91.60,11.70,0.00,0.55,247.90,0.09
250,2024-04-15 06:45:00,20.50,12.46,12.82,13.31,92.40,11.62,0.00,0.64,116.10,0.16
250,2024-04-15 07:00:00,20.37,12.59,12.63,13.35,92.60,11.46,0.00,1.27,178.40,1.39
250,2024-04-15 07:15:00,20.22,12.33,12.39,13.28,93.10,11.31,0.00,1.44,174.80,7.14
250,2024-04-15 07:30:00,20.10,12.44,12.70,13.33,93.50,11.68,0.00,0.91,176.60,30.21
250,2024-04-15 07:45:00,19.98,12.99,13.18,13.72,93.90,12.22,0.00,1.45,182.60,80.40
250,2024-04-15 08:00:00,19.91,14.87,14.47,14.77,93.30,13.40,0.00,0.90,181.30,128.00
250,2024-04-15 08:15:00,19.89,16.43,15.89,16.59,89.90,14.24,0.00,0.61,209.00,173.90
250,2024-04-15 08:30:00,19.92,17.74,17.01,17.52,84.70,14.42,0.00,0.80,184.70,216.20
250,2024-04-15 08:45:00,20.03,18.87,17.82,18.35,82.70,14.84,0.00,0.96,203.20,266.10
250,2024-04-15 09:00:00,20.23,20.21,19.33,19.46,76.77,15.15,0.00,1.57,236.80,319.40
250,2024-04-15 09:15:00,20.51,20.92,20.28,20.25,71.90,15.05,0.00,2.31,228.90,372.20
250,2024-04-15 09:30:00,20.85,21.87,21.36,21.03,65.39,14.61,0.00,3.52,228.10,424.20
250,2024-04-15 09:45:00,21.20,22.74,22.08,21.80,55.52,12.77,0.00,14.75,215.00,475.30
250,2024-04-15 10:00:00,21.58,23.63,22.72,22.71,51.62,12.26,0.00,2.45,233.90,524.80
250,2024-04-15 10:15:00,22.05,24.29,23.21,23.21,46.50,11.12,0.00,2.88,219.90,572.10
250,2024-04-15 10:30:00,22.57,24.73,23.87,23.74,47.01,11.89,0.00,1.93,301.00,610.80
250,2024-04-15 10:45:00,23.13,25.62,24.38,24.81,43.50,11.18,0.00,1.76,187.30,649.50
250,2024-04-15 11:00:00,23.72,25.91,24.83,25.05,44.31,11.87,0.00,1.77,180.30,685.40
250,2024-04-15 11:15:00,24.30,26.22,24.76,25.05,47.73,12.94,0.00,3.53,52.83,728.70
250,2024-04-15 11:30:00,24.89,26.06,24.77,24.78,44.39,11.84,0.00,4.33,26.01,761.30
250,2024-04-15 11:45:00,25.47,26.41,25.64,25.00,45.02,12.84,0.00,3.46,52.50,790.60
250,2024-04-15 12:00:00,26.03,26.75,25.72,25.39,42.10,11.90,0.00,3.36,6.51,820.00
250,2024-04-15 12:15:00,26.61,27.25,25.89,25.56,42.76,12.28,0.00,4.96,355.80,843.00
250,2024-04-15 12:30:00,27.17,27.11,26.25,25.44,43.05,12.71,0.00,5.32,7.01,863.00
250,2024-04-15 12:45:00,27.70,27.49,26.40,26.15,38.71,11.23,0.00,3.49,6.18,880.00
250,2024-04-15 13:00:00,28.20,27.90,26.64,26.44,40.18,12.01,0.00,3.64,333.70,894.00
250,2024-04-15 13:15:00,28.69,28.09,26.80,26.47,37.10,10.95,0.00,4.14,9.01,878.00
250,2024-04-15 13:30:00,29.12,28.23,26.86,26.52,40.17,12.21,0.00,4.98,351.80,906.00
250,2024-04-15 13:45:00,29.40,28.92,27.34,27.26,38.13,11.84,0.00,4.20,3.56,908.00
250,2024-04-15 14:00:00,29.44,28.53,27.48,26.94,38.27,12.02,0.00,5.29,340.20,903.00
250,2024-04-15 14:15:00,29.32,28.89,27.55,27.14,38.07,12.01,0.00,5.52,348.40,893.00
250,2024-04-15 14:30:00,29.22,28.96,27.99,27.23,32.95,10.22,0.00,6.67,349.50,882.00
250,2024-04-15 14:45:00,29.30,29.19,27.55,27.52,35.29,10.86,0.00,6.19,341.10,867.00
250,2024-04-15 15:30:00,30.37,30.32,28.94,28.50,33.80,11.43,0.00,6.68,9.41,782.50
250,2024-04-15 15:45:00,30.56,29.80,28.50,28.16,36.67,12.28,0.00,4.80,342.90,765.10
250,2024-04-15 16:00:00,30.88,29.88,28.34,28.44,35.82,11.78,0.00,3.59,35.57,730.20
250,2024-04-15 16:15:00,31.17,29.84,28.79,28.70,37.02,12.68,0.06,2.43,205.20,692.10
250,2024-04-15 16:30:00,31.40,30.61,29.40,28.73,37.36,13.36,0.00,4.73,353.20,652.60
250,2024-04-15 16:45:00,31.56,30.19,29.01,28.68,35.37,12.18,0.00,3.70,19.98,609.70
250,2024-04-15 17:00:00,31.64,30.30,28.90,29.14,35.95,12.33,0.00,3.84,334.10,563.40
250,2024-04-15 17:15:00,31.69,30.18,29.19,29.01,35.17,12.25,0.00,3.96,297.90,518.20
250,2024-04-15 17:30:00,31.71,30.63,28.98,29.32,33.41,11.29,0.00,3.18,256.50,469.40
250,2024-04-15 17:45:00,31.70,30.53,29.05,29.54,36.17,12.56,0.00,2.56,348.60,416.50
250,2024-04-15 18:00:00,31.65,30.26,29.21,29.25,37.30,13.17,0.00,3.76,346.80,366.80
250,2024-04-15 18:15:00,31.56,30.29,28.91,29.35,36.93,12.75,0.00,3.87,331.90,311.90
250,2024-04-15 18:30:00,31.44,29.79,28.81,28.90,38.64,13.35,0.00,4.22,341.50,262.40
250,2024-04-15 18:45:00,31.25,29.51,28.56,28.89,38.91,13.24,0.00,4.02,353.70,208.20
250,2024-04-15 19:00:00,31.03,29.00,28.09,28.71,39.87,13.19,0.00,3.70,354.80,147.40
250,2024-04-15 19:15:00,30.77,28.20,27.81,28.69,40.82,13.30,0.00,2.12,359.40,103.40
250,2024-04-15 19:30:00,30.49,27.62,26.63,28.40,47.17,14.46,0.00,1.94,356.30,57.60
250,2024-04-15 19:45:00,30.17,25.75,24.80,26.76,51.57,14.16,0.00,1.49,55.24,24.23
250,2024-04-15 20:00:00,29.83,24.12,23.68,25.49,57.33,14.76,0.00,1.31,78.36,5.00
250,2024-04-15 20:15:00,29.47,22.76,22.60,24.03,62.59,15.11,0.00,0.56,317.90,0.87
250,2024-04-15 20:30:00,29.09,22.10,22.12,23.16,62.61,14.66,0.00,1.00,152.30,0.11
250,2024-04-15 20:45:00,28.72,21.31,21.50,22.49,65.83,14.85,0.00,1.44,107.40,0.09
250,2024-04-15 21:00:00,28.36,21.02,21.09,22.44,68.36,15.04,0.00,1.17,143.30,0.09
250,2024-04-15 21:15:00,28.02,20.00,20.21,21.62,72.20,15.05,0.00,1.44,56.46,0.08
250,2024-04-15 21:30:00,27.69,18.80,20.24,21.73,69.13,14.40,0.00,2.89,292.00,0.09
250,2024-04-15 21:45:00,27.38,19.74,20.79,22.89,66.16,14.25,0.00,2.44,255.60,0.09
250,2024-04-15 22:00:00,27.09,19.96,20.85,22.87,65.08,14.05,0.00,1.65,132.70,0.08
250,2024-04-15 22:15:00,26.80,19.46,19.63,22.78,70.40,14.10,0.00,1.27,70.10,0.08
250,2024-04-15 22:30:00,26.55,19.37,19.88,21.67,69.34,14.11,0.00,1.52,280.70,0.08
250,2024-04-15 22:45:00,26.30,19.35,19.46,21.32,69.26,13.69,0.00,1.18,5.58,0.09
250,2024-04-15 23:00:00,26.06,18.76,19.81,21.56,66.55,13.41,0.00,2.25,73.06,0.08
250,2024-04-15 23:15:00,25.83,18.42,17.96,21.29,74.32,13.33,0.00,2.16,233.00,0.08
250,2024-04-15 23:30:00,25.60,17.52,18.23,20.26,73.21,13.36,0.00,1.41,142.80,0.08
250,2024-04-15 23:45:00,25.38,17.82,18.13,20.25,76.57,13.95,0.00,1.65,137.90,0.09
250,2024-04-16 00:00:00,25.18,17.14,17.25,18.90,82.60,14.26,0.00,1.04,129.90,0.09
250,2024-04-16 00:15:00,24.98,17.04,17.41,18.47,79.15,13.76,0.00,1.72,99.20,0.09
250,2024-04-16 00:30:00,24.78,17.22,17.43,18.90,79.33,13.82,0.00,2.14,111.50,0.08
250,2024-04-16 00:45:00,24.59,17.02,17.00,19.34,80.80,13.68,0.00,1.69,153.00,0.09
250,2024-04-16 01:00:00,24.42,16.20,16.61,18.13,85.40,14.15,0.00,0.76,194.40,0.09
250,2024-04-16 01:15:00,24.25,16.53,16.78,17.84,83.20,13.92,0.00,0.52,146.20,0.09
250,2024-04-16 01:30:00,24.08,16.38,16.47,17.44,83.30,13.63,0.00,0.90,70.38,0.09
250,2024-04-16 01:45:00,23.92,16.14,16.21,17.82,82.80,13.28,0.00,0.92,43.75,0.09
250,2024-04-16 02:00:00,23.76,15.64,15.93,17.25,83.90,13.21,0.00,0.94,134.30,0.09
250,2024-04-16 02:15:00,23.61,15.15,15.54,16.88,86.60,13.32,0.00,1.33,251.60,0.08
250,2024-04-16 02:30:00,23.46,14.54,14.70,16.57,87.40,12.63,0.00,0.70,267.00,0.09
250,2024-04-16 02:45:00,23.30,14.37,14.67,15.89,87.90,12.69,0.00,0.33,231.00,0.09
250,2024-04-16 03:00:00,23.14,14.61,15.00,15.77,87.60,12.96,0.00,1.24,208.10,0.08
250,2024-04-16 03:15:00,22.99,14.49,14.67,15.65,88.30,12.76,0.00,1.31,215.60,0.09
250,2024-04-16 03:30:00,22.84,14.27,14.50,15.31,88.60,12.64,0.00,1.76,112.70,0.08
250,2024-04-16 03:45:00,22.71,14.46,14.59,15.39,88.30,12.68,0.00,1.74,118.10,0.09
250,2024-04-16 04:00:00,22.56,14.29,14.47,15.53,88.30,12.56,0.00,0.64,133.60,0.08
250,2024-04-16 04:15:00,22.43,14.11,14.32,15.30,89.50,12.62,0.00,1.91,106.00,0.09
250,2024-04-16 04:30:00,22.29,14.14,14.21,15.01,90.30,12.64,0.00,1.40,134.60,0.08
250,2024-04-16 04:45:00,22.15,13.86,13.93,14.68,90.70,12.44,0.00,0.49,149.10,0.08
250,2024-04-16 05:00:00,22.03,13.48,13.70,14.42,90.90,12.24,0.00,1.12,193.20,0.08
250,2024-04-16 05:15:00,21.89,13.26,13.43,14.31,91.60,12.09,0.00,0.65,172.70,0.08
250,2024-04-16 05:30:00,21.77,13.34,13.40,14.09,92.10,12.14,0.00,0.86,134.80,0.08
250,2024-04-16 05:45:00,21.65,13.33,13.34,13.93,92.40,12.13,0.00,1.04,135.80,0.08
250,2024-04-16 06:00:00,21.52,13.11,13.21,13.95,92.50,12.02,0.00,1.67,117.60,0.09
250,2024-04-16 06:15:00,21.41,13.28,13.31,14.13,92.70,12.15,0.00,1.44,116.10,0.09
250,2024-04-16 06:30:00,21.29,13.04,13.02,14.06,92.50,11.83,0.00,1.03,117.10,0.09
250,2024-04-16 06:45:00,21.18,12.93,13.27,13.93,93.20,12.20,0.00,1.14,119.90,0.20
250,2024-04-16 07:00:00,21.07,13.19,13.16,13.98,93.20,12.09,0.00,1.09,124.80,3.47
250,2024-04-16 07:15:00,20.97,12.78,12.96,13.75,93.40,11.92,0.00,0.59,121.20,14.05
250,2024-04-16 07:30:00,20.86,12.93,13.10,13.92,93.60,12.09,0.00,0.91,108.80,37.92
250,2024-04-16 07:45:00,20.78,13.55,13.80,14.22,94.10,12.87,0.00,0.92,235.30,95.60
250,2024-04-16 08:00:00,20.72,15.10,14.52,15.16,93.60,13.50,0.00,0.60,280.00,112.90
250,2024-04-16 08:15:00,20.72,16.09,15.52,16.03,93.70,14.51,0.00,0.53,239.30,126.80
250,2024-04-16 08:30:00,20.75,17.46,16.78,17.92,93.30,15.69,0.00,0.26,127.30,168.10
250,2024-04-16 08:45:00,20.82,18.64,17.62,18.76,87.30,15.49,0.00,1.52,136.10,250.80
250,2024-04-16 09:00:00,20.97,19.52,18.75,18.78,81.80,15.58,0.00,2.45,145.30,308.90
250,2024-04-16 09:15:00,21.20,20.45,19.98,19.75,78.53,16.14,0.00,1.87,156.60,360.70
250,2024-04-16 09:30:00,21.50,21.88,20.99,21.02,74.03,16.19,0.00,2.37,159.50,427.10
250,2024-04-16 09:45:00,21.83,22.67,21.70,21.88,70.70,16.15,0.00,2.06,145.30,452.10
250,2024-04-16 10:00:00,22.22,23.34,22.41,22.29,67.92,16.20,0.00,3.90,156.60,517.20
250,2024-04-16 10:15:00,22.65,23.78,23.23,22.55,66.18,16.57,0.00,5.35,168.30,533.40
250,2024-04-16 10:30:00,23.13,24.11,23.18,22.85,64.49,16.12,0.00,6.30,160.20,560.00
250,2024-04-16 10:45:00,23.60,24.79,23.62,23.34,61.47,15.79,0.00,5.45,156.10,639.20
250,2024-04-16 11:00:00,24.09,25.08,23.91,23.77,61.70,16.12,0.00,4.25,153.60,679.50
250,2024-04-16 11:15:00,24.60,25.32,24.26,24.08,58.48,15.61,0.00,4.73,144.30,712.90
250,2024-04-16 11:30:00,25.13,25.96,24.83,24.59,57.13,15.78,0.00,4.52,163.70,776.60
250,2024-04-16 11:45:00,25.68,26.64,25.10,25.06,54.71,15.35,0.00,10.27,121.00,806.00
250,2024-04-16 12:00:00,26.26,26.38,25.45,25.15,56.76,16.25,0.00,5.92,102.20,810.00
250,2024-04-16 12:15:00,26.80,27.00,25.76,25.71,50.03,14.58,0.00,5.91,138.30,866.00
250,2024-04-16 12:30:00,27.34,27.40,26.08,26.02,52.35,15.57,0.00,5.64,110.60,875.00
250,2024-04-16 12:45:00,27.87,27.68,26.43,26.29,48.93,14.85,0.00,6.52,121.10,887.00
250,2024-04-16 13:00:00,28.38,28.19,26.95,26.60,51.02,15.97,0.00,6.80,134.50,897.00
250,2024-04-16 13:15:00,28.84,28.41,27.24,26.89,48.36,15.40,0.00,5.62,120.80,877.00
250,2024-04-16 13:30:00,29.28,28.60,27.48,27.07,48.94,15.81,0.00,5.19,94.40,903.00
250,2024-04-16 13:45:00,29.60,29.51,28.34,28.04,47.36,16.08,0.00,5.14,122.40,904.00
250,2024-04-16 14:00:00,29.71,29.29,28.24,27.91,36.43,11.95,0.00,8.73,106.00,899.00
250,2024-04-16 14:15:00,29.64,29.46,28.56,28.26,40.64,13.90,0.00,9.25,84.10,895.00
250,2024-04-16 14:30:00,29.57,29.79,28.44,28.48,41.37,14.07,0.00,7.68,93.90,882.00
250,2024-04-16 14:45:00,29.60,29.63,28.81,28.32,41.48,14.44,0.00,8.16,85.30,865.00
250,2024-04-16 15:00:00,29.79,29.89,28.98,28.66,43.18,15.22,0.00,6.22,119.30,846.00
250,2024-04-16 15:15:00,30.06,30.02,28.98,28.69,45.74,16.12,0.00,7.44,84.20,813.00
250,2024-04-16 15:30:00,30.38,29.99,28.79,28.68,46.26,16.12,0.00,7.25,124.60,771.90
250,2024-04-16 15:45:00,30.67,30.35,29.73,29.14,42.88,15.79,0.00,7.01,116.90,796.30
250,2024-04-16 16:00:00,30.96,30.30,28.64,29.09,44.48,15.38,0.00,6.62,100.10,611.80
250,2024-04-16 16:15:00,31.21,29.68,29.08,28.81,41.99,14.88,0.00,8.70,83.40,576.10
250,2024-04-16 16:30:00,31.33,30.33,29.50,29.27,44.31,16.09,0.00,7.33,92.20,670.90
250,2024-04-16 16:45:00,31.41,30.35,29.38,29.27,41.36,14.91,0.00,7.01,90.90,615.50
250,2024-04-16 17:00:00,31.53,30.33,29.30,29.30,42.17,15.14,0.00,8.47,83.80,562.00
250,2024-04-16 17:15:00,31.61,30.15,29.44,29.27,41.02,14.84,0.00,8.32,83.90,532.30
250,2024-04-16 17:30:00,31.64,29.94,29.09,29.16,41.29,14.62,0.00,8.73,87.50,475.40
250,2024-04-16 17:45:00,31.62,29.99,29.22,29.21,42.06,15.03,0.00,7.11,97.20,431.10
250,2024-04-16 18:00:00,31.57,29.78,28.95,29.10,40.98,14.38,0.00,7.00,86.50,373.20
250,2024-04-16 18:15:00,31.48,29.37,28.43,28.83,42.01,14.30,0.00,5.64,100.30,269.20
250,2024-04-16 18:30:00,31.35,28.77,28.03,28.44,42.84,14.24,0.00,7.25,97.30,219.60
250,2024-04-16 18:45:00,31.17,28.47,27.71,28.15,42.72,13.91,0.00,6.56,107.70,205.90
250,2024-04-16 19:00:00,30.94,27.90,27.24,27.73,43.50,13.76,0.00,7.97,97.70,162.10
250,2024-04-16 19:15:00,30.68,27.21,26.67,27.27,45.69,14.00,0.00,7.46,101.00,109.30
250,2024-04-16 19:30:00,30.41,26.70,26.23,26.76,46.01,13.71,0.00,7.58,101.40,51.76
250,2024-04-16 19:45:00,30.12,25.99,25.45,26.17,48.64,13.86,0.00,5.25,100.50,30.58
250,2024-04-16 20:00:00,29.80,25.10,24.77,25.50,50.33,13.76,0.00,4.83,103.00,4.96
250,2024-04-16 20:15:00,29.46,24.44,24.18,24.90,51.42,13.54,0.00,4.18,100.40,0.67
250,2024-04-16 20:30:00,29.12,23.92,23.71,24.44,52.41,13.40,0.00,3.53,99.00,0.10
250,2024-04-16 20:45:00,28.78,23.36,23.06,23.92,54.35,13.36,0.00,3.18,99.30,0.09
250,2024-04-16 21:00:00,28.46,22.82,22.66,23.38,56.99,13.71,0.00,3.24,113.70,0.09
250,2024-04-16 21:15:00,28.15,22.09,21.94,22.82,60.31,13.91,0.00,3.12,103.20,0.09
250,2024-04-16 21:30:00,27.85,21.42,21.65,22.39,59.70,13.48,0.00,2.69,88.10,0.09
250,2024-04-16 21:45:00,27.56,21.17,21.23,22.09,61.77,13.61,0.00,3.41,97.40,0.08
250,2024-04-16 22:00:00,27.28,21.12,20.99,21.63,64.17,13.97,0.00,3.47,106.30,0.09
250,2024-04-16 22:15:00,27.01,20.86,20.65,21.32,66.06,14.09,0.00,3.46,101.10,0.09
250,2024-04-16 22:30:00,26.77,20.48,20.42,21.03,68.00,14.32,0.00,3.11,106.40,0.09
250,2024-04-16 22:45:00,26.53,20.16,19.83,20.60,70.75,14.37,0.00,2.73,111.30,0.09
250,2024-04-16 23:00:00,26.30,19.63,19.54,20.16,73.00,14.57,0.00,2.80,105.20,0.09
250,2024-04-16 23:15:00,26.08,19.24,19.25,19.79,75.27,14.77,0.00,3.15,103.00,0.09
250,2024-04-16 23:30:00,25.88,19.01,18.99,19.51,77.63,15.00,0.00,2.25,115.80,0.08
250,2024-04-16 23:45:00,25.67,18.75,18.72,19.34,79.14,15.03,0.00,2.47,110.20,0.08
250,2024-04-17 00:00:00,25.46,18.49,18.37,19.18,81.10,15.07,0.00,2.78,110.90,0.09
250,2024-04-17 00:15:00,25.28,18.23,18.33,18.99,82.30,15.26,0.00,1.98,108.70,0.09
250,2024-04-17 00:30:00,25.09,18.04,18.18,18.81,83.50,15.34,0.00,2.31,99.30,0.08
250,2024-04-17 00:45:00,24.90,18.09,18.01,18.69,83.90,15.25,0.00,2.02,101.20,0.09
250,2024-04-17 01:00:00,24.73,18.02,18.04,18.56,84.50,15.39,0.00,2.04,110.50,0.09
250,2024-04-17 01:15:00,24.56,17.49,17.48,18.36,85.90,15.10,0.00,1.40,110.70,0.09
250,2024-04-17 01:30:00,24.40,16.89,17.34,18.08,87.10,15.17,0.00,1.45,129.30,0.08
250,2024-04-17 01:45:00,24.23,16.71,17.07,17.92,87.70,15.02,0.00,1.34,99.40,0.08
250,2024-04-17 02:00:00,24.07,16.02,16.70,17.81,89.40,14.95,0.00,1.79,100.50,0.09
250,2024-04-17 02:15:00,23.91,15.75,16.19,17.63,89.40,14.45,0.00,1.11,104.40,0.09
250,2024-04-17 02:30:00,23.75,15.24,15.70,17.38,90.40,14.13,0.00,0.86,76.18,0.09
250,2024-04-17 02:45:00,23.60,15.10,15.49,17.29,91.10,14.04,0.00,0.76,89.90,0.08
250,2024-04-17 03:00:00,23.45,14.80,15.48,16.91,91.60,14.12,0.00,0.63,54.96,0.08
250,2024-04-17 03:15:00,23.30,14.61,14.91,16.53,92.20,13.66,0.00,0.41,314.60,0.08
250,2024-04-17 03:30:00,23.16,14.21,14.96,16.25,92.90,13.82,0.00,0.71,330.70,0.08
250,2024-04-17 03:45:00,23.03,14.39,14.97,16.08,93.50,13.93,0.00,0.78,71.47,0.08
250,2024-04-17 04:00:00,22.89,14.42,14.77,16.01,93.50,13.73,0.00,0.46,74.39,0.08
250,2024-04-17 04:15:00,22.76,14.03,14.56,15.68,93.30,13.49,0.00,0.61,354.40,0.09
250,2024-04-17 04:30:00,22.62,14.15,14.47,15.79,94.00,13.52,0.00,0.66,96.20,0.09
250,2024-04-17 04:45:00,22.50,14.01,14.50,15.79,94.20,13.58,0.00,0.41,105.60,0.08
250,2024-04-17 05:00:00,22.38,13.89,14.35,15.54,94.40,13.46,0.00,0.81,9.57,0.09
250,2024-04-17 05:15:00,22.26,13.89,14.39,15.40,95.00,13.60,0.00,1.16,15.03,0.09
250,2024-04-17 05:30:00,22.15,14.28,14.53,15.41,94.80,13.71,0.00,1.20,81.20,0.08
250,2024-04-17 05:45:00,22.05,14.35,14.47,15.24,94.60,13.61,0.00,0.75,117.00,0.08
250,2024-04-17 06:00:00,21.94,13.37,13.99,14.85,94.90,13.19,0.00,0.52,132.70,0.08
250,2024-04-17 06:15:00,21.84,13.32,13.86,15.13,95.00,13.07,0.00,0.74,173.90,0.08
250,2024-04-17 06:30:00,21.73,13.50,13.78,14.98,94.70,12.94,0.00,0.69,226.00,0.09
250,2024-04-17 06:45:00,21.63,12.99,13.61,14.90,95.70,12.94,0.00,0.30,222.70,0.23
250,2024-04-17 07:00:00,21.53,13.65,13.61,14.59,95.20,12.86,0.00,0.92,356.50,3.26
250,2024-04-17 07:15:00,21.43,13.61,13.65,14.42,95.70,12.98,0.00,1.39,352.30,10.10
250,2024-04-17 07:30:00,21.34,13.27,13.46,14.30,95.80,12.80,0.00,0.73,313.40,31.38
250,2024-04-17 07:45:00,21.26,13.64,14.07,14.44,96.40,13.51,0.00,0.94,324.20,68.55
250,2024-04-17 08:00:00,21.19,15.20,15.45,15.17,97.10,14.99,0.00,0.56,302.70,122.80
250,2024-04-17 08:15:00,21.18,17.19,16.23,17.11,96.40,15.66,0.00,0.48,295.40,181.70
250,2024-04-17 08:30:00,21.21,18.71,17.76,18.36,96.50,17.20,0.00,0.75,188.30,241.10
250,2024-04-17 08:45:00,21.33,19.93,18.71,19.14,94.10,17.74,0.00,1.83,138.50,283.40
250,2024-04-17 09:00:00,21.51,20.73,19.81,19.92,92.30,18.53,0.00,1.83,148.90,339.60
250,2024-04-17 09:15:00,21.78,21.90,21.34,20.89,86.30,18.96,0.00,3.80,145.10,396.10
250,2024-04-17 09:30:00,22.10,22.97,22.29,21.83,78.15,18.30,0.00,5.09,143.30,443.40
250,2024-04-17 09:45:00,22.46,23.71,22.79,22.60,74.51,18.03,0.00,6.26,148.00,487.30
250,2024-04-17 10:00:00,22.85,23.95,23.20,22.89,73.07,18.11,0.00,8.40,146.30,523.40
250,2024-04-17 10:15:00,23.27,24.48,24.11,23.44,70.31,18.37,0.00,7.47,138.70,563.70
250,2024-04-17 10:30:00,23.68,25.34,24.52,23.92,68.60,18.37,0.00,6.20,142.60,613.50
250,2024-04-17 10:45:00,24.14,25.72,25.02,24.43,67.67,18.63,0.00,5.48,144.70,646.30
250,2024-04-17 11:00:00,24.62,26.17,25.18,24.77,65.97,18.38,0.00,6.74,160.90,693.70
250,2024-04-17 11:15:00,25.13,26.44,25.38,24.98,64.33,18.17,0.00,5.66,130.50,740.60
250,2024-04-17 11:30:00,25.64,26.97,25.81,25.48,60.20,17.52,0.00,6.60,150.00,768.10
250,2024-04-17 11:45:00,26.17,27.04,26.47,25.66,59.12,17.85,0.00,6.29,151.30,803.00
250,2024-04-17 12:00:00,26.71,27.59,26.35,26.02,59.42,17.82,0.00,5.53,143.90,808.00
250,2024-04-17 12:15:00,27.23,27.87,26.84,26.40,55.14,17.09,0.00,5.81,129.90,829.00
250,2024-04-17 12:30:00,27.74,28.52,27.66,26.84,50.83,16.57,0.00,6.17,159.60,835.00
250,2024-04-17 12:45:00,28.23,28.52,27.21,27.10,52.67,16.71,0.00,4.72,138.10,770.50
250,2024-04-17 13:00:00,28.67,28.89,27.97,27.46,49.98,16.59,0.00,5.10,146.80,756.10
250,2024-04-17 13:15:00,29.06,28.96,27.68,27.45,50.63,16.53,0.00,4.79,173.50,810.00
250,2024-04-17 13:30:00,29.41,29.51,28.27,27.96,51.00,17.18,0.00,4.19,176.90,875.00
250,2024-04-17 13:45:00,29.72,29.53,28.48,28.00,48.13,16.46,0.00,5.96,168.70,897.00
250,2024-04-17 14:00:00,29.86,29.99,28.77,28.29,49.50,17.17,0.00,7.06,184.90,917.00
250,2024-04-17 14:15:00,29.84,30.26,28.84,28.50,44.54,15.58,0.00,6.97,166.20,905.00
250,2024-04-17 14:30:00,29.81,30.27,29.28,28.64,44.56,15.98,0.00,5.45,168.80,883.00
250,2024-04-17 14:45:00,29.90,30.44,29.35,28.95,45.33,16.31,0.00,5.65,159.00,818.00
250,2024-04-17 15:00:00,30.13,30.48,29.17,28.91,43.68,15.57,0.00,7.79,181.10,831.00
250,2024-04-17 15:15:00,30.43,30.66,29.99,29.13,40.29,15.05,0.00,6.41,194.50,829.00
250,2024-04-17 15:30:00,30.75,30.99,29.65,29.55,40.95,15.00,0.00,6.05,184.30,797.40
250,2024-04-17 15:45:00,31.07,30.86,30.11,29.27,40.79,15.35,0.00,7.94,196.80,760.20
250,2024-04-17 16:00:00,31.37,31.43,30.23,29.89,40.76,15.45,0.00,5.82,155.40,727.10
250,2024-04-17 16:15:00,31.61,31.62,30.28,30.22,40.39,15.35,0.00,6.14,173.30,645.70
250,2024-04-17 16:30:00,31.83,30.87,30.09,29.66,39.88,14.98,0.00,8.04,203.60,548.70
250,2024-04-17 16:45:00,31.97,31.21,30.16,29.93,40.13,15.14,0.00,7.31,204.60,632.00
250,2024-04-17 17:00:00,32.05,31.29,30.26,30.00,39.00,14.79,0.00,6.73,188.60,576.10
250,2024-04-17 17:15:00,32.13,31.18,30.01,30.13,41.14,15.39,0.00,5.11,160.80,444.80
250,2024-04-17 17:30:00,32.18,30.95,29.83,30.08,39.42,14.57,0.00,7.19,214.20,460.30
250,2024-04-17 17:45:00,32.16,30.75,30.13,29.97,38.00,14.27,0.00,7.59,195.00,431.70
250,2024-04-17 18:00:00,32.12,30.66,30.00,29.93,42.52,15.90,0.00,6.93,203.80,347.30
250,2024-04-17 18:15:00,32.03,30.28,29.69,29.76,40.13,14.72,0.00,6.32,199.40,273.70
250,2024-04-17 18:30:00,31.90,30.38,29.45,29.81,43.01,15.58,0.00,5.97,213.50,264.40
250,2024-04-17 18:45:00,31.74,29.93,29.17,29.51,45.24,16.12,0.00,7.09,198.20,208.00
250,2024-04-17 19:00:00,31.56,29.39,28.81,29.35,44.29,15.46,0.00,5.99,211.40,160.50
250,2024-04-17 19:15:00,31.35,28.73,28.20,29.08,46.47,15.66,0.00,6.09,208.00,114.10
250,2024-04-17 19:30:00,31.11,27.95,27.28,28.70,52.11,16.61,0.00,4.86,209.80,46.91
250,2024-04-17 19:45:00,30.85,26.95,26.27,28.31,57.13,17.12,0.00,3.41,197.50,29.58
250,2024-04-17 20:00:00,30.56,25.61,25.23,27.72,61.00,17.18,0.00,2.79,178.70,5.52
250,2024-04-17 20:15:00,30.26,24.30,24.22,25.84,59.91,15.95,0.00,1.26,294.50,0.76
250,2024-04-17 20:30:00,29.94,23.25,23.02,24.61,64.07,15.87,0.00,0.88,13.92,0.10
250,2024-04-17 20:45:00,29.61,21.38,21.65,23.78,69.95,15.94,0.00,2.08,311.80,0.09
250,2024-04-17 21:00:00,29.29,22.68,23.50,24.45,67.29,17.09,0.00,7.14,272.70,0.09
250,2024-04-17 21:15:00,28.97,23.55,23.71,24.59,67.04,17.23,0.00,5.00,284.90,0.09
250,2024-04-17 21:30:00,28.68,23.34,23.44,24.28,68.44,17.30,0.00,4.34,282.50,0.09
250,2024-04-17 21:45:00,28.41,22.89,22.93,23.86,69.98,17.17,0.00,1.92,296.00,0.09
250,2024-04-17 22:00:00,28.17,22.60,22.83,23.51,70.41,17.17,0.00,1.66,297.80,0.09
250,2024-04-17 22:15:00,27.94,22.50,22.44,23.17,72.42,17.24,0.00,3.96,109.60,0.08
250,2024-04-17 22:30:00,27.72,22.31,22.24,22.96,72.58,17.08,0.00,1.34,92.70,0.09
250,2024-04-17 22:45:00,27.53,21.87,21.84,22.67,73.85,16.97,0.00,0.95,114.20,0.09
250,2024-04-17 23:00:00,27.34,20.86,20.86,21.96,78.95,17.08,0.00,1.35,159.50,0.09
250,2024-04-17 23:15:00,27.16,20.26,20.27,21.24,80.40,16.79,0.00,0.54,144.90,0.08
250,2024-04-17 23:30:00,26.97,19.62,19.73,20.75,83.40,16.84,0.00,0.74,199.80,0.09
250,2024-04-17 23:45:00,26.77,19.27,19.30,20.24,84.80,16.68,0.00,0.25,219.60,0.08
250,2024-04-18 00:00:00,26.59,18.41,18.75,19.65,86.40,16.43,0.00,0.43,295.40,0.09
250,2024-04-18 00:15:00,26.42,18.05,18.18,19.60,86.50,15.89,0.00,1.00,313.20,0.09
250,2024-04-18 00:30:00,26.24,18.12,18.67,19.42,87.20,16.50,0.00,1.14,119.70,0.09
250,2024-04-18 00:45:00,26.07,18.24,18.47,19.41,87.60,16.38,0.00,1.84,144.70,0.09
250,2024-04-18 01:00:00,25.90,18.34,18.51,19.03,88.20,16.52,0.00,1.06,75.38,0.09
250,2024-04-18 01:15:00,25.74,18.17,18.14,18.85,88.70,16.25,0.00,0.79,124.60,0.09
250,2024-04-18 01:30:00,25.60,18.11,17.99,18.76,89.20,16.19,0.00,0.59,97.80,0.08
250,2024-04-18 01:45:00,25.46,18.16,18.16,18.72,89.90,16.48,0.00,1.39,112.60,0.08
250,2024-04-18 02:00:00,25.34,18.29,17.90,18.77,89.50,16.15,0.00,0.98,275.50,0.09
250,2024-04-18 02:15:00,25.24,18.03,17.89,18.59,90.30,16.28,0.00,1.17,302.40,0.08
250,2024-04-18 02:30:00,25.13,18.20,18.04,18.70,90.40,16.45,0.00,1.19,294.00,0.09
250,2024-04-18 02:45:00,25.04,18.30,18.04,18.65,90.30,16.43,0.00,0.82,281.00,0.08
250,2024-04-18 03:00:00,24.96,18.26,18.06,18.61,90.30,16.45,0.00,0.85,341.30,0.09
250,2024-04-18 03:15:00,24.88,18.32,18.10,18.67,90.10,16.45,0.00,1.00,51.50,0.08
250,2024-04-18 03:30:00,24.79,18.37,18.13,18.71,90.10,16.48,0.00,0.90,8.31,0.08
250,2024-04-18 03:45:00,24.72,18.45,18.31,18.73,90.10,16.66,0.00,1.22,118.20,0.09
250,2024-04-18 04:00:00,24.65,18.73,18.46,18.92,90.20,16.83,0.00,1.86,118.40,0.09
250,2024-04-18 04:15:00,24.59,18.70,18.38,18.76,90.40,16.78,0.00,1.07,131.80,0.08
250,2024-04-18 04:30:00,24.52,18.63,18.21,18.66,90.30,16.60,0.00,1.53,152.60,0.08
250,2024-04-18 04:45:00,24.46,18.58,18.38,18.75,90.00,16.71,0.00,2.03,164.10,0.09
250,2024-04-18 05:00:00,24.39,18.70,18.42,18.80,89.50,16.66,0.00,1.80,151.10,0.08
250,2024-04-18 05:15:00,24.33,18.65,18.37,18.76,89.50,16.61,0.00,2.02,197.30,0.08
250,2024-04-18 05:30:00,24.26,18.58,18.37,18.74,89.80,16.67,0.00,1.79,181.80,0.09
250,2024-04-18 05:45:00,24.19,18.71,18.44,18.83,89.60,16.70,0.00,2.67,181.50,0.08
250,2024-04-18 06:00:00,24.13,18.64,18.33,18.80,89.30,16.54,0.00,1.14,120.40,0.08
250,2024-04-18 06:15:00,24.06,18.49,18.33,18.80,89.50,16.57,0.00,2.19,159.10,0.08
250,2024-04-18 06:30:00,23.98,18.03,18.06,18.62,90.10,16.41,0.00,2.18,288.50,0.08
250,2024-04-18 06:45:00,23.90,17.72,17.80,18.49,91.00,16.31,0.00,1.68,196.30,0.14
250,2024-04-18 07:00:00,23.80,17.66,17.61,18.27,91.20,16.16,0.00,1.16,328.40,1.07
250,2024-04-18 07:15:00,23.71,17.23,17.08,17.95,91.40,15.67,0.00,2.10,342.70,7.30
250,2024-04-18 07:30:00,23.60,17.37,17.32,17.73,92.10,16.03,0.00,0.88,17.53,20.76
250,2024-04-18 07:45:00,23.51,17.82,17.76,18.00,92.50,16.53,0.00,0.47,23.26,54.54
250,2024-04-18 08:00:00,23.45,19.24,18.98,18.93,91.90,17.63,0.00,1.27,157.10,153.30
250,2024-04-18 08:15:00,23.44,20.55,19.88,20.14,89.50,18.10,0.00,1.07,187.50,199.70
250,2024-04-18 08:30:00,23.50,21.60,20.71,21.06,85.00,18.10,0.00,1.21,201.90,229.50
250,2024-04-18 08:45:00,23.64,21.71,20.92,21.07,83.60,18.04,0.00,2.66,189.50,165.40
250,2024-04-18 09:00:00,23.80,22.51,21.94,21.65,79.37,18.21,0.00,2.67,191.00,312.90
250,2024-04-18 09:15:00,23.98,23.37,22.66,22.35,75.87,18.19,0.00,4.30,198.50,373.40
250,2024-04-18 09:30:00,24.20,23.99,23.30,22.95,73.49,18.30,0.00,6.93,206.40,422.10
250,2024-04-18 09:45:00,24.46,24.57,23.98,23.38,72.09,18.65,0.00,7.72,212.00,468.90
250,2024-04-18 10:00:00,24.75,25.16,24.50,24.02,69.27,18.51,0.00,7.07,219.70,512.80
250,2024-04-18 10:15:00,25.07,25.65,24.91,24.33,67.52,18.49,0.00,6.92,210.00,557.70
250,2024-04-18 10:30:00,25.43,26.30,25.42,24.99,64.37,18.21,0.00,5.51,196.60,600.80
250,2024-04-18 10:45:00,25.82,26.63,25.78,25.35,63.79,18.41,0.00,4.34,238.40,641.30
250,2024-04-18 11:00:00,26.25,27.28,26.17,25.92,62.35,18.42,0.00,3.72,263.70,680.40
250,2024-04-18 11:15:00,26.72,27.62,26.37,26.38,63.53,18.90,0.00,3.46,338.70,715.60
250,2024-04-18 11:30:00,27.20,28.00,26.66,26.68,62.27,18.86,0.00,3.69,315.80,748.20
250,2024-04-18 11:45:00,27.71,28.00,26.69,26.46,62.95,19.06,0.00,4.38,348.30,779.90
250,2024-04-18 12:00:00,28.20,28.20,26.70,26.89,62.94,19.07,0.00,3.54,336.50,808.00
250,2024-04-18 12:15:00,28.70,28.59,27.61,26.90,62.40,19.79,0.00,4.88,347.90,830.00
250,2024-04-18 12:30:00,29.18,28.94,27.53,27.24,60.63,19.25,0.00,3.47,334.50,849.00
250,2024-04-18 12:45:00,29.65,29.22,27.88,27.78,59.77,19.35,0.00,3.28,95.90,865.00
250,2024-04-18 13:00:00,30.11,29.68,28.58,28.15,58.18,19.57,0.00,3.50,113.30,877.00
250,2024-04-18 13:15:00,30.56,29.87,28.32,28.35,58.35,19.37,0.00,3.52,55.18,861.00
250,2024-04-18 13:30:00,30.99,30.09,29.01,28.52,56.85,19.60,0.00,4.60,60.50,906.00
250,2024-04-18 13:45:00,31.30,30.78,30.07,28.99,56.95,20.62,0.00,4.23,34.84,921.00
250,2024-04-18 14:00:00,31.44,31.25,29.75,29.25,54.29,19.55,0.00,3.97,330.40,837.00
250,2024-04-18 14:15:00,31.40,31.55,30.23,29.79,48.38,18.14,0.00,3.50,28.47,922.00
250,2024-04-18 14:30:00,31.34,31.81,30.26,29.92,46.46,17.53,0.00,4.45,11.75,862.00
250,2024-04-18 14:45:00,31.40,31.75,30.57,29.95,46.69,17.89,0.00,5.52,4.41,871.00
250,2024-04-18 15:00:00,31.60,31.69,29.90,29.88,49.37,18.16,0.00,5.54,341.60,850.00
250,2024-04-18 15:15:00,31.87,31.71,30.26,29.93,47.69,17.94,0.00,4.20,358.50,824.00
250,2024-04-18 15:30:00,32.19,32.08,30.68,30.05,50.17,19.14,0.00,5.46,341.10,823.00
250,2024-04-18 15:45:00,32.50,32.33,30.94,30.54,47.07,18.35,0.00,3.75,349.20,794.20
250,2024-04-18 16:00:00,32.81,32.44,30.53,30.82,44.53,17.10,0.00,4.70,341.70,722.90
250,2024-04-18 16:15:00,33.10,31.87,30.79,30.17,46.39,17.99,0.00,5.91,349.70,637.10
250,2024-04-18 16:30:00,33.32,32.24,30.99,30.58,44.62,17.55,0.00,4.70,352.40,658.90
250,2024-04-18 16:45:00,33.45,31.94,30.74,30.64,46.68,18.04,0.00,2.93,275.80,595.30
250,2024-04-18 17:00:00,33.56,32.08,31.14,31.08,44.13,17.51,0.00,2.95,68.94,587.70
250,2024-04-18 17:15:00,33.66,31.99,30.89,30.96,43.60,17.09,0.00,3.54,177.20,459.00
250,2024-04-18 17:30:00,33.73,32.21,30.41,31.22,44.26,16.90,0.00,2.82,107.60,444.90
250,2024-04-18 17:45:00,33.76,31.12,30.33,30.49,43.87,16.69,0.00,6.31,178.90,243.70
250,2024-04-18 18:00:00,33.72,30.83,30.00,30.35,43.49,16.25,0.00,6.00,180.40,182.70
250,2024-04-18 18:15:00,33.55,30.43,29.90,30.24,42.24,15.71,0.00,4.99,185.20,129.70
250,2024-04-18 18:30:00,33.33,30.46,29.83,30.24,43.66,16.16,0.00,3.64,185.00,110.00
250,2024-04-18 18:45:00,33.06,31.01,30.35,30.56,42.24,16.11,0.00,3.76,198.30,250.50
250,2024-04-18 19:00:00,32.81,30.80,30.00,30.81,44.48,16.61,0.00,3.37,260.20,138.60
250,2024-04-18 19:15:00,32.60,29.95,29.82,30.34,46.27,17.06,0.00,3.09,280.90,111.30
250,2024-04-18 19:30:00,32.39,29.95,29.05,30.63,49.03,17.28,0.00,0.90,1.68,53.52
250,2024-04-18 19:45:00,32.15,28.96,27.46,29.73,59.91,18.99,0.00,1.94,345.60,30.78
250,2024-04-18 20:00:00,31.90,27.23,26.80,28.23,61.87,18.89,0.00,1.46,9.59,8.82
250,2024-04-18 20:15:00,31.64,26.47,26.33,27.50,63.81,18.94,0.00,4.58,286.20,1.51
250,2024-04-18 20:30:00,31.37,26.87,26.67,27.32,63.00,19.05,0.00,4.25,304.60,0.14
250,2024-04-18 20:45:00,31.09,26.67,26.19,26.99,65.98,19.34,0.00,4.76,291.60,0.09
250,2024-04-18 21:00:00,30.82,26.04,25.99,26.58,66.67,19.32,0.00,6.92,277.90,0.09
250,2024-04-18 21:15:00,30.56,25.79,25.52,26.22,68.16,19.22,0.00,6.29,282.00,0.09
250,2024-04-18 21:30:00,30.31,25.83,25.54,26.05,66.64,18.88,0.00,5.27,302.40,0.09
250,2024-04-18 21:45:00,30.06,25.67,25.30,25.82,65.26,18.32,0.00,5.38,317.30,0.09
250,2024-04-18 22:00:00,29.84,25.56,25.31,25.70,65.59,18.41,0.00,5.53,336.90,0.09
250,2024-04-18 22:15:00,29.62,25.63,25.30,25.67,64.05,18.02,0.00,6.18,337.10,0.09
250,2024-04-18 22:30:00,29.43,25.37,24.86,25.40,63.63,17.50,0.00,7.69,330.60,0.08
250,2024-04-18 22:45:00,29.25,25.04,24.56,25.06,63.77,17.25,0.00,6.63,327.80,0.09
250,2024-04-18 23:00:00,29.08,24.65,24.21,24.69,64.97,17.21,0.00,5.80,333.40,0.09
250,2024-04-18 23:15:00,28.92,24.35,23.97,24.41,64.19,16.80,0.00,6.10,330.40,0.09
250,2024-04-18 23:30:00,28.76,24.05,23.64,24.11,65.27,16.75,0.00,4.73,323.30,0.09
250,2024-04-18 23:45:00,28.60,23.74,23.28,23.86,65.87,16.55,0.00,5.10,327.90,0.09
250,2024-04-19 00:00:00,28.44,23.38,23.06,23.63,66.38,16.46,0.00,4.08,331.60,0.08
250,2024-04-19 00:15:00,28.28,22.85,22.59,23.35,68.04,16.40,0.00,2.50,314.90,0.09
250,2024-04-19 00:30:00,28.12,21.64,21.88,22.89,70.97,16.38,0.00,2.16,311.40,0.09
250,2024-04-19 00:45:00,27.93,21.62,21.91,22.69,70.00,16.20,0.00,3.01,319.50,0.09
250,2024-04-19 01:00:00,27.76,20.69,20.88,22.38,73.08,15.88,0.00,1.63,294.70,0.09
250,2024-04-19 01:15:00,27.58,19.74,20.00,21.69,79.82,16.41,0.00,1.68,265.80,0.09
250,2024-04-19 01:30:00,27.41,19.10,18.99,21.20,79.68,15.40,0.00,1.92,274.40,0.09
250,2024-04-19 01:45:00,27.22,18.46,18.82,20.64,81.40,15.57,0.00,0.51,331.20,0.09
250,2024-04-19 02:00:00,27.04,18.17,18.20,20.02,83.90,15.44,0.00,0.89,256.10,0.08
250,2024-04-19 02:15:00,26.87,18.02,18.33,19.59,85.20,15.80,0.00,1.16,226.60,0.09
250,2024-04-19 02:30:00,26.69,17.93,17.96,19.15,85.40,15.48,0.00,0.56,156.20,0.09
250,2024-04-19 02:45:00,26.53,17.57,17.90,18.80,87.30,15.76,0.00,1.25,225.30,0.09
250,2024-04-19 03:00:00,26.37,17.70,17.76,18.44,88.00,15.75,0.00,1.09,225.70,0.08
250,2024-04-19 03:15:00,26.21,17.54,17.42,18.09,88.70,15.54,0.00,0.61,181.70,0.09
250,2024-04-19 03:30:00,26.07,17.33,17.32,18.07,88.90,15.47,0.00,1.68,182.70,0.08
250,2024-04-19 03:45:00,25.91,17.14,17.05,17.94,89.50,15.31,0.00,0.82,245.40,0.09
250,2024-04-19 04:00:00,25.78,16.70,16.64,17.60,90.00,14.99,0.00,1.24,278.40,0.09
250,2024-04-19 04:15:00,25.64,16.20,16.41,17.41,90.40,14.84,0.00,1.09,312.50,0.09
250,2024-04-19 04:30:00,25.50,16.61,16.81,17.32,90.80,15.30,0.00,1.25,261.70,0.08
250,2024-04-19 04:45:00,25.37,17.27,17.29,17.71,90.50,15.72,0.00,1.45,180.10,0.08
250,2024-04-19 05:00:00,25.28,17.39,17.26,17.90,90.00,15.61,0.00,1.56,102.20,0.09
250,2024-04-19 05:15:00,25.18,17.59,17.45,17.85,89.80,15.76,0.00,0.46,132.10,0.08
250,2024-04-19 05:30:00,25.11,17.85,17.65,18.13,89.60,15.92,0.00,1.55,168.90,0.08
250,2024-04-19 05:45:00,25.04,18.06,17.80,18.22,88.80,15.93,0.00,1.20,174.80,0.09
250,2024-04-19 06:00:00,24.99,18.09,17.83,18.21,88.80,15.96,0.00,1.37,308.60,0.09
250,2024-04-19 06:15:00,24.93,18.24,18.04,18.45,88.50,16.11,0.00,1.99,289.20,0.09
250,2024-04-19 06:30:00,24.88,18.44,18.18,18.63,87.60,16.09,0.00,1.38,301.40,0.09
250,2024-04-19 06:45:00,24.83,18.44,18.20,18.55,87.70,16.13,0.00,0.36,217.30,0.19
250,2024-04-19 07:00:00,24.78,18.29,18.03,18.47,87.70,15.96,0.00,0.55,80.90,1.43
250,2024-04-19 07:15:00,24.72,18.29,18.04,18.48,87.80,15.99,0.00,0.77,32.37,6.21
250,2024-04-19 07:30:00,24.67,18.37,18.14,18.53,87.90,16.10,0.00,1.29,319.20,17.02
250,2024-04-19 07:45:00,24.61,18.54,18.37,18.80,87.90,16.33,0.00,0.88,309.00,33.57
250,2024-04-19 08:00:00,24.56,19.01,18.74,19.12,88.10,16.73,0.00,0.54,322.40,55.99
250,2024-04-19 08:15:00,24.52,19.15,18.76,19.34,88.30,16.79,0.00,1.49,293.70,54.66
250,2024-04-19 08:30:00,24.49,20.58,20.41,20.30,85.60,17.92,0.00,2.86,319.40,218.20
250,2024-04-19 08:45:00,24.48,21.48,20.88,20.69,85.60,18.38,0.00,4.55,319.70,275.90
250,2024-04-19 09:00:00,24.55,21.01,20.37,20.56,87.50,18.23,0.00,3.83,321.80,124.00
250,2024-04-19 09:15:00,24.66,21.97,21.51,21.20,85.80,19.03,0.00,3.48,301.20,374.90
250,2024-04-19 09:30:00,24.79,22.74,22.42,21.84,82.70,19.33,0.00,4.71,326.30,347.30
250,2024-04-19 09:45:00,24.97,23.31,22.42,22.31,81.20,19.04,0.00,4.23,324.70,413.80
250,2024-04-19 10:00:00,25.21,23.89,23.21,22.84,79.15,19.40,0.00,4.05,345.70,440.40
250,2024-04-19 10:15:00,25.48,24.97,24.07,23.64,77.44,19.88,0.00,3.90,349.10,573.60
250,2024-04-19 10:30:00,25.81,25.47,24.39,24.23,73.88,19.43,0.00,5.06,353.80,610.70
250,2024-04-19 10:45:00,26.21,26.25,25.27,24.76,71.09,19.66,0.00,4.02,2.85,651.80
250,2024-04-19 11:00:00,26.65,26.56,25.49,24.96,70.61,19.76,0.00,5.18,337.20,691.50
250,2024-04-19 11:15:00,27.10,27.21,26.03,25.52,67.28,19.50,0.00,4.55,351.40,725.70
250,2024-04-19 11:30:00,27.57,27.67,26.33,26.00,66.53,19.61,0.00,3.26,352.30,759.40
250,2024-04-19 11:45:00,28.04,28.25,26.69,26.61,63.79,19.27,0.00,3.85,343.40,784.80
250,2024-04-19 12:00:00,28.54,28.23,26.79,26.77,66.17,19.96,0.00,3.57,346.90,815.00
250,2024-04-19 12:15:00,29.03,28.92,27.63,27.29,60.33,19.26,0.00,3.93,10.88,837.00
250,2024-04-19 12:30:00,29.53,29.25,27.76,27.46,59.26,19.10,0.00,3.90,13.94,859.00
250,2024-04-19 12:45:00,30.00,29.46,27.83,27.72,56.08,18.28,0.00,5.69,358.30,871.00
250,2024-04-19 13:00:00,30.46,29.97,29.08,28.18,52.40,18.36,0.00,4.68,329.10,890.00
250,2024-04-19 13:15:00,30.88,30.26,28.97,28.42,54.04,18.75,0.00,4.62,16.08,870.00
250,2024-04-19 13:30:00,31.26,30.50,29.01,28.75,53.52,18.63,0.00,4.15,338.10,900.00
250,2024-04-19 13:45:00,31.55,30.91,29.56,29.04,44.00,16.04,0.00,6.59,274.50,902.00
250,2024-04-19 14:00:00,31.65,31.23,29.79,29.26,43.70,16.14,0.00,6.37,289.90,897.00
250,2024-04-19 14:15:00,31.60,31.14,29.36,29.24,47.85,17.17,0.00,5.94,262.80,889.00
250,2024-04-19 14:30:00,31.52,31.29,29.91,29.62,48.74,17.97,0.00,4.35,278.40,873.00
250,2024-04-19 14:45:00,31.61,32.27,30.47,30.02,48.05,18.25,0.00,5.12,305.00,858.00
250,2024-04-19 15:00:00,31.79,31.87,30.17,30.13,44.88,16.90,0.04,8.69,235.70,839.00
250,2024-04-19 15:15:00,32.06,32.09,30.55,30.31,43.74,16.84,0.00,7.56,261.50,816.00
250,2024-04-19 15:30:00,32.32,32.31,30.75,30.55,43.43,16.91,0.00,7.20,237.40,786.40
250,2024-04-19 15:45:00,32.57,32.54,31.03,30.58,38.06,15.09,0.00,9.27,250.80,759.20
250,2024-04-19 16:00:00,32.79,32.69,31.05,31.04,38.29,15.20,0.00,6.05,269.00,726.50
250,2024-04-19 16:15:00,33.00,32.67,31.39,31.17,40.09,16.22,0.00,13.45,246.50,672.10
250,2024-04-19 16:30:00,33.19,32.59,31.47,31.03,39.61,16.11,0.00,9.25,245.30,633.20
250,2024-04-19 16:45:00,33.34,32.78,31.47,31.25,40.64,16.51,0.00,6.67,275.00,602.50
250,2024-04-19 17:00:00,33.45,32.65,31.33,31.09,42.05,16.92,0.00,6.92,261.60,545.70
250,2024-04-19 17:15:00,33.53,32.51,30.89,31.21,43.58,17.09,0.00,6.48,295.70,478.40
250,2024-04-19 17:30:00,33.60,32.03,30.72,30.80,48.47,18.62,0.00,7.92,245.40,444.10
250,2024-04-19 17:45:00,33.59,30.90,29.50,30.24,53.98,19.22,0.00,9.60,267.80,149.70
250,2024-04-19 18:00:00,33.53,30.50,30.24,29.78,52.42,19.44,0.00,11.17,260.20,227.90
250,2024-04-19 18:15:00,33.36,30.80,29.72,29.74,55.09,19.75,0.00,12.87,250.70,332.40
250,2024-04-19 18:30:00,33.18,30.18,29.12,29.37,56.14,19.50,0.00,12.26,259.10,260.30
250,2024-04-19 18:45:00,32.99,29.39,28.42,28.77,56.50,18.95,0.00,13.41,254.80,206.90
250,2024-04-19 19:00:00,32.81,28.75,27.93,28.40,57.09,18.66,0.00,12.60,251.90,159.40
250,2024-04-19 19:15:00,32.59,28.20,27.44,27.99,59.94,18.98,0.00,12.37,251.10,102.30
250,2024-04-19 19:30:00,32.34,27.58,26.89,27.59,61.51,18.88,0.00,8.40,252.30,41.71
250,2024-04-19 19:45:00,32.06,26.75,26.08,27.03,54.27,16.14,0.00,8.98,261.50,31.27
250,2024-04-19 20:00:00,31.78,25.98,25.49,26.56,55.35,15.90,0.00,8.35,262.20,8.20
250,2024-04-19 20:15:00,31.46,25.11,24.84,26.04,58.68,16.21,0.00,6.33,256.30,1.61
250,2024-04-19 20:30:00,31.18,24.13,24.25,25.52,65.55,17.39,0.00,3.90,251.30,0.18
250,2024-04-19 20:45:00,30.86,23.98,23.97,24.94,71.94,18.60,0.00,4.41,256.20,0.11
250,2024-04-19 21:00:00,30.57,23.55,23.56,24.55,73.82,18.62,0.00,3.79,273.10,0.11
250,2024-04-19 21:15:00,30.33,22.74,23.14,24.17,75.48,18.57,0.00,3.96,281.00,0.13
250,2024-04-19 21:30:00,30.10,22.52,22.63,23.80,77.39,18.48,0.00,3.18,284.20,0.15
250,2024-04-19 21:45:00,29.83,21.93,22.21,23.47,78.33,18.26,0.00,3.67,276.70,0.15
250,2024-04-19 22:00:00,29.60,21.91,21.88,23.12,78.89,18.05,0.00,5.78,272.20,0.15
250,2024-04-19 22:15:00,29.35,21.59,21.54,22.70,80.40,18.03,0.00,5.78,270.40,0.15
250,2024-04-19 22:30:00,29.11,21.07,21.09,22.47,80.70,17.65,0.00,3.70,279.50,0.15
250,2024-04-19 22:45:00,28.88,21.10,21.30,22.30,81.80,18.07,0.00,4.06,280.40,0.15
250,2024-04-19 23:00:00,28.67,20.77,20.82,22.01,84.20,18.06,0.00,4.22,268.40,0.14
250,2024-04-19 23:15:00,28.44,20.23,20.56,21.75,85.30,18.01,0.00,3.93,275.60,0.15
250,2024-04-19 23:30:00,28.24,20.21,20.54,21.45,86.30,18.17,0.00,2.38,290.60,0.14
250,2024-04-19 23:45:00,28.01,20.09,20.14,21.22,87.00,17.91,0.00,1.82,282.20,0.13
250,2024-04-20 00:00:00,27.79,19.53,19.88,21.00,88.00,17.84,0.00,2.79,270.90,0.12
250,2024-04-20 00:15:00,27.60,19.11,19.50,20.86,88.70,17.59,0.00,3.90,274.60,0.11
250,2024-04-20 00:30:00,27.41,18.58,19.29,20.54,89.80,17.57,0.00,4.46,269.60,0.11
250,2024-04-20 00:45:00,27.24,18.88,19.29,20.35,90.80,17.75,0.00,3.04,274.50,0.12
250,2024-04-20 01:00:00,27.06,18.96,19.18,20.02,91.40,17.75,0.00,0.75,273.90,0.12
250,2024-04-20 01:15:00,26.89,18.81,18.99,19.79,92.00,17.66,0.00,0.56,267.10,0.12
250,2024-04-20 01:30:00,26.74,18.32,18.48,19.71,92.10,17.17,0.00,0.90,177.50,0.13
250,2024-04-20 01:45:00,26.59,17.90,18.38,19.42,92.90,17.21,0.00,0.66,235.50,0.13
250,2024-04-20 02:00:00,26.42,17.72,18.18,19.18,93.40,17.10,0.00,0.51,235.00,0.12
250,2024-04-20 02:15:00,26.24,17.36,17.90,19.28,93.20,16.79,0.00,0.74,238.30,0.12
250,2024-04-20 02:30:00,26.07,16.89,17.55,19.12,93.20,16.44,0.00,0.91,232.90,0.11
250,2024-04-20 02:45:00,25.91,16.86,17.08,18.90,93.40,16.01,0.00,0.84,223.50,0.12
250,2024-04-20 03:00:00,25.77,16.84,17.36,18.57,94.30,16.44,0.00,0.38,319.40,0.12
250,2024-04-20 03:15:00,25.62,16.67,17.17,18.54,94.40,16.26,0.00,0.56,99.70,0.12
250,2024-04-20 03:30:00,25.48,16.05,16.29,18.34,94.40,15.39,0.00,0.33,325.90,0.12
250,2024-04-20 03:45:00,25.34,15.83,16.29,17.63,94.80,15.46,0.00,0.40,219.50,0.13
250,2024-04-20 04:00:00,25.21,16.10,16.39,17.65,95.20,15.62,0.00,0.57,308.30,0.13
250,2024-04-20 04:15:00,25.08,15.71,16.08,18.41,94.80,15.25,0.00,1.22,322.40,0.13
250,2024-04-20 04:30:00,24.95,15.77,16.70,18.58,95.40,15.96,0.00,1.47,331.60,0.14
250,2024-04-20 04:45:00,24.83,16.03,16.71,18.44,94.70,15.86,0.00,0.80,352.40,0.14
250,2024-04-20 05:00:00,24.71,16.40,17.75,18.82,96.20,17.14,0.00,1.50,300.40,0.14
250,2024-04-20 05:15:00,24.60,18.63,19.02,19.20,95.90,18.35,0.00,2.51,307.60,0.14
250,2024-04-20 05:30:00,24.55,19.64,19.45,19.74,95.30,18.68,0.00,3.69,317.10,0.14
250,2024-04-20 05:45:00,24.55,19.84,19.52,19.94,95.10,18.71,0.00,3.27,317.90,0.15
250,2024-04-20 06:00:00,24.56,19.53,19.15,19.83,94.90,18.31,0.00,1.87,299.00,0.14
250,2024-04-20 06:15:00,24.57,18.95,18.94,19.56,95.10,18.14,0.00,0.91,327.30,0.15
250,2024-04-20 06:30:00,24.53,18.87,18.72,19.55,95.10,17.92,0.00,1.67,265.90,0.15
250,2024-04-20 06:45:00,24.49,18.94,18.81,19.44,95.30,18.04,0.00,2.15,217.40,0.36
250,2024-04-20 07:00:00,24.45,19.02,18.60,19.36,94.90,17.77,0.00,1.62,209.80,2.55
250,2024-04-20 07:15:00,24.42,18.51,18.27,18.94,95.40,17.52,0.00,1.86,241.40,9.64
250,2024-04-20 07:30:00,24.39,18.44,18.33,18.98,95.60,17.62,0.00,1.30,338.70,23.06
250,2024-04-20 07:45:00,24.35,18.43,18.24,18.95,95.50,17.51,0.00,0.74,83.30,40.01
250,2024-04-20 08:00:00,24.31,18.47,18.55,19.04,96.00,17.90,0.00,0.53,212.00,58.19
250,2024-04-20 08:15:00,24.27,19.52,19.26,19.43,96.00,18.61,0.00,0.65,329.00,95.80
250,2024-04-20 08:30:00,24.28,20.42,19.77,20.08,95.50,19.03,0.00,3.30,2.19,147.50
250,2024-04-20 08:45:00,24.35,20.69,19.97,20.21,95.40,19.21,0.00,4.93,347.10,149.50
250,2024-04-20 09:00:00,24.46,20.74,19.94,20.25,95.00,19.12,0.00,4.68,333.70,131.70
250,2024-04-20 09:15:00,24.59,21.16,20.39,20.58,94.80,19.53,0.00,2.90,337.60,172.40
250,2024-04-20 09:30:00,24.69,21.54,20.56,20.83,94.00,19.56,0.00,2.97,326.70,220.30
250,2024-04-20 09:45:00,24.84,22.36,21.29,21.30,93.40,20.18,0.00,2.93,285.20,432.60
250,2024-04-20 10:00:00,25.02,22.91,21.81,21.85,89.50,20.01,0.00,2.69,287.80,436.80
250,2024-04-20 10:15:00,25.28,24.25,23.09,23.02,80.50,19.55,0.00,2.26,299.80,577.10
250,2024-04-20 10:30:00,25.61,25.38,23.95,24.24,75.45,19.35,0.00,1.51,289.60,618.60
250,2024-04-20 10:45:00,26.02,25.56,24.62,24.50,73.19,19.50,0.00,2.19,283.40,658.20
250,2024-04-20 11:00:00,26.49,26.15,25.15,25.31,71.79,19.70,0.00,2.19,175.00,696.90
250,2024-04-20 11:15:00,26.98,27.16,26.08,25.84,67.27,19.55,0.00,2.64,195.30,732.30
250,2024-04-20 11:30:00,27.47,27.97,26.83,26.84,67.12,20.22,0.00,1.72,221.30,764.60
250,2024-04-20 11:45:00,27.99,28.65,26.84,27.27,62.87,19.18,0.00,2.73,209.90,792.60
250,2024-04-20 12:00:00,28.50,29.08,27.34,27.40,60.91,19.14,0.00,4.09,274.60,817.00
250,2024-04-20 12:15:00,29.03,29.22,27.86,27.56,52.17,17.16,0.00,5.23,248.70,843.00
250,2024-04-20 12:30:00,29.52,29.68,28.34,28.05,55.24,18.52,0.00,6.53,235.90,859.00
250,2024-04-20 12:45:00,29.98,30.29,29.17,28.59,50.53,17.86,0.00,6.00,270.90,873.00
250,2024-04-20 13:00:00,30.40,30.52,29.12,28.77,51.06,17.98,0.00,7.65,246.20,884.00
250,2024-04-20 13:15:00,30.80,31.01,29.28,28.83,46.56,16.67,0.00,10.23,264.50,868.00
250,2024-04-20 13:30:00,31.14,31.00,29.55,29.05,49.14,17.77,0.00,8.82,279.40,895.00
250,2024-04-20 13:45:00,31.38,31.00,29.32,28.97,50.20,17.90,0.00,9.37,245.90,894.00
250,2024-04-20 14:00:00,31.44,31.37,29.63,29.33,50.98,18.43,0.00,7.70,257.30,893.00
250,2024-04-20 14:15:00,31.37,31.13,29.86,29.43,51.37,18.76,0.00,6.54,251.70,889.00
250,2024-04-20 14:30:00,31.29,31.76,30.47,29.96,48.91,18.54,0.00,6.71,261.50,891.00
250,2024-04-20 14:45:00,31.35,32.11,30.47,30.18,49.23,18.64,0.00,8.48,255.10,863.00
250,2024-04-20 15:00:00,31.54,31.70,30.51,30.11,46.82,17.88,0.00,9.21,264.40,560.30
250,2024-04-20 15:15:00,31.79,31.98,30.91,30.34,48.79,18.90,0.00,8.23,255.90,692.10
250,2024-04-20 15:30:00,31.97,31.73,30.21,30.16,50.86,18.92,0.00,8.80,266.50,566.60
250,2024-04-20 15:45:00,32.17,32.37,30.78,30.43,47.70,18.42,0.00,8.19,243.40,817.00
250,2024-04-20 16:00:00,32.34,32.62,30.99,30.68,45.30,17.79,0.00,9.01,248.40,782.90
250,2024-04-20 16:15:00,32.59,32.59,31.25,30.76,45.70,18.17,0.00,10.31,234.40,704.80
250,2024-04-20 16:30:00,32.83,32.46,30.61,30.70,44.59,17.20,0.00,10.42,263.50,657.50
250,2024-04-20 16:45:00,33.02,32.43,31.40,30.82,42.78,17.25,0.00,6.79,275.70,613.10
250,2024-04-20 17:00:00,33.16,32.52,30.82,30.79,44.57,17.38,0.00,9.87,266.20,568.90
250,2024-04-20 17:15:00,33.27,32.16,30.77,30.73,44.35,17.26,0.00,10.85,258.40,520.10
250,2024-04-20 17:30:00,33.34,31.85,30.47,30.44,46.55,17.75,0.00,12.49,253.20,473.80
250,2024-04-20 17:45:00,33.34,31.56,30.40,30.33,48.03,18.18,0.00,12.02,268.20,427.50
250,2024-04-20 18:00:00,33.31,30.98,29.62,29.76,50.89,18.39,0.00,12.22,251.90,372.20
250,2024-04-20 18:15:00,33.22,30.34,29.19,29.30,53.26,18.72,0.00,12.66,246.10,314.00
250,2024-04-20 18:30:00,33.10,29.31,28.46,28.68,52.42,17.79,0.00,13.40,243.50,199.00
250,2024-04-20 18:45:00,32.94,29.02,28.03,28.43,54.26,17.94,0.00,11.00,242.80,185.50
250,2024-04-20 19:00:00,32.72,28.37,27.55,28.02,56.19,18.05,0.00,10.61,248.90,158.10
250,2024-04-20 19:15:00,32.47,27.69,26.66,27.50,59.63,18.17,0.00,10.69,252.40,96.20
250,2024-04-20 19:30:00,32.22,26.65,25.79,26.78,62.63,18.13,0.00,10.50,254.50,26.22
250,2024-04-20 19:45:00,31.96,25.62,24.77,25.92,66.59,18.14,0.00,9.17,262.70,22.95
250,2024-04-20 20:00:00,31.65,24.67,24.18,25.26,68.87,18.11,0.00,7.66,255.20,7.99
250,2024-04-20 20:15:00,31.33,24.08,23.62,24.82,71.21,18.11,0.00,7.08,253.70,1.55
250,2024-04-20 20:30:00,31.03,23.51,23.27,24.43,73.18,18.20,0.00,5.90,251.30,0.18
250,2024-04-20 20:45:00,30.72,23.32,23.09,24.07,73.81,18.17,0.00,6.64,245.10,0.14
250,2024-04-20 21:00:00,30.42,23.12,22.77,23.76,75.51,18.22,0.00,7.09,247.70,0.14
250,2024-04-20 21:15:00,30.15,22.37,22.02,23.32,79.00,18.21,0.00,4.97,253.90,0.15
250,2024-04-20 21:30:00,29.85,21.40,21.68,23.04,80.90,18.26,0.00,4.96,249.20,0.14
250,2024-04-20 21:45:00,29.58,21.42,21.47,22.68,81.70,18.21,0.00,4.59,245.70,0.13
250,2024-04-20 22:00:00,29.33,21.35,21.25,22.28,82.90,18.23,0.00,4.69,229.90,0.13
250,2024-04-20 22:15:00,29.07,20.49,20.56,21.91,85.30,18.01,0.00,4.38,245.20,0.13
250,2024-04-20 22:30:00,28.84,19.88,20.29,21.80,86.10,17.89,0.00,5.06,254.20,0.13
250,2024-04-20 22:45:00,28.63,19.96,20.60,21.64,85.40,18.07,0.00,4.55,268.60,0.13
250,2024-04-20 23:00:00,28.41,19.94,20.32,21.39,85.70,17.85,0.00,3.81,270.30,0.13
250,2024-04-20 23:15:00,28.19,20.14,20.38,21.12,86.10,17.98,0.00,1.63,295.50,0.13
250,2024-04-20 23:30:00,27.98,20.01,20.23,21.00,86.70,17.94,0.00,2.61,260.30,0.12
250,2024-04-20 23:45:00,27.79,19.78,19.73,20.85,87.70,17.63,0.00,2.88,229.20,0.12
250,2024-04-21 00:00:00,27.62,19.37,19.48,20.50,89.10,17.64,0.00,1.97,282.40,0.13
250,2024-04-21 00:15:00,27.42,19.29,19.46,20.24,89.50,17.69,0.00,1.58,297.10,0.12
250,2024-04-21 00:30:00,27.23,18.83,18.95,20.02,89.90,17.26,0.00,1.52,276.60,0.12
250,2024-04-21 00:45:00,27.07,18.72,18.85,19.76,90.60,17.28,0.00,1.13,239.20,0.12
250,2024-04-21 01:00:00,26.92,18.59,18.58,19.63,91.10,17.10,0.00,2.01,252.40,0.12
250,2024-04-21 01:15:00,26.76,18.72,19.23,19.88,91.90,17.88,0.00,2.95,227.40,0.13
250,2024-04-21 01:30:00,26.61,18.37,18.31,19.63,91.90,16.97,0.00,1.82,137.80,0.12
250,2024-04-21 01:45:00,26.48,18.15,18.21,19.12,91.90,16.87,0.00,2.25,81.30,0.12
250,2024-04-21 02:00:00,26.34,17.99,18.04,19.01,92.80,16.86,0.00,1.80,104.70,0.12
250,2024-04-21 02:15:00,26.23,17.88,17.83,19.11,93.00,16.68,0.00,1.23,120.30,0.12
250,2024-04-21 02:30:00,26.11,17.79,17.83,18.81,93.20,16.72,0.00,1.37,108.70,0.12
250,2024-04-21 02:45:00,25.98,17.68,17.72,18.77,93.30,16.62,0.00,1.51,99.20,0.13
250,2024-04-21 03:00:00,25.88,17.52,17.52,18.51,93.70,16.49,0.00,1.20,32.99,0.12
250,2024-04-21 03:15:00,25.76,17.53,17.75,18.38,94.20,16.81,0.00,1.34,85.20,0.12
250,2024-04-21 03:30:00,25.64,17.24,17.14,18.18,94.00,16.17,0.00,0.67,20.00,0.12
250,2024-04-21 03:45:00,25.52,17.23,17.70,18.06,95.00,16.89,0.00,2.20,133.70,0.12
250,2024-04-21 04:00:00,25.40,17.82,17.82,18.23,94.90,16.99,0.00,3.19,113.80,0.11
250,2024-04-21 04:15:00,25.30,17.92,17.77,18.25,94.50,16.88,0.00,1.90,146.70,0.12
250,2024-04-21 04:30:00,25.20,17.85,17.63,18.26,94.70,16.77,0.00,2.24,165.90,0.12
250,2024-04-21 04:45:00,25.11,17.58,17.43,18.17,94.60,16.55,0.00,1.05,100.20,0.11
250,2024-04-21 05:00:00,25.01,17.26,17.34,17.99,95.00,16.53,0.00,0.77,143.60,0.12
250,2024-04-21 05:15:00,24.92,17.22,17.28,18.00,95.10,16.49,0.00,1.11,142.20,0.11
250,2024-04-21 05:30:00,24.84,17.29,17.41,17.98,95.20,16.63,0.00,1.35,114.80,0.11
250,2024-04-21 05:45:00,24.76,17.64,17.48,18.04,95.10,16.69,0.00,1.19,149.60,0.12
250,2024-04-21 06:00:00,24.68,17.91,17.67,18.16,95.10,16.88,0.00,1.72,152.50,0.11
250,2024-04-21 06:15:00,24.62,17.79,17.66,18.10,95.30,16.90,0.00,0.98,189.30,0.12
250,2024-04-21 06:30:00,24.55,17.59,17.45,17.90,95.30,16.69,0.00,0.20,205.20,0.11
250,2024-04-21 06:45:00,24.49,17.66,17.46,17.80,95.40,16.72,0.00,0.48,220.50,0.24
250,2024-04-21 07:00:00,24.45,18.07,17.94,18.23,95.60,17.23,0.00,2.23,157.30,1.60
250,2024-04-21 07:15:00,24.41,18.27,17.89,18.32,95.30,17.13,0.00,1.71,230.10,9.97
250,2024-04-21 07:30:00,24.38,18.48,18.40,18.53,95.80,17.72,0.00,2.20,241.70,20.32
250,2024-04-21 07:45:00,24.37,18.87,18.61,18.78,95.60,17.89,0.00,2.62,237.50,39.47
250,2024-04-21 08:00:00,24.35,19.21,18.88,19.01,95.50,18.15,0.00,3.12,249.60,47.30
250,2024-04-21 08:15:00,24.36,19.71,19.26,19.40,95.40,18.51,0.00,2.92,229.50,102.90
250,2024-04-21 08:30:00,24.38,20.35,19.85,19.86,95.40,19.09,0.00,3.66,215.60,178.30
250,2024-04-21 08:45:00,24.45,20.97,20.37,20.38,94.90,19.53,0.00,4.12,234.80,223.90
250,2024-04-21 09:00:00,24.53,21.68,20.96,20.94,94.40,20.03,0.00,4.66,224.90,252.60
250,2024-04-21 09:15:00,24.67,22.25,21.36,21.49,93.00,20.18,0.00,4.35,223.50,205.70
250,2024-04-21 09:30:00,24.84,22.62,21.90,21.90,91.30,20.42,0.00,4.38,212.50,253.40
250,2024-04-21 09:45:00,25.02,23.80,23.20,22.69,86.30,20.79,0.00,5.15,225.50,402.70
250,2024-04-21 10:00:00,25.22,24.65,23.62,23.37,81.70,20.31,0.00,7.80,234.50,442.60
250,2024-04-21 10:15:00,25.48,25.02,24.42,23.73,78.36,20.41,0.00,8.34,230.30,505.00
250,2024-04-21 10:30:00,25.77,25.07,24.09,23.86,78.58,20.14,0.00,10.87,250.60,255.80
250,2024-04-21 10:45:00,26.06,25.08,24.33,24.18,76.55,19.95,0.00,9.41,241.90,250.70
250,2024-04-21 11:00:00,26.26,25.18,24.08,24.34,77.48,19.90,0.00,10.08,250.60,181.00
250,2024-04-21 11:15:00,26.42,25.33,24.64,24.36,77.71,20.49,0.00,9.85,248.70,362.90
250,2024-04-21 11:30:00,26.52,26.50,25.28,25.13,72.90,20.08,0.00,8.68,249.10,498.30
250,2024-04-21 11:45:00,26.69,27.05,26.27,25.56,70.12,20.40,0.00,9.28,230.00,784.00
250,2024-04-21 12:00:00,26.94,27.84,27.07,26.01,66.55,20.31,0.00,9.51,253.10,737.70
250,2024-04-21 12:15:00,27.31,27.87,26.59,26.35,66.31,19.80,0.00,11.57,244.00,415.70
250,2024-04-21 12:30:00,27.71,27.71,26.30,26.53,67.58,19.83,0.00,9.26,272.10,335.60
250,2024-04-21 12:45:00,28.01,27.61,26.94,26.65,64.64,19.72,0.00,9.21,263.10,363.80
250,2024-04-21 13:00:00,28.18,28.67,28.24,27.29,61.46,20.13,0.00,11.97,259.10,626.10
250,2024-04-21 13:15:00,28.31,29.02,27.79,27.33,59.96,19.31,0.00,16.64,253.20,561.40
250,2024-04-21 13:30:00,28.49,29.13,27.58,27.50,62.57,19.80,0.00,17.16,257.90,593.90
250,2024-04-21 13:45:00,28.68,28.50,27.52,27.10,64.63,20.27,0.00,16.00,250.30,511.70
250,2024-04-21 14:00:00,28.82,28.71,27.65,27.16,62.44,19.83,0.00,15.85,262.40,580.20
250,2024-04-21 14:15:00,28.95,28.72,27.83,27.17,62.03,19.90,0.00,14.48,256.70,561.50
250,2024-04-21 14:30:00,29.05,29.10,27.66,27.50,63.15,20.03,0.00,12.18,248.00,598.70
250,2024-04-21 14:45:00,29.17,29.12,27.86,27.33,60.34,19.48,0.00,15.09,243.00,731.90
250,2024-04-21 15:00:00,29.32,29.37,28.23,27.52,60.18,19.79,0.00,15.60,239.40,691.00
250,2024-04-21 15:15:00,29.50,28.88,28.10,27.55,59.97,19.61,0.00,13.94,249.10,456.70
250,2024-04-21 15:30:00,29.68,28.97,27.86,27.64,61.05,19.67,0.00,12.55,244.80,457.60
250,2024-04-21 15:45:00,29.81,28.74,27.81,27.50,60.22,19.40,0.00,13.03,239.80,461.10
250,2024-04-21 16:00:00,29.90,29.06,27.92,27.66,60.60,19.61,0.00,12.29,232.10,600.30
250,2024-04-21 16:15:00,30.01,28.67,27.51,27.46,60.28,19.14,0.00,15.38,236.80,435.90
250,2024-04-21 16:30:00,30.11,28.24,27.32,27.32,61.44,19.26,0.00,13.58,246.10,264.70
250,2024-04-21 16:45:00,30.17,27.69,26.73,26.97,64.07,19.38,0.00,13.83,247.20,186.20
250,2024-04-21 17:00:00,30.15,27.60,26.84,26.75,63.54,19.35,0.00,13.81,241.10,301.30
250,2024-04-21 17:15:00,30.08,28.52,27.45,27.15,62.75,19.73,0.00,12.09,246.30,487.40
250,2024-04-21 17:30:00,30.01,28.00,27.12,26.90,62.78,19.42,0.00,16.48,245.90,362.40
250,2024-04-21 17:45:00,30.03,27.57,26.51,26.76,66.27,19.71,0.00,13.69,245.80,211.10
250,2024-04-21 18:00:00,30.03,26.72,26.02,26.35,67.73,19.60,0.00,11.39,244.60,75.89
250,2024-04-21 18:15:00,29.97,26.55,26.02,26.18,68.96,19.89,0.00,9.62,243.50,92.10
250,2024-04-21 18:30:00,29.84,26.55,25.89,26.09,69.34,19.85,0.00,11.37,254.60,121.30
250,2024-04-21 18:45:00,29.70,26.26,25.62,25.95,69.03,19.52,0.00,14.21,254.40,94.60
250,2024-04-21 19:00:00,29.56,26.01,25.45,25.75,70.01,19.59,0.00,13.73,251.90,75.45
250,2024-04-21 19:15:00,29.40,25.85,25.21,25.61,72.30,19.88,0.00,12.54,241.30,73.98
250,2024-04-21 19:30:00,29.25,24.08,23.44,24.38,81.50,20.09,0.00,12.54,243.80,37.63
250,2024-04-21 19:45:00,29.11,23.68,23.43,23.93,83.00,20.38,0.00,9.55,237.00,8.04
250,2024-04-21 20:00:00,28.88,24.25,23.92,24.56,80.50,20.36,0.00,11.21,229.10,3.22
250,2024-04-21 20:15:00,28.63,22.20,19.97,22.22,85.80,17.52,0.03,12.19,320.00,0.28
250,2024-04-21 20:30:00,28.38,20.39,20.23,20.37,88.60,18.29,0.01,7.74,322.90,0.12
250,2024-04-21 20:45:00,28.10,20.72,20.35,20.65,88.90,18.46,0.03,6.86,299.20,0.12
250,2024-04-21 21:00:00,27.56,20.24,19.91,20.22,91.30,18.45,0.44,8.70,271.10,0.12
250,2024-04-21 21:15:00,26.16,20.26,19.95,20.23,91.90,18.59,0.18,7.44,269.60,0.12
250,2024-04-21 21:30:00,25.38,20.40,20.17,20.35,91.90,18.81,0.00,5.24,272.50,0.12
250,2024-04-21 21:45:00,25.02,20.62,20.39,20.55,91.70,19.00,0.00,4.44,244.70,0.12
250,2024-04-21 22:00:00,24.78,20.79,20.52,20.73,91.80,19.14,0.00,4.39,267.70,0.12
250,2024-04-21 22:15:00,24.63,20.82,20.49,20.75,92.00,19.15,0.00,2.59,297.80,0.12
250,2024-04-21 22:30:00,24.56,20.90,20.65,20.80,92.30,19.36,0.00,3.89,323.70,0.12
250,2024-04-21 22:45:00,24.50,20.99,20.42,20.85,91.60,19.01,0.00,5.77,340.90,0.12
250,2024-04-21 23:00:00,24.45,20.73,20.32,20.62,90.90,18.79,0.00,5.92,348.80,0.12
250,2024-04-21 23:15:00,24.38,20.43,20.00,20.34,89.90,18.29,0.00,4.61,359.10,0.12
250,2024-04-21 23:30:00,24.30,20.23,19.90,20.19,89.50,18.12,0.00,5.54,348.50,0.12
250,2024-04-21 23:45:00,24.20,20.19,19.84,20.13,89.50,18.06,0.00,5.37,349.40,0.12
250,2024-04-22 00:00:00,24.09,20.05,19.67,19.95,89.50,17.90,0.00,7.46,347.70,0.12
250,2024-04-22 00:15:00,23.98,19.63,19.03,19.47,87.80,16.96,0.00,9.13,2.59,0.12
250,2024-04-22 00:30:00,23.83,19.21,18.74,19.08,85.80,16.31,0.00,9.21,357.30,0.12
250,2024-04-22 00:45:00,23.66,18.97,18.55,18.85,86.30,16.22,0.00,8.72,351.40,0.12
250,2024-04-22 01:00:00,23.49,18.74,18.24,18.62,86.80,16.01,0.00,9.48,357.90,0.12
250,2024-04-22 01:15:00,23.32,18.55,17.94,18.39,86.70,15.69,0.00,6.16,357.60,0.12
250,2024-04-22 01:30:00,23.15,18.32,17.92,18.18,86.10,15.56,0.00,7.66,358.40,0.13
250,2024-04-22 01:45:00,22.99,18.25,17.73,18.12,85.80,15.32,0.00,5.31,8.65,0.12
250,2024-04-22 02:00:00,22.84,18.13,17.72,18.03,85.00,15.17,0.00,5.24,0.71,0.12
250,2024-04-22 02:15:00,22.71,18.12,17.69,17.98,85.40,15.21,0.00,6.08,6.66,0.12
250,2024-04-22 02:30:00,22.58,17.98,17.52,17.83,86.30,15.21,0.00,5.77,9.08,0.12
250,2024-04-22 02:45:00,22.47,17.94,17.49,17.79,86.90,15.29,0.00,5.23,358.60,0.12
250,2024-04-22 03:00:00,22.37,17.78,17.25,17.61,87.40,15.14,0.00,6.72,343.10,0.13
250,2024-04-22 03:15:00,22.28,17.62,17.21,17.45,87.00,15.03,0.00,7.82,346.80,0.12
250,2024-04-22 03:30:00,22.16,17.33,16.80,17.16,84.50,14.17,0.00,8.25,353.90,0.12
250,2024-04-22 03:45:00,22.04,17.05,16.61,16.94,84.40,13.97,0.00,6.76,358.90,0.12
250,2024-04-22 04:00:00,21.88,16.70,16.12,16.62,85.20,13.63,0.00,4.80,16.46,0.12
250,2024-04-22 04:15:00,21.73,16.30,15.72,16.18,85.60,13.31,0.00,4.90,23.35,0.12
250,2024-04-22 04:30:00,21.58,16.05,15.49,15.86,85.20,13.02,0.00,5.26,27.17,0.12
250,2024-04-22 04:45:00,21.44,15.74,15.18,15.56,84.80,12.64,0.00,6.51,19.47,0.11
250,2024-04-22 05:00:00,21.31,15.51,15.03,15.34,84.50,12.44,0.00,7.25,15.46,0.12
250,2024-04-22 05:15:00,21.15,15.42,14.97,15.23,84.80,12.44,0.00,6.25,12.09,0.11
250,2024-04-22 05:30:00,21.00,15.24,14.77,15.05,84.40,12.17,0.00,5.76,29.70,0.12
250,2024-04-22 05:45:00,20.87,15.17,14.80,15.00,83.90,12.11,0.00,5.56,27.11,0.12
250,2024-04-22 06:00:00,20.74,15.16,14.66,14.98,83.00,11.81,0.00,4.87,24.52,0.12
250,2024-04-22 06:15:00,20.63,15.02,14.58,14.85,83.00,11.73,0.00,5.19,27.34,0.12
250,2024-04-22 06:30:00,20.51,14.99,14.62,14.81,83.30,11.82,0.00,5.17,12.62,0.12
250,2024-04-22 06:45:00,20.41,14.99,14.56,14.82,83.20,11.74,0.00,7.27,1.64,0.25
250,2024-04-22 07:00:00,20.29,14.99,14.62,14.84,83.40,11.84,0.00,6.81,1.26,1.23
250,2024-04-22 07:15:00,20.18,15.01,14.60,14.85,83.60,11.86,0.00,6.53,10.09,6.72
250,2024-04-22 07:30:00,20.08,15.00,14.56,14.81,84.00,11.89,0.00,5.34,18.13,23.63
250,2024-04-22 07:45:00,20.00,14.98,14.56,14.76,83.60,11.82,0.00,7.09,4.89,38.06
250,2024-04-22 08:00:00,19.93,14.97,14.55,14.72,83.40,11.77,0.00,8.14,359.30,51.80
250,2024-04-22 08:15:00,19.88,15.17,14.74,14.87,82.00,11.70,0.00,5.58,11.33,86.70
250,2024-04-22 08:30:00,19.85,15.26,14.79,14.94,82.30,11.80,0.00,5.29,11.61,88.00
250,2024-04-22 08:45:00,19.85,15.68,15.27,15.19,78.89,11.63,0.00,6.32,4.14,189.10
250,2024-04-22 09:00:00,19.87,15.75,15.39,15.30,80.90,12.13,0.00,6.75,358.20,146.00
250,2024-04-22 09:15:00,19.93,16.08,15.54,15.46,82.00,12.48,0.00,5.41,336.20,219.80
250,2024-04-22 09:30:00,20.05,16.41,16.44,15.63,80.30,13.04,0.00,6.07,342.20,361.00
250,2024-04-22 09:45:00,20.27,17.61,16.75,16.37,75.16,12.33,0.00,6.61,346.60,588.30
250,2024-04-22 10:00:00,20.67,18.03,17.34,16.75,72.81,12.42,0.00,5.08,1.40,559.20
250,2024-04-22 10:15:00,21.13,18.25,17.17,17.06,71.31,11.94,0.00,5.46,12.51,598.50
250,2024-04-22 10:30:00,21.59,18.53,17.59,17.15,69.64,11.98,0.00,6.36,349.40,641.70
250,2024-04-22 10:45:00,22.03,18.89,18.01,17.60,66.30,11.64,0.00,8.28,356.00,686.10
250,2024-04-22 11:00:00,22.43,19.20,18.36,17.89,65.26,11.73,0.00,9.16,346.20,723.90
250,2024-04-22 11:15:00,22.77,19.79,19.27,18.51,64.09,12.32,0.00,7.73,352.10,759.20
250,2024-04-22 11:30:00,23.13,20.47,19.74,19.07,62.29,12.33,0.00,7.82,1.69,792.70
250,2024-04-22 11:45:00,23.52,20.64,19.80,19.28,60.21,11.87,0.00,7.64,3.91,824.00
250,2024-04-22 12:00:00,23.91,21.21,20.34,19.74,59.89,12.30,0.00,6.61,4.09,857.00
250,2024-04-22 12:15:00,24.33,21.56,20.69,20.09,52.71,10.70,0.00,8.05,4.81,879.00
250,2024-04-22 12:30:00,24.73,21.94,21.18,20.45,51.83,10.90,0.00,5.86,25.06,896.00
250,2024-04-22 12:45:00,25.11,21.98,20.82,20.46,51.74,10.54,0.00,7.28,9.47,905.00
250,2024-04-22 13:00:00,25.49,22.20,21.40,20.79,52.36,11.25,0.00,7.21,31.58,924.00
250,2024-04-22 13:15:00,25.81,22.76,21.78,21.16,50.32,11.00,0.00,6.34,4.27,916.00
250,2024-04-22 13:30:00,26.08,23.12,21.84,21.54,47.89,10.32,0.00,6.13,1.24,940.00
250,2024-04-22 13:45:00,26.07,23.30,22.36,21.63,48.26,10.91,0.00,7.59,357.20,942.00
250,2024-04-22 14:00:00,25.76,23.75,22.83,22.15,48.89,11.53,0.00,8.45,351.30,950.00
250,2024-04-22 14:15:00,25.39,24.15,23.51,22.42,49.90,12.47,0.00,8.38,1.59,934.00
250,2024-04-22 14:30:00,25.28,24.09,23.26,22.40,46.49,11.17,0.00,7.13,357.10,930.00
250,2024-04-22 14:45:00,25.49,24.11,22.90,22.44,44.71,10.25,0.00,9.24,356.70,904.00
250,2024-04-22 15:00:00,25.84,23.74,22.80,22.25,48.71,11.45,0.00,9.11,359.30,798.00
250,2024-04-22 15:15:00,26.12,23.93,22.63,22.41,46.03,10.44,0.00,9.80,355.60,852.00
250,2024-04-22 15:30:00,26.41,24.15,23.23,22.52,45.59,10.85,0.00,8.56,0.43,876.00
250,2024-04-22 15:45:00,26.71,24.21,23.14,22.64,46.50,11.06,0.00,8.95,346.60,765.50
250,2024-04-22 16:00:00,26.99,24.51,23.21,22.90,44.84,10.58,0.00,7.86,347.70,800.00
250,2024-04-22 16:15:00,27.22,24.56,23.46,23.07,42.77,10.10,0.00,8.63,346.20,754.70
250,2024-04-22 16:30:00,27.43,24.76,23.85,23.32,45.13,11.26,0.00,6.82,6.12,746.20
250,2024-04-22 16:45:00,27.62,24.78,23.61,23.23,43.88,10.62,0.00,8.27,6.35,696.70
250,2024-04-22 17:00:00,27.78,24.40,23.78,23.13,43.85,10.76,0.00,6.00,14.86,623.70
250,2024-04-22 17:15:00,27.87,24.88,24.08,23.40,42.14,10.43,0.00,7.29,1.14,626.30
250,2024-04-22 17:30:00,27.94,24.51,23.57,23.35,41.00,9.56,0.00,6.79,16.18,521.70
250,2024-04-22 17:45:00,27.92,24.11,22.45,23.09,42.31,9.02,0.00,7.09,1.67,288.30
250,2024-04-22 18:00:00,27.75,24.09,23.62,23.04,43.08,10.35,0.00,6.87,355.50,466.10
250,2024-04-22 18:15:00,27.54,24.54,23.27,23.39,43.37,10.13,0.00,6.70,8.06,401.90
250,2024-04-22 18:30:00,27.40,24.06,22.70,23.13,43.45,9.64,0.00,6.21,26.55,330.70
250,2024-04-22 18:45:00,27.23,23.25,22.52,22.58,43.38,9.46,0.00,6.24,28.76,258.80
250,2024-04-22 19:00:00,26.99,23.10,22.29,22.67,47.47,10.60,0.00,5.04,30.59,213.40
250,2024-04-22 19:15:00,26.71,21.82,20.92,21.46,57.34,12.18,0.00,9.42,68.06,166.10
250,2024-04-22 19:30:00,26.41,21.05,20.39,20.76,60.38,12.47,0.00,11.11,62.43,76.32
250,2024-04-22 19:45:00,26.06,20.08,19.19,19.89,64.52,12.35,0.00,11.26,67.87,36.11
250,2024-04-22 20:00:00,25.68,19.14,18.65,19.06,65.44,12.05,0.00,10.02,66.54,11.64
250,2024-04-22 20:15:00,25.25,18.67,18.16,18.65,67.15,11.97,0.00,9.49,65.80,1.62
250,2024-04-22 20:30:00,24.84,18.19,17.69,18.22,69.03,11.94,0.00,7.41,71.01,0.23
250,2024-04-22 20:45:00,24.45,17.76,17.36,17.83,69.05,11.63,0.00,7.58,72.91,0.11
250,2024-04-22 21:00:00,24.07,17.44,17.02,17.51,69.27,11.35,0.00,7.84,74.67,0.11
250,2024-04-22 21:15:00,23.73,17.09,16.67,17.18,70.43,11.27,0.00,7.28,69.92,0.12
250,2024-04-22 21:30:00,23.40,16.76,16.37,16.88,71.85,11.28,0.00,6.71,69.83,0.12
250,2024-04-22 21:45:00,23.09,16.52,16.20,16.63,72.57,11.27,0.00,7.27,68.85,0.12
250,2024-04-22 22:00:00,22.80,16.27,15.98,16.42,73.57,11.26,0.00,6.19,69.78,0.12
250,2024-04-22 22:15:00,22.51,15.95,15.66,16.18,74.79,11.20,0.00,5.08,65.98,0.11
250,2024-04-22 22:30:00,22.25,15.55,15.23,15.92,76.53,11.13,0.00,3.10,63.06,0.11
250,2024-04-22 22:45:00,22.01,15.06,14.86,15.53,78.14,11.09,0.00,1.17,67.01,0.11
250,2024-04-22 23:00:00,21.81,14.49,14.21,15.20,80.20,10.85,0.00,1.18,37.13,0.11
250,2024-04-22 23:15:00,21.63,13.76,13.65,14.76,83.30,10.87,0.00,1.73,12.07,0.11
250,2024-04-22 23:30:00,21.44,13.44,13.30,14.53,83.80,10.62,0.00,1.99,43.45,0.11
250,2024-04-22 23:45:00,21.26,13.08,13.13,14.59,86.00,10.84,0.00,1.61,32.88,0.12
250,2024-04-23 00:00:00,21.09,13.07,13.04,14.34,86.90,10.91,0.00,1.35,32.77,0.12
250,2024-04-23 00:15:00,20.89,13.04,13.16,14.35,87.10,11.06,0.00,2.00,42.37,0.12
250,2024-04-23 00:30:00,20.72,13.04,13.00,14.10,86.80,10.85,0.00,0.92,32.13,0.11
250,2024-04-23 00:45:00,20.54,12.83,12.72,13.72,87.30,10.66,0.00,0.93,37.66,0.11
250,2024-04-23 01:00:00,20.38,12.59,12.72,13.83,88.10,10.80,0.00,2.17,59.97,0.11
250,2024-04-23 01:15:00,20.22,12.64,12.74,13.87,87.00,10.63,0.00,1.42,49.80,0.11
250,2024-04-23 01:30:00,20.07,12.35,12.53,13.36,87.30,10.48,0.00,0.45,46.63,0.11
250,2024-04-23 01:45:00,19.93,12.14,12.14,12.96,87.30,10.09,0.00,0.40,61.87,0.11
250,2024-04-23 02:00:00,19.79,11.60,11.83,12.85,88.50,9.99,0.00,1.00,46.87,0.11
250,2024-04-23 02:15:00,19.62,11.43,11.56,12.71,89.60,9.91,0.00,1.11,51.07,0.11
250,2024-04-23 02:30:00,19.47,11.63,12.18,12.74,90.40,10.66,0.00,2.79,51.33,0.10
250,2024-04-23 02:45:00,19.32,12.33,12.67,13.37,88.70,10.85,0.00,3.68,53.57,0.10
250,2024-04-23 03:00:00,19.18,12.40,12.60,13.42,87.90,10.65,0.00,3.52,61.32,0.10
250,2024-04-23 03:15:00,19.05,12.44,12.67,13.47,87.40,10.63,0.00,3.32,51.63,0.10
250,2024-04-23 03:30:00,18.93,12.39,12.46,13.40,87.00,10.36,0.00,1.89,85.30,0.10
250,2024-04-23 03:45:00,18.81,12.01,12.11,13.00,87.60,10.12,0.00,1.92,61.90,0.10
250,2024-04-23 04:00:00,18.70,11.98,12.36,13.23,86.70,10.21,0.00,3.02,64.97,0.10
250,2024-04-23 04:15:00,18.59,11.88,12.24,13.16,86.70,10.09,0.00,1.88,94.80,0.09
250,2024-04-23 04:30:00,18.47,11.49,11.50,12.79,87.50,9.50,0.00,2.08,70.76,0.09
250,2024-04-23 04:45:00,18.36,11.01,11.36,12.54,88.80,9.58,0.00,2.46,63.24,0.10
250,2024-04-23 05:00:00,18.24,11.33,11.95,13.01,87.40,9.92,0.00,2.94,61.19,0.10
250,2024-04-23 05:15:00,18.12,11.43,11.71,12.79,86.40,9.52,0.00,1.33,73.62,0.09
250,2024-04-23 05:30:00,18.02,11.10,11.41,12.33,87.50,9.41,0.00,1.01,94.30,0.09
250,2024-04-23 05:45:00,17.91,10.69,10.99,11.92,88.70,9.20,0.00,0.50,75.30,0.09
250,2024-04-23 06:00:00,17.81,10.40,10.64,11.68,89.60,9.00,0.00,1.15,63.03,0.09
250,2024-04-23 06:15:00,17.70,10.36,10.68,11.99,90.00,9.11,0.00,1.50,57.17,0.09
250,2024-04-23 06:30:00,17.59,10.62,10.95,12.38,89.50,9.29,0.00,2.25,55.52,0.11
250,2024-04-23 06:45:00,17.49,10.87,11.70,12.70,88.60,9.88,0.00,2.77,49.41,0.72
250,2024-04-23 07:00:00,17.39,12.06,12.76,13.55,81.50,9.68,0.00,3.40,40.09,5.04
250,2024-04-23 07:15:00,17.31,13.03,13.36,13.94,77.17,9.45,0.00,4.26,40.20,15.12
250,2024-04-23 07:30:00,17.24,13.57,13.80,14.15,75.53,9.55,0.00,4.52,44.42,72.13
250,2024-04-23 07:45:00,17.20,14.46,14.49,14.63,73.88,9.89,0.00,4.68,44.71,111.60
250,2024-04-23 08:00:00,17.22,15.37,15.31,15.30,70.77,10.04,0.00,5.38,49.74,158.20
250,2024-04-23 08:15:00,17.28,16.07,15.96,15.83,71.30,10.77,0.00,4.99,53.76,210.40
250,2024-04-23 08:30:00,17.43,16.80,16.50,16.36,68.56,10.70,0.00,4.79,54.16,264.70
250,2024-04-23 08:45:00,17.65,17.26,16.68,16.70,66.60,10.44,0.00,5.84,41.66,317.50
250,2024-04-23 09:00:00,17.90,17.67,17.24,16.94,65.35,10.69,0.00,6.79,47.12,370.90
250,2024-04-23 09:15:00,18.22,18.33,17.56,17.47,62.94,10.43,0.00,6.62,50.56,423.40
250,2024-04-23 09:30:00,18.58,18.84,18.27,17.90,61.31,10.70,0.00,7.65,54.78,474.80
250,2024-04-23 09:45:00,18.98,19.13,18.28,18.10,60.16,10.43,0.00,8.11,43.96,525.40
250,2024-04-23 10:00:00,19.39,19.52,18.89,18.48,55.88,9.90,0.00,8.84,65.61,573.60
250,2024-04-23 10:15:00,19.82,20.13,19.42,18.97,54.72,10.08,0.00,7.38,48.50,620.20
250,2024-04-23 10:30:00,20.31,20.53,19.69,19.21,53.27,9.93,0.00,8.70,55.12,666.00
250,2024-04-23 10:45:00,20.84,20.95,20.05,19.66,51.62,9.79,0.00,7.11,77.34,687.30
250,2024-04-23 11:00:00,21.38,21.18,20.38,19.79,51.35,10.02,0.00,8.53,59.19,744.60
250,2024-04-23 11:15:00,21.93,21.36,20.41,20.06,51.90,10.20,0.00,7.57,64.95,779.70
250,2024-04-23 11:30:00,22.48,21.82,21.09,20.47,49.92,10.25,0.00,5.36,78.80,814.00
250,2024-04-23 11:45:00,23.07,22.03,21.06,20.67,51.30,10.63,0.00,8.36,85.40,844.00
250,2024-04-23 12:00:00,23.66,22.40,21.76,20.97,50.42,11.02,0.00,6.36,90.00,866.00
250,2024-04-23 12:15:00,24.23,22.55,21.30,21.19,50.17,10.52,0.00,6.46,94.80,893.00
250,2024-04-23 12:30:00,24.83,23.01,22.01,21.66,48.98,10.81,0.00,4.47,119.30,912.00
250,2024-04-23 12:45:00,25.42,23.45,22.75,22.01,49.50,11.65,0.00,5.78,97.60,946.00
250,2024-04-23 13:00:00,26.02,23.69,22.80,22.34,49.37,11.65,0.00,4.51,91.30,916.00
250,2024-04-23 13:15:00,26.55,24.07,23.24,22.63,45.90,10.96,0.00,6.22,89.20,940.00
250,2024-04-23 13:30:00,26.96,23.37,22.72,22.33,49.63,11.66,0.00,4.52,137.30,453.70
250,2024-04-23 13:45:00,27.04,24.26,23.44,23.03,42.80,10.09,0.00,5.26,105.50,1000.00
250,2024-04-23 14:00:00,26.83,24.99,23.88,23.40,41.27,9.94,0.00,4.42,116.30,962.00
250,2024-04-23 14:15:00,26.60,24.60,23.16,23.24,47.11,11.28,0.00,3.84,51.95,709.80
250,2024-04-23 14:30:00,26.54,24.65,23.69,23.20,43.29,10.48,0.00,6.79,56.97,759.60
250,2024-04-23 14:45:00,26.68,24.85,23.95,23.48,42.72,10.52,0.00,5.76,96.80,823.00
250,2024-04-23 15:00:00,27.01,25.07,24.23,23.72,43.27,10.97,0.00,4.65,89.40,770.00
250,2024-04-23 15:15:00,27.41,24.81,23.31,23.65,44.21,10.46,0.00,5.34,57.88,459.50
250,2024-04-23 15:30:00,27.71,25.11,24.48,23.98,42.91,11.07,0.00,4.64,72.20,760.00
250,2024-04-23 15:45:00,27.91,25.00,23.94,23.92,43.88,10.91,0.00,6.93,94.70,646.60
250,2024-04-23 16:00:00,28.15,24.65,23.75,23.68,44.89,11.08,0.00,6.32,90.40,448.10
250,2024-04-23 16:15:00,28.27,25.09,24.35,23.96,41.68,10.51,0.00,5.56,84.40,721.90
250,2024-04-23 16:30:00,28.38,25.83,25.13,24.53,37.96,9.81,0.00,3.88,121.90,711.10
250,2024-04-23 16:45:00,28.67,26.36,24.86,25.06,39.49,10.16,0.00,2.80,190.90,665.20
250,2024-04-23 17:00:00,28.97,25.64,24.40,24.48,41.02,10.32,0.00,5.71,108.30,585.80
250,2024-04-23 17:15:00,29.17,25.35,24.33,24.33,42.66,10.84,0.00,5.69,93.70,506.00
250,2024-04-23 17:30:00,29.21,25.32,24.16,24.38,41.50,10.28,0.00,5.14,85.40,417.10
250,2024-04-23 17:45:00,29.19,25.15,24.08,24.21,42.77,10.66,0.00,6.66,74.36,454.10
250,2024-04-23 18:00:00,29.09,25.29,24.62,24.33,41.05,10.53,0.00,4.50,78.51,398.30
250,2024-04-23 18:15:00,28.98,25.40,24.55,24.57,41.16,10.50,0.00,4.24,124.40,348.10
250,2024-04-23 18:30:00,28.86,25.19,24.08,24.46,43.19,10.80,0.00,4.09,102.40,292.90
250,2024-04-23 18:45:00,28.71,24.98,24.07,24.29,43.99,11.07,0.00,4.56,134.90,238.70
250,2024-04-23 19:00:00,28.49,24.31,23.44,23.95,45.90,11.14,0.00,5.31,121.60,185.70
250,2024-04-23 19:15:00,28.23,23.50,22.86,23.44,47.97,11.27,0.00,10.58,82.50,107.90
250,2024-04-23 19:30:00,27.89,22.95,22.42,23.08,49.58,11.37,0.00,4.35,80.80,35.11
250,2024-04-23 19:45:00,27.51,22.24,21.53,22.42,53.41,11.67,0.00,3.13,75.06,30.55
250,2024-04-23 20:00:00,27.11,21.29,21.14,21.85,54.41,11.59,0.00,3.32,81.40,9.97
250,2024-04-23 20:15:00,26.72,20.97,20.75,21.41,55.77,11.60,0.00,3.94,96.00,2.40
250,2024-04-23 20:30:00,26.34,20.43,20.18,20.84,59.99,12.17,0.00,2.97,104.10,0.25
250,2024-04-23 20:45:00,25.96,19.74,19.60,20.27,62.48,12.24,0.00,3.33,107.00,0.09
250,2024-04-23 21:00:00,25.60,19.52,19.34,19.90,63.47,12.24,0.00,3.59,108.60,0.09
250,2024-04-23 21:15:00,25.28,19.17,18.88,19.54,65.63,12.31,0.00,3.02,114.90,0.09
250,2024-04-23 21:30:00,24.96,18.87,18.74,19.25,66.89,12.47,0.00,3.58,107.40,0.09
250,2024-04-23 21:45:00,24.67,18.54,18.31,18.88,68.81,12.49,0.00,3.37,108.70,0.09
250,2024-04-23 22:00:00,24.39,17.97,17.67,18.36,71.67,12.49,0.00,3.14,97.80,0.08
250,2024-04-23 22:15:00,24.13,17.42,17.22,17.82,72.84,12.31,0.00,2.13,87.70,0.09
250,2024-04-23 22:30:00,23.88,16.89,16.77,17.43,74.10,12.13,0.00,2.02,83.90,0.09
250,2024-04-23 22:45:00,23.64,16.50,16.51,17.06,75.81,12.23,0.00,1.84,85.30,0.09
250,2024-04-23 23:00:00,23.40,16.31,16.29,16.86,76.70,12.19,0.00,1.75,110.20,0.09
250,2024-04-23 23:15:00,23.18,15.80,15.66,16.50,79.02,12.04,0.00,1.49,75.42,0.09
250,2024-04-23 23:30:00,22.96,15.45,15.79,16.26,80.40,12.43,0.00,1.55,130.60,0.09
250,2024-04-23 23:45:00,22.75,15.41,15.54,16.15,81.20,12.33,0.00,1.76,113.10,0.09
250,2024-04-24 00:00:00,22.54,14.60,14.73,15.89,83.50,11.97,0.00,1.03,104.80,0.09
250,2024-04-24 00:15:00,22.35,14.09,14.32,15.48,84.30,11.71,0.00,0.79,134.40,0.09
250,2024-04-24 00:30:00,22.16,13.82,13.98,15.15,86.30,11.73,0.00,0.89,93.60,0.09
250,2024-04-24 00:45:00,21.96,13.53,13.62,15.18,87.00,11.50,0.00,0.71,167.30,0.09
250,2024-04-24 01:00:00,21.78,13.33,13.74,14.94,88.40,11.86,0.00,1.18,147.00,0.09
250,2024-04-24 01:15:00,21.60,13.80,14.35,15.09,87.60,12.32,0.00,1.79,147.50,0.09
250,2024-04-24 01:30:00,21.42,14.19,14.43,15.02,87.40,12.36,0.00,1.15,136.30,0.09
250,2024-04-24 01:45:00,21.27,14.34,14.52,15.06,86.50,12.30,0.00,1.49,128.70,0.09
250,2024-04-24 02:00:00,21.11,14.15,14.36,14.99,86.40,12.12,0.00,2.21,106.50,0.08
250,2024-04-24 02:15:00,20.97,14.20,14.25,14.87,85.90,11.92,0.00,1.05,145.50,0.09
250,2024-04-24 02:30:00,20.83,13.68,14.18,14.96,86.20,11.91,0.00,2.90,174.20,0.09
250,2024-04-24 02:45:00,20.68,13.71,13.98,14.95,85.40,11.57,0.00,1.91,177.70,0.08
250,2024-04-24 03:00:00,20.55,13.33,13.53,14.58,86.00,11.23,0.00,1.21,168.50,0.09
250,2024-04-24 03:15:00,20.42,12.92,13.20,14.15,87.30,11.14,0.00,0.72,164.80,0.09
250,2024-04-24 03:30:00,20.28,12.37,12.79,13.85,88.70,10.97,0.00,0.99,249.10,0.08
250,2024-04-24 03:45:00,20.14,12.34,12.67,13.43,89.40,10.97,0.00,0.79,170.90,0.09
250,2024-04-24 04:00:00,20.01,12.31,12.63,13.28,90.30,11.08,0.00,0.88,186.10,0.08
250,2024-04-24 04:15:00,19.88,12.33,12.41,13.00,90.50,10.90,0.00,0.90,193.50,0.08
250,2024-04-24 04:30:00,19.75,11.91,12.06,12.70,91.30,10.69,0.00,0.48,185.60,0.08
250,2024-04-24 04:45:00,19.64,11.36,11.91,12.58,92.00,10.65,0.00,0.63,180.10,0.09
250,2024-04-24 05:00:00,19.51,11.72,12.00,12.59,92.40,10.81,0.00,1.12,135.00,0.08
250,2024-04-24 05:15:00,19.39,11.65,11.63,12.42,92.60,10.47,0.00,0.78,90.70,0.08
250,2024-04-24 05:30:00,19.27,11.30,11.36,12.10,92.70,10.22,0.00,0.70,6.48,0.08
250,2024-04-24 05:45:00,19.16,10.29,10.74,12.00,93.60,9.75,0.00,1.32,273.90,0.08
250,2024-04-24 06:00:00,19.03,10.78,11.10,11.76,93.60,10.11,0.00,0.74,122.30,0.08
250,2024-04-24 06:15:00,18.91,10.72,10.96,11.67,93.90,10.02,0.00,1.06,229.10,0.08
250,2024-04-24 06:30:00,18.80,10.49,10.78,11.57,94.00,9.85,0.00,1.13,208.90,0.10
250,2024-04-24 06:45:00,18.69,10.67,10.88,11.70,94.10,9.97,0.00,1.04,196.30,0.79
250,2024-04-24 07:00:00,18.59,10.30,10.69,11.56,94.40,9.83,0.00,1.08,227.10,5.30
250,2024-04-24 07:15:00,18.49,10.34,10.69,11.38,94.50,9.84,0.00,0.82,206.30,17.70
250,2024-04-24 07:30:00,18.40,10.98,11.57,11.66,95.90,10.94,0.00,0.84,198.40,65.16
250,2024-04-24 07:45:00,18.35,12.96,12.62,12.47,95.30,11.89,0.00,0.49,189.40,108.00
250,2024-04-24 08:00:00,18.34,13.89,13.04,13.55,94.80,12.23,0.00,0.96,63.11,152.50
250,2024-04-24 08:15:00,18.39,15.03,14.18,14.84,93.50,13.15,0.00,1.07,101.10,199.40
250,2024-04-24 08:30:00,18.50,16.09,14.84,15.51,89.40,13.11,0.00,1.98,140.00,249.40
250,2024-04-24 08:45:00,18.69,17.02,16.37,16.12,82.90,13.46,0.00,2.80,141.40,298.40
250,2024-04-24 09:00:00,18.92,18.15,17.67,17.21,76.02,13.39,0.00,3.36,141.50,347.50
250,2024-04-24 09:15:00,19.25,19.21,18.85,18.31,69.97,13.26,0.00,3.79,140.90,399.70
250,2024-04-24 09:30:00,19.63,20.29,19.70,19.36,66.86,13.37,0.00,4.16,137.40,451.50
250,2024-04-24 09:45:00,20.06,21.26,20.58,20.11,64.25,13.60,0.00,4.26,138.10,502.50
250,2024-04-24 10:00:00,20.52,22.08,21.40,20.86,60.14,13.36,0.00,4.27,139.10,551.70
250,2024-04-24 10:15:00,21.04,22.70,22.29,21.45,57.53,13.51,0.00,5.18,155.10,599.10
250,2024-04-24 10:30:00,21.62,23.09,22.24,21.78,54.24,12.57,0.00,5.89,173.10,643.50
250,2024-04-24 10:45:00,22.23,23.43,22.52,22.14,50.91,11.86,0.00,5.52,142.60,685.60
250,2024-04-24 11:00:00,22.84,23.45,22.58,22.15,52.75,12.46,0.00,5.44,177.00,724.00
250,2024-04-24 11:15:00,23.46,24.02,22.90,22.88,51.25,12.31,0.00,3.67,199.10,759.70
250,2024-04-24 11:30:00,24.09,24.38,23.10,22.97,49.68,12.02,0.00,4.90,158.40,792.80
250,2024-04-24 11:45:00,24.72,24.35,23.27,23.00,47.44,11.48,0.00,3.80,123.20,825.00
250,2024-04-24 12:00:00,25.33,24.70,23.37,23.48,48.36,11.86,0.00,3.79,161.80,872.00
250,2024-04-24 12:15:00,25.97,25.08,23.87,23.71,47.21,11.96,0.00,4.77,259.60,916.00
250,2024-04-24 12:30:00,26.60,25.72,24.74,24.36,45.82,12.29,0.00,2.53,127.50,951.00
250,2024-04-24 12:45:00,27.23,25.87,24.36,24.63,45.76,11.93,0.00,2.73,58.36,962.00
250,2024-04-24 13:00:00,27.88,25.62,24.18,24.06,46.39,11.97,0.00,4.69,39.66,952.00
250,2024-04-24 13:15:00,28.43,25.32,24.89,24.14,46.86,12.77,0.00,3.85,88.10,727.00
250,2024-04-24 13:30:00,28.75,26.23,25.07,24.72,43.46,11.79,0.00,3.17,66.60,791.30
250,2024-04-24 13:45:00,28.78,26.35,24.95,24.85,45.86,12.50,0.00,6.08,5.09,899.00
250,2024-04-24 14:00:00,28.58,26.42,25.34,24.43,49.46,14.01,0.00,7.30,349.80,962.00
250,2024-04-24 14:15:00,28.29,26.78,25.37,24.97,45.81,12.86,0.00,5.14,359.40,944.00
250,2024-04-24 14:30:00,28.18,26.65,25.44,25.02,45.31,12.76,0.00,4.88,336.50,923.00
250,2024-04-24 14:45:00,28.40,26.97,25.37,25.54,42.35,11.67,0.00,3.29,265.90,904.00
250,2024-04-24 15:00:00,28.83,26.70,25.38,25.59,42.98,11.90,0.00,3.17,349.60,882.00
250,2024-04-24 15:15:00,29.32,26.86,25.66,25.55,43.00,12.16,0.00,3.93,223.40,746.90
250,2024-04-24 15:30:00,29.73,27.45,25.99,25.99,42.17,12.16,0.00,3.47,176.60,856.00
250,2024-04-24 15:45:00,30.12,27.25,25.64,25.81,45.32,12.94,0.00,4.99,53.58,798.90
250,2024-04-24 16:00:00,30.49,27.24,25.69,25.75,45.39,13.01,0.00,5.90,47.50,754.90
250,2024-04-24 16:15:00,30.76,27.03,25.95,25.75,41.97,12.06,0.00,4.00,77.83,692.30
250,2024-04-24 16:30:00,30.97,27.64,25.92,26.14,42.65,12.27,0.00,5.50,357.00,604.60
250,2024-04-24 16:45:00,31.13,27.63,26.56,26.26,41.32,12.37,0.00,3.28,2.40,636.60
250,2024-04-24 17:00:00,31.20,27.77,26.49,26.65,43.59,13.12,0.00,2.68,126.50,596.30
250,2024-04-24 17:15:00,31.29,27.85,26.50,26.88,40.62,12.05,0.00,2.57,122.50,552.50
250,2024-04-24 17:30:00,31.35,27.73,26.61,26.63,40.58,12.14,0.00,3.66,52.58,491.40
250,2024-04-24 17:45:00,31.36,27.79,26.51,26.70,44.68,13.52,0.00,3.72,23.18,442.80
250,2024-04-24 18:00:00,31.31,27.81,26.53,26.68,42.87,12.90,0.00,4.74,1.21,388.30
250,2024-04-24 18:15:00,31.20,27.53,26.37,26.35,42.72,12.70,0.00,5.18,1.41,327.80
250,2024-04-24 18:30:00,31.03,27.41,26.37,26.48,44.70,13.40,0.00,3.85,12.09,274.40
250,2024-04-24 18:45:00,30.81,27.26,26.19,26.51,43.91,12.96,0.00,2.68,21.91,208.00
250,2024-04-24 19:00:00,30.55,26.64,25.79,26.20,44.51,12.81,0.00,3.24,24.96,167.80
250,2024-04-24 19:15:00,30.27,25.85,25.10,25.85,47.39,13.14,0.00,2.66,34.31,98.60
250,2024-04-24 19:30:00,29.93,25.16,24.53,25.33,49.87,13.40,0.00,1.48,21.85,30.84
250,2024-04-24 19:45:00,29.56,24.19,23.41,24.70,54.86,13.83,0.00,1.40,36.68,28.48
250,2024-04-24 20:00:00,29.17,22.86,22.18,23.84,62.54,14.70,0.00,0.98,13.41,10.55
250,2024-04-24 20:15:00,28.79,21.66,21.51,22.65,63.56,14.31,0.00,0.50,50.02,2.46
250,2024-04-24 20:30:00,28.40,20.58,20.65,21.70,67.31,14.38,0.00,0.73,266.30,0.29
250,2024-04-24 20:45:00,28.04,19.49,19.13,21.25,73.67,14.32,0.00,2.85,268.80,0.08
250,2024-04-24 21:00:00,27.67,19.73,20.20,21.12,67.65,14.03,0.00,4.53,279.60,0.08
250,2024-04-24 21:15:00,27.31,19.98,20.20,21.18,67.17,13.92,0.00,1.74,305.20,0.08
250,2024-04-24 21:30:00,26.97,19.65,19.67,21.09,69.16,13.87,0.00,1.35,309.20,0.08
250,2024-04-24 21:45:00,26.66,19.13,19.30,20.75,72.50,14.24,0.00,1.72,192.10,0.08
250,2024-04-24 22:00:00,26.37,18.34,18.47,20.00,73.98,13.75,0.00,0.80,42.66,0.09
250,2024-04-24 22:15:00,26.09,17.86,18.16,19.89,77.26,14.12,0.00,2.40,12.88,0.08
250,2024-04-24 22:30:00,25.81,18.60,18.87,19.70,72.26,13.77,0.00,4.17,92.10,0.08
250,2024-04-24 22:45:00,25.55,18.71,19.30,20.55,70.53,13.81,0.00,2.76,37.55,0.09
250,2024-04-24 23:00:00,25.31,18.56,18.74,20.16,73.86,13.98,0.00,1.66,44.52,0.09
250,2024-04-24 23:15:00,25.09,18.22,17.59,19.64,77.37,13.59,0.00,2.37,259.40,0.08
250,2024-04-24 23:30:00,24.87,17.55,17.49,18.92,77.34,13.48,0.00,0.96,112.80,0.09
250,2024-04-24 23:45:00,24.67,16.99,17.08,18.24,79.38,13.49,0.00,0.82,74.77,0.08
250,2024-04-25 00:00:00,24.47,16.54,16.50,17.75,80.90,13.21,0.00,0.93,350.90,0.08
250,2024-04-25 00:15:00,24.27,16.12,16.47,17.41,84.50,13.85,0.00,1.22,209.10,0.09
250,2024-04-25 00:30:00,24.09,15.75,15.92,16.89,84.60,13.33,0.00,0.52,79.43,0.08
250,2024-04-25 00:45:00,23.90,15.68,16.03,16.90,84.70,13.46,0.00,1.07,109.40,0.08
250,2024-04-25 01:00:00,23.72,15.63,15.59,16.71,85.30,13.13,0.00,1.01,76.93,0.08
250,2024-04-25 01:15:00,23.54,15.36,15.37,16.29,86.20,13.08,0.00,0.79,88.90,0.09
250,2024-04-25 01:30:00,23.38,15.19,15.17,16.12,88.00,13.20,0.00,1.17,169.80,0.08
250,2024-04-25 01:45:00,23.21,14.77,14.73,15.74,88.70,12.88,0.00,1.23,114.90,0.08
250,2024-04-25 02:00:00,23.04,14.44,14.35,15.16,89.00,12.56,0.00,0.40,307.30,0.08
250,2024-04-25 02:15:00,22.88,13.96,14.26,14.87,89.80,12.61,0.00,0.43,297.90,0.08
250,2024-04-25 02:30:00,22.72,14.00,14.08,14.79,90.10,12.48,0.00,0.36,350.80,0.08
250,2024-04-25 02:45:00,22.57,13.80,13.98,14.52,90.90,12.52,0.00,1.02,131.40,0.08
250,2024-04-25 03:00:00,22.42,13.84,13.92,14.56,91.00,12.48,0.00,0.76,237.80,0.09
250,2024-04-25 03:15:00,22.28,13.62,13.61,14.35,91.20,12.20,0.00,0.80,273.10,0.08
250,2024-04-25 03:30:00,22.13,13.29,13.27,13.98,91.90,11.98,0.00,0.49,254.60,0.09
250,2024-04-25 03:45:00,22.00,13.10,13.30,13.67,92.10,12.04,0.00,0.38,359.50,0.08
250,2024-04-25 04:00:00,21.87,13.28,13.26,13.63,92.40,12.05,0.00,0.67,97.50,0.08
250,2024-04-25 04:15:00,21.74,13.13,13.21,13.63,92.90,12.09,0.00,0.98,103.60,0.08
250,2024-04-25 04:30:00,21.61,13.11,13.02,13.57,92.90,11.90,0.00,0.77,240.60,0.08
250,2024-04-25 04:45:00,21.48,13.06,12.97,13.54,92.90,11.85,0.00,1.01,122.80,0.08
250,2024-04-25 05:00:00,21.37,12.92,12.76,13.35,93.10,11.67,0.00,0.41,334.20,0.09
250,2024-04-25 05:15:00,21.25,12.76,12.69,13.15,93.40,11.65,0.00,0.40,36.77,0.09
250,2024-04-25 05:30:00,21.14,12.67,12.59,13.13,93.60,11.59,0.00,0.79,316.30,0.09
250,2024-04-25 05:45:00,21.03,12.60,12.51,13.02,93.80,11.54,0.00,1.41,336.80,0.09
250,2024-04-25 06:00:00,20.92,12.62,12.52,13.00,93.80,11.55,0.00,0.46,285.50,0.08
250,2024-04-25 06:15:00,20.81,12.56,12.44,12.88,94.00,11.50,0.00,1.07,344.30,0.09
250,2024-04-25 06:30:00,20.70,12.41,12.31,12.93,94.10,11.39,0.00,0.84,273.50,0.12
250,2024-04-25 06:45:00,20.60,12.36,12.45,12.84,94.30,11.56,0.00,0.92,229.20,0.87
250,2024-04-25 07:00:00,20.51,12.56,12.56,13.05,94.40,11.68,0.00,0.58,196.80,5.53
250,2024-04-25 07:15:00,20.42,12.74,12.60,13.00,94.40,11.72,0.00,0.66,231.00,20.85
250,2024-04-25 07:30:00,20.34,13.27,13.24,13.46,95.20,12.49,0.00,0.55,232.80,65.79
250,2024-04-25 07:45:00,20.30,14.85,14.05,14.45,95.00,13.26,0.00,0.56,205.50,109.80
250,2024-04-25 08:00:00,20.30,16.04,14.88,15.85,94.80,14.05,0.00,0.31,211.70,154.80
250,2024-04-25 08:15:00,20.34,16.67,15.52,16.63,93.40,14.46,0.00,0.95,209.80,201.10
250,2024-04-25 08:30:00,20.45,17.46,16.71,17.45,92.90,15.56,0.00,0.88,204.70,247.00
250,2024-04-25 08:45:00,20.64,18.61,17.79,18.63,90.50,16.22,0.00,1.06,190.80,293.10
250,2024-04-25 09:00:00,20.87,20.20,20.00,19.95,84.90,17.38,0.00,0.99,156.60,343.60
250,2024-04-25 09:15:00,21.16,21.85,20.69,21.06,79.24,16.97,0.00,2.54,18.01,394.30
250,2024-04-25 09:30:00,21.54,22.16,21.36,20.92,77.77,17.32,0.00,3.17,5.66,444.20
250,2024-04-25 09:45:00,21.94,22.89,21.74,21.61,74.50,17.01,0.00,2.47,13.16,493.80
250,2024-04-25 10:00:00,22.38,23.13,22.01,21.96,72.21,16.78,0.00,2.89,14.45,541.10
250,2024-04-25 10:15:00,22.84,23.20,22.09,22.09,68.57,16.05,0.00,4.05,359.40,586.10
250,2024-04-25 10:30:00,23.32,23.78,22.80,22.33,64.34,15.72,0.00,3.62,14.77,629.10
250,2024-04-25 10:45:00,23.82,24.14,22.95,22.77,65.56,16.16,0.00,3.65,26.80,671.50
250,2024-04-25 11:00:00,24.38,24.73,23.74,23.51,65.17,16.82,0.00,2.88,17.19,710.90
250,2024-04-25 11:15:00,24.96,25.07,23.79,23.77,61.38,15.92,0.00,2.65,9.08,746.60
250,2024-04-25 11:30:00,25.56,25.70,24.12,24.51,59.28,15.69,0.00,2.71,282.90,779.00
250,2024-04-25 11:45:00,26.18,25.73,25.09,24.53,57.11,16.01,0.00,2.48,230.50,806.00
250,2024-04-25 12:00:00,26.80,26.64,24.98,25.18,58.62,16.32,0.00,3.80,350.40,833.00
250,2024-04-25 12:15:00,27.40,26.99,25.57,25.49,55.06,15.89,0.00,3.12,324.80,855.00
250,2024-04-25 12:30:00,27.99,26.94,25.78,25.57,48.20,14.02,0.00,3.41,118.80,879.00
250,2024-04-25 12:45:00,28.58,27.82,26.51,26.45,48.06,14.64,0.00,1.86,246.10,892.00
250,2024-04-25 13:00:00,29.16,28.16,26.95,26.87,37.67,11.31,0.00,2.07,145.30,905.00
250,2024-04-25 13:15:00,29.70,28.45,27.24,27.40,42.86,13.54,0.00,1.91,124.90,891.00
250,2024-04-25 13:30:00,30.16,28.63,26.90,26.83,42.16,12.98,0.00,4.82,343.90,919.00
250,2024-04-25 13:45:00,30.32,28.83,27.07,27.09,39.79,12.25,0.00,4.80,3.59,922.00
250,2024-04-25 14:00:00,30.15,28.35,26.80,26.71,43.23,13.27,0.00,5.23,325.20,917.00
250,2024-04-25 14:15:00,29.87,28.62,27.73,27.06,43.50,14.21,0.00,3.61,90.30,914.00
250,2024-04-25 14:30:00,29.70,29.05,27.53,27.42,42.26,13.58,0.00,4.26,44.05,901.00
250,2024-04-25 14:45:00,29.87,29.17,27.96,27.76,41.33,13.63,0.00,3.23,70.04,879.00
250,2024-04-25 15:00:00,30.24,29.75,28.57,28.16,41.26,14.15,0.00,3.10,20.28,859.00
250,2024-04-25 15:15:00,30.69,29.79,28.39,28.29,40.14,13.56,0.00,3.71,19.83,825.00
250,2024-04-25 15:30:00,31.15,29.44,27.91,27.80,43.65,14.42,0.00,5.61,343.50,812.00
250,2024-04-25 15:45:00,31.55,29.44,28.40,27.79,44.30,15.09,0.00,5.03,350.60,782.90
250,2024-04-25 16:00:00,31.90,29.35,27.99,27.89,41.31,13.65,0.00,4.56,20.93,755.40
250,2024-04-25 16:15:00,32.19,29.78,28.44,28.44,41.93,14.28,0.00,3.71,356.70,706.40
250,2024-04-25 16:30:00,32.43,29.96,28.79,28.31,41.56,14.46,0.00,5.38,356.30,670.30
250,2024-04-25 16:45:00,32.61,30.11,28.48,28.41,41.50,14.16,0.00,5.40,348.40,625.10
250,2024-04-25 17:00:00,32.74,29.88,28.74,28.36,40.90,14.16,0.00,4.61,355.60,581.90
250,2024-04-25 17:15:00,32.82,29.79,28.27,28.54,39.93,13.37,0.00,4.08,11.11,539.00
250,2024-04-25 17:30:00,32.87,29.68,28.71,28.76,40.08,13.83,0.00,2.66,356.30,488.40
250,2024-04-25 17:45:00,32.85,30.11,28.81,28.94,39.63,13.74,0.00,3.51,323.20,438.20
250,2024-04-25 18:00:00,32.81,30.32,28.75,29.32,38.99,13.44,0.00,1.91,296.30,381.70
250,2024-04-25 18:15:00,32.71,30.22,28.71,29.30,40.51,13.99,0.00,2.51,347.20,327.90
250,2024-04-25 18:30:00,32.60,29.68,28.39,28.64,39.49,13.31,0.00,3.77,340.00,272.70
250,2024-04-25 18:45:00,32.42,29.63,28.67,28.75,39.26,13.47,0.00,2.55,348.30,222.80
250,2024-04-25 19:00:00,32.19,29.51,28.26,28.89,42.10,14.18,0.00,2.33,358.80,168.70
250,2024-04-25 19:15:00,31.93,28.99,27.66,28.80,43.22,14.04,0.00,1.86,345.90,106.30
250,2024-04-25 19:30:00,31.63,27.55,26.63,28.46,46.94,14.39,0.00,1.52,21.97,32.57
250,2024-04-25 19:45:00,31.28,26.18,25.49,27.20,56.01,16.08,0.00,1.14,40.68,29.82
250,2024-04-25 20:00:00,30.91,24.81,24.11,25.90,61.43,16.24,0.00,0.98,352.50,
250,2024-04-25 20:15:00,30.54,23.59,23.40,24.39,62.41,15.82,0.00,0.27,38.15,2.54
250,2024-04-25 20:30:00,30.17,22.79,22.65,23.41,65.55,15.87,0.00,0.40,108.80,0.30
250,2024-04-25 20:45:00,29.79,21.75,21.82,22.69,66.59,15.33,0.00,0.48,286.00,0.09
250,2024-04-25 21:00:00,29.44,20.81,20.90,22.32,72.78,15.84,0.00,1.80,252.40,0.08
250,2024-04-25 21:15:00,29.09,20.91,21.76,22.66,66.96,15.36,0.00,3.21,279.90,0.08
250,2024-04-25 21:30:00,28.76,21.51,21.90,23.05,65.38,15.12,0.00,2.73,286.30,0.08
250,2024-04-25 21:45:00,28.45,20.92,21.00,22.61,70.34,15.40,0.00,3.01,28.47,0.08
250,2024-04-25 22:00:00,28.15,21.21,21.68,22.38,67.08,15.31,0.00,4.04,89.60,0.08
250,2024-04-25 22:15:00,27.87,21.23,21.34,22.89,67.88,15.17,0.00,1.77,18.19,0.08
250,2024-04-25 22:30:00,27.62,20.36,20.25,22.20,72.02,15.05,0.00,2.24,291.90,0.08
250,2024-04-25 22:45:00,27.37,19.60,19.95,21.26,73.87,15.15,0.00,1.26,30.89,0.08
250,2024-04-25 23:00:00,27.15,19.55,19.39,21.04,75.94,15.04,0.00,1.17,347.70,0.08
250,2024-04-25 23:15:00,26.92,18.91,19.03,20.24,80.10,15.52,0.00,1.74,262.80,0.08
250,2024-04-25 23:30:00,26.71,18.53,18.60,20.13,79.65,15.02,0.00,2.02,2.47,0.08
250,2024-04-25 23:45:00,26.50,18.38,18.44,19.92,82.50,15.41,0.00,1.58,126.70,0.08
250,2024-04-26 00:00:00,26.30,18.42,18.41,19.53,83.00,15.47,0.00,1.06,206.70,0.09
250,2024-04-26 00:15:00,26.12,18.15,18.31,19.31,84.50,15.65,0.00,1.63,206.20,0.09
250,2024-04-26 00:30:00,25.94,18.05,18.11,19.21,84.50,15.46,0.00,1.62,145.00,0.09
250,2024-04-26 00:45:00,25.77,17.78,17.90,18.82,85.30,15.40,0.00,1.23,4.35,0.08
250,2024-04-26 01:00:00,25.59,17.57,17.63,18.42,86.30,15.32,0.00,1.61,70.86,0.08
250,2024-04-26 01:15:00,25.43,17.49,17.28,18.20,86.60,15.03,0.00,0.68,177.50,0.09
250,2024-04-26 01:30:00,25.27,17.17,17.26,17.96,87.60,15.18,0.00,0.55,184.80,0.09
250,2024-04-26 01:45:00,25.10,16.94,16.95,17.92,88.30,15.00,0.00,1.04,225.10,0.08
250,2024-04-26 02:00:00,24.96,16.81,16.77,17.60,88.50,14.86,0.00,0.59,242.20,0.08
250,2024-04-26 02:15:00,24.81,16.64,16.73,17.31,89.60,15.01,0.00,0.95,163.60,0.09
250,2024-04-26 02:30:00,24.67,16.62,16.66,17.17,90.10,15.03,0.00,1.30,141.60,0.09
250,2024-04-26 02:45:00,24.53,16.50,16.27,17.00,90.30,14.68,0.00,1.11,153.00,0.09
250,2024-04-26 03:00:00,24.39,16.30,16.33,17.05,90.70,14.81,0.00,1.40,201.00,0.09
250,2024-04-26 03:15:00,24.25,16.09,16.00,16.88,90.40,14.43,0.00,1.33,241.90,0.09
250,2024-04-26 03:30:00,24.12,15.97,16.06,16.73,90.50,14.51,0.00,2.18,248.30,0.09
250,2024-04-26 03:45:00,23.99,16.00,16.00,16.86,90.20,14.40,0.00,1.47,278.00,0.09
250,2024-04-26 04:00:00,23.87,16.02,16.23,16.95,89.90,14.57,0.00,1.69,217.40,0.09
250,2024-04-26 04:15:00,23.75,16.01,15.93,16.84,89.30,14.17,0.00,0.90,211.00,0.10
250,2024-04-26 04:30:00,23.64,15.82,15.96,16.68,89.90,14.30,0.00,0.77,194.80,0.09
250,2024-04-26 04:45:00,23.52,15.79,15.84,16.45,90.00,14.20,0.00,0.93,126.90,0.09
250,2024-04-26 05:00:00,23.41,15.75,15.72,16.45,90.50,14.17,0.00,1.32,127.40,0.09
250,2024-04-26 05:15:00,23.30,15.57,15.51,16.16,91.10,14.06,0.00,1.57,105.10,0.09
250,2024-04-26 05:30:00,23.20,15.43,15.39,15.97,91.50,14.01,0.00,0.87,114.20,0.09
250,2024-04-26 05:45:00,23.09,15.14,15.07,15.79,91.80,13.75,0.00,0.66,330.60,0.09
250,2024-04-26 06:00:00,22.98,14.91,14.91,15.57,92.10,13.64,0.00,0.68,268.50,0.08
250,2024-04-26 06:15:00,22.87,15.02,15.04,15.53,92.60,13.85,0.00,0.80,193.60,0.09
250,2024-04-26 06:30:00,22.77,14.91,14.74,15.38,92.80,13.59,0.00,1.24,84.80,0.12
250,2024-04-26 06:45:00,22.66,14.80,14.72,15.15,93.20,13.63,0.00,1.34,60.87,0.90
250,2024-04-26 07:00:00,22.56,14.91,14.73,15.15,93.20,13.64,0.00,0.86,155.20,5.27
250,2024-04-26 07:15:00,22.46,14.92,14.97,15.38,93.80,13.98,0.00,1.16,123.30,19.94
250,2024-04-26 07:30:00,22.37,15.36,15.11,15.53,93.50,14.07,0.00,0.68,99.30,30.68
250,2024-04-26 07:45:00,22.31,15.83,15.78,15.76,94.10,14.83,0.00,0.51,107.00,74.96
250,2024-04-26 08:00:00,22.28,17.02,16.37,16.71,93.30,15.29,0.00,1.23,177.10,146.10
250,2024-04-26 08:15:00,22.29,18.42,17.75,17.95,91.50,16.35,0.00,1.38,105.90,186.00
250,2024-04-26 08:30:00,22.37,19.78,19.03,19.07,86.40,16.71,0.00,1.37,115.70,230.20
250,2024-04-26 08:45:00,22.51,20.54,19.52,19.77,82.30,16.42,0.00,2.09,140.20,209.80
250,2024-04-26 09:00:00,22.70,20.53,20.38,19.87,80.50,16.92,0.00,1.31,160.30,229.40
250,2024-04-26 09:15:00,22.89,22.25,21.61,21.36,77.27,17.46,0.00,1.93,198.10,393.20
250,2024-04-26 09:30:00,23.15,23.17,22.55,22.09,69.91,16.79,0.00,4.03,179.60,435.00
250,2024-04-26 09:45:00,23.50,24.15,23.51,22.84,66.62,16.95,0.00,4.89,176.10,486.30
250,2024-04-26 10:00:00,23.89,24.82,23.87,23.63,64.59,16.80,0.00,4.74,164.00,531.90
250,2024-04-26 10:15:00,24.33,25.16,24.29,23.90,59.35,15.87,0.00,5.78,170.60,578.70
250,2024-04-26 10:30:00,24.82,25.66,24.59,24.36,57.32,15.61,0.00,5.45,163.60,620.60
250,2024-04-26 10:45:00,25.32,26.12,25.15,24.73,53.26,14.98,0.00,4.65,173.80,661.30
250,2024-04-26 11:00:00,25.84,26.81,25.45,25.36,53.81,15.42,0.00,3.66,167.40,698.40
250,2024-04-26 11:15:00,26.39,27.07,25.71,25.69,53.18,15.48,0.00,4.33,118.10,735.00
250,2024-04-26 11:30:00,26.95,27.34,25.86,26.10,47.77,13.95,0.00,4.63,108.20,766.90
250,2024-04-26 11:45:00,27.49,27.42,26.44,26.14,46.96,14.22,0.00,5.49,106.60,805.00
250,2024-04-26 12:00:00,28.02,27.65,26.71,26.40,47.85,14.76,0.00,4.84,133.50,718.30
250,2024-04-26 12:15:00,28.52,28.47,27.11,26.95,49.18,15.55,0.00,5.01,123.50,900.00
250,2024-04-26 12:30:00,29.02,27.83,27.04,26.69,50.17,15.79,0.00,7.63,147.20,715.30
250,2024-04-26 12:45:00,29.47,28.62,27.66,27.09,51.68,16.83,0.00,6.16,124.80,907.00
250,2024-04-26 13:00:00,29.92,28.53,26.74,27.12,51.59,15.95,0.00,6.37,94.80,755.00
250,2024-04-26 13:15:00,30.37,28.24,26.94,27.13,52.61,16.45,0.00,7.14,93.50,660.80
250,2024-04-26 13:30:00,30.65,28.40,28.07,27.24,49.78,16.62,0.00,5.48,117.70,764.90
250,2024-04-26 13:45:00,30.71,29.40,28.14,27.92,48.14,16.16,0.00,6.20,97.80,901.00
250,2024-04-26 14:00:00,30.66,29.58,28.47,28.09,46.38,15.87,0.00,11.89,104.80,902.00
250,2024-04-26 14:15:00,30.58,29.50,28.28,27.96,43.59,14.74,0.00,7.48,83.30,881.00
250,2024-04-26 14:30:00,30.54,29.90,29.11,28.29,44.72,15.88,0.00,6.45,88.70,897.00
250,2024-04-26 14:45:00,30.68,29.69,28.20,28.26,46.28,15.59,0.00,6.28,118.70,562.50
250,2024-04-26 15:00:00,30.95,29.66,28.98,28.41,45.59,16.07,0.00,6.63,108.60,857.00
250,2024-04-26 15:15:00,31.21,30.03,28.93,28.68,43.28,15.21,0.00,5.15,101.80,803.00
250,2024-04-26 15:30:00,31.55,29.18,28.22,28.21,47.63,16.06,0.00,6.25,74.78,330.00
250,2024-04-26 15:45:00,31.78,29.77,29.11,28.62,43.64,15.50,0.00,6.11,112.20,816.00
250,2024-04-26 16:00:00,31.91,29.29,28.24,28.36,46.24,15.62,0.00,6.43,91.60,266.60
250,2024-04-26 16:15:00,32.05,28.44,27.68,27.83,50.05,16.34,0.00,7.48,75.04,225.30
250,2024-04-26 16:30:00,31.97,28.34,27.81,27.52,49.85,16.40,0.00,9.06,65.89,375.50
250,2024-04-26 16:45:00,31.82,28.72,27.56,27.78,50.45,16.36,0.00,9.09,80.80,459.80
250,2024-04-26 17:00:00,31.75,28.48,27.51,27.72,52.10,16.82,0.00,7.10,91.00,368.00
250,2024-04-26 17:15:00,31.73,28.49,27.78,27.83,51.16,16.78,0.00,5.50,85.90,258.20
250,2024-04-26 17:30:00,31.67,28.76,28.00,27.96,48.04,16.00,0.00,13.78,71.65,424.50
250,2024-04-26 17:45:00,31.59,28.82,27.75,27.93,49.18,16.13,0.00,9.49,85.50,488.70
250,2024-04-26 18:00:00,31.55,28.57,27.66,27.79,48.63,15.88,0.00,8.76,94.60,427.40
250,2024-04-26 18:15:00,31.56,28.41,27.17,27.70,48.40,15.35,0.00,7.94,99.30,289.90
250,2024-04-26 18:30:00,31.54,27.77,27.05,27.31,49.54,15.61,0.00,6.25,81.60,178.80
250,2024-04-26 18:45:00,31.43,27.58,26.84,27.12,50.89,15.83,0.00,6.33,71.93,215.80
250,2024-04-26 19:00:00,31.27,27.08,26.43,26.77,50.52,15.34,0.00,7.44,75.17,131.90
250,2024-04-26 19:15:00,31.06,26.38,25.75,26.20,54.36,15.86,0.00,9.00,69.57,78.30
250,2024-04-26 19:30:00,30.82,25.99,25.51,25.92,55.87,16.06,0.00,6.63,73.62,56.85
250,2024-04-26 19:45:00,30.55,25.68,25.13,25.63,56.77,15.96,0.00,6.90,79.33,41.64
250,2024-04-26 20:00:00,30.27,25.15,24.59,25.23,58.22,15.85,0.00,6.05,84.20,14.96
250,2024-04-26 20:15:00,29.97,24.67,24.29,24.78,60.17,16.08,0.00,7.43,89.00,2.64
250,2024-04-26 20:30:00,29.68,24.31,23.88,24.41,61.74,16.10,0.00,7.71,86.00,0.21
250,2024-04-26 20:45:00,29.38,23.71,23.40,23.95,63.73,16.14,0.00,5.50,91.20,0.08
250,2024-04-26 21:00:00,29.09,23.41,23.07,23.60,65.34,16.22,0.00,5.40,84.80,0.08
250,2024-04-26 21:15:00,28.82,22.99,22.63,23.23,67.27,16.26,0.00,5.13,86.90,0.08
250,2024-04-26 21:30:00,28.55,22.75,22.45,22.95,68.43,16.36,0.00,5.12,90.30,0.08
250,2024-04-26 21:45:00,28.30,22.45,22.12,22.67,69.82,16.36,0.00,4.64,90.50,0.09
250,2024-04-26 22:00:00,28.07,22.05,21.78,22.37,71.11,16.32,0.00,3.85,90.20,0.09
250,2024-04-26 22:15:00,27.84,21.83,21.57,22.09,72.02,16.32,0.00,3.85,94.80,0.08
250,2024-04-26 22:30:00,27.62,21.55,21.34,21.83,72.63,16.23,0.00,3.91,91.60,0.08
250,2024-04-26 22:45:00,27.41,21.21,20.99,21.55,74.14,16.21,0.00,3.57,81.90,0.08
250,2024-04-26 23:00:00,27.21,20.85,20.66,21.30,75.39,16.16,0.00,3.09,72.44,0.09
250,2024-04-26 23:15:00,27.01,20.45,20.42,20.93,77.12,16.28,0.00,2.52,65.07,0.08
250,2024-04-26 23:30:00,26.81,20.09,19.93,20.63,78.20,16.02,0.00,1.79,55.85,0.08
250,2024-04-26 23:45:00,26.63,19.42,19.36,20.12,80.90,16.00,0.00,1.50,52.47,0.08
250,2024-04-27 00:00:00,26.44,18.82,18.79,19.76,82.10,15.67,0.00,1.38,48.47,0.09
250,2024-04-27 00:15:00,26.26,18.54,18.79,19.57,84.00,16.03,0.00,1.80,50.80,0.09
250,2024-04-27 00:30:00,26.08,18.66,18.79,19.49,84.80,16.18,0.00,1.49,59.20,0.08
250,2024-04-27 00:45:00,25.92,18.61,18.75,19.36,85.40,16.25,0.00,1.29,54.53,0.09
250,2024-04-27 01:00:00,25.75,18.36,18.48,19.24,86.00,16.10,0.00,1.88,62.40,0.09
250,2024-04-27 01:15:00,25.60,18.49,18.67,19.18,86.50,16.37,0.00,2.38,58.93,0.09
250,2024-04-27 01:30:00,25.44,18.53,18.65,19.13,87.40,16.52,0.00,2.47,70.52,0.08
250,2024-04-27 01:45:00,25.30,18.99,19.02,19.36,87.60,16.92,0.00,4.36,66.32,0.09
250,2024-04-27 02:00:00,25.17,19.06,18.98,19.37,88.10,16.97,0.00,3.91,62.67,0.09
250,2024-04-27 02:15:00,25.05,18.97,18.87,19.27,88.70,16.97,0.00,3.36,71.81,0.09
250,2024-04-27 02:30:00,24.94,18.78,18.70,19.12,89.30,16.90,0.00,2.85,75.29,0.09
250,2024-04-27 02:45:00,24.82,18.70,18.68,19.03,89.70,16.95,0.00,3.08,78.18,0.09
250,2024-04-27 03:00:00,24.71,18.73,18.62,19.01,89.80,16.91,0.00,3.02,74.44,0.08
250,2024-04-27 03:15:00,24.61,18.78,18.65,19.06,89.90,16.96,0.00,3.07,71.86,0.08
250,2024-04-27 03:30:00,24.51,18.76,18.67,19.05,90.10,17.02,0.00,2.66,69.34,0.09
250,2024-04-27 03:45:00,24.41,18.72,18.55,18.99,90.30,16.93,0.00,2.42,75.79,0.08
250,2024-04-27 04:00:00,24.32,18.48,18.44,18.85,90.50,16.86,0.00,0.88,89.50,0.08
250,2024-04-27 04:15:00,24.24,18.37,18.30,18.81,90.80,16.77,0.00,2.06,91.80,0.08
250,2024-04-27 04:30:00,24.15,18.48,18.33,18.82,90.70,16.78,0.00,1.79,124.20,0.08
250,2024-04-27 04:45:00,24.08,18.24,18.03,18.60,91.10,16.56,0.00,0.49,104.60,0.08
250,2024-04-27 05:00:00,24.00,17.89,17.70,18.43,91.40,16.28,0.00,1.13,140.30,0.08
250,2024-04-27 05:15:00,23.93,17.58,17.57,18.29,92.00,16.26,0.00,1.39,102.90,0.08
250,2024-04-27 05:30:00,23.84,17.28,17.35,18.00,92.50,16.12,0.00,0.51,122.90,0.08
250,2024-04-27 05:45:00,23.75,17.01,17.24,17.79,92.90,16.08,0.00,0.70,352.30,0.08
250,2024-04-27 06:00:00,23.66,16.52,16.63,17.58,93.20,15.53,0.00,0.45,342.70,0.08
250,2024-04-27 06:15:00,23.56,16.44,16.54,17.30,93.30,15.45,0.00,0.37,350.20,0.09
250,2024-04-27 06:30:00,23.46,16.30,16.41,17.28,93.40,15.34,0.00,0.52,0.54,0.11
250,2024-04-27 06:45:00,23.38,16.49,16.63,17.27,93.80,15.63,0.00,0.54,147.10,0.82
250,2024-04-27 07:00:00,23.29,16.85,16.84,17.14,94.00,15.87,0.00,0.42,115.20,3.81
250,2024-04-27 07:15:00,23.24,17.10,17.05,17.45,94.10,16.09,0.00,0.66,160.10,19.44
250,2024-04-27 07:30:00,23.20,17.29,17.26,17.59,94.30,16.34,0.00,0.78,280.40,40.59
250,2024-04-27 07:45:00,23.17,17.98,17.80,17.93,94.40,16.89,0.00,0.79,239.70,54.71
250,2024-04-27 08:00:00,23.18,18.71,18.42,18.49,94.40,17.50,0.00,0.96,122.50,85.30
250,2024-04-27 08:15:00,23.24,19.69,19.49,19.22,94.40,18.57,0.00,2.27,82.20,204.60
250,2024-04-27 08:30:00,23.34,21.27,20.39,20.46,91.10,18.89,0.00,3.39,100.90,304.70
250,2024-04-27 08:45:00,23.53,22.08,21.50,21.47,86.90,19.23,0.00,3.17,90.90,220.10
250,2024-04-27 09:00:00,23.77,22.41,21.88,21.91,81.70,18.61,0.00,4.55,97.70,154.90
250,2024-04-27 09:15:00,23.98,22.67,22.27,22.19,79.81,18.62,0.00,4.52,107.60,190.30
250,2024-04-27 09:30:00,24.15,24.01,23.62,23.11,75.22,18.98,0.00,4.09,114.10,455.20
250,2024-04-27 09:45:00,24.40,24.67,23.57,23.64,73.61,18.59,0.00,5.74,108.20,411.40
250,2024-04-27 10:00:00,24.75,24.06,23.43,23.40,74.28,18.60,0.00,4.79,110.60,229.60
250,2024-04-27 10:15:00,25.02,23.77,23.21,23.32,74.74,18.48,0.00,5.29,95.20,121.90
250,2024-04-27 10:30:00,25.20,23.83,23.34,23.43,74.91,18.64,0.00,5.32,88.40,160.20
250,2024-04-27 10:45:00,25.28,24.22,22.82,23.35,79.73,19.14,0.00,7.80,68.60,372.70
250,2024-04-27 11:00:00,25.41,22.91,21.98,22.05,83.10,18.98,0.00,7.58,49.24,225.20
250,2024-04-27 11:15:00,25.58,22.60,22.32,21.89,85.00,19.68,0.00,7.95,52.23,243.90
250,2024-04-27 11:30:00,25.69,23.48,22.73,22.47,81.20,19.34,0.00,5.92,53.32,415.80
250,2024-04-27 11:45:00,25.84,23.88,22.97,22.81,80.50,19.44,0.00,5.85,57.07,409.40
250,2024-04-27 12:00:00,26.09,23.07,22.09,22.56,82.70,19.01,0.01,6.65,68.61,64.11
250,2024-04-27 12:15:00,26.23,21.82,21.57,21.53,88.20,19.54,0.04,4.85,76.19,174.10
250,2024-04-27 12:30:00,26.13,22.45,22.18,21.88,87.60,20.03,0.00,3.68,58.32,298.80
250,2024-04-27 12:45:00,26.03,23.13,22.87,22.30,87.30,20.65,0.00,5.03,47.43,425.90
250,2024-04-27 13:00:00,26.09,24.25,23.72,23.15,80.70,20.21,0.00,5.07,43.06,680.10
250,2024-04-27 13:15:00,26.35,25.13,24.25,23.98,76.08,19.77,0.00,6.56,51.89,525.00
250,2024-04-27 13:30:00,26.65,24.80,24.23,23.97,79.03,20.37,0.00,5.11,39.51,304.00
250,2024-04-27 13:45:00,26.76,25.59,25.28,24.55,73.91,20.30,0.00,7.01,43.56,722.20
250,2024-04-27 14:00:00,26.84,26.42,25.75,25.18,73.06,20.56,0.00,7.34,51.97,705.30
250,2024-04-27 14:15:00,26.94,27.64,27.05,26.18,68.69,20.81,0.00,6.38,52.74,987.00
250,2024-04-27 14:30:00,27.16,26.42,25.25,25.77,67.37,18.78,0.00,7.71,102.10,173.40
250,2024-04-27 14:45:00,27.31,26.42,26.30,25.82,65.32,19.28,0.00,6.53,102.40,363.50
250,2024-04-27 15:00:00,27.34,26.79,26.19,26.09,66.13,19.38,0.00,9.95,82.60,439.30
250,2024-04-27 15:15:00,27.41,26.89,26.35,26.22,63.02,18.76,0.00,8.72,82.70,398.80
250,2024-04-27 15:30:00,27.48,26.99,26.29,26.39,59.70,17.84,0.00,7.44,92.10,330.50
250,2024-04-27 15:45:00,27.55,26.86,26.02,26.34,62.13,18.22,0.00,6.51,115.30,288.00
250,2024-04-27 16:00:00,27.56,26.75,26.25,26.19,55.63,16.68,0.00,7.93,116.80,337.70
250,2024-04-27 16:15:00,27.59,27.11,26.74,26.43,59.33,18.16,0.00,9.04,105.50,480.80
250,2024-04-27 16:30:00,27.69,27.84,26.94,26.86,57.27,17.79,0.00,10.87,98.70,697.60
250,2024-04-27 16:45:00,27.98,26.63,25.76,26.14,57.21,16.67,0.00,11.19,102.20,246.10
250,2024-04-27 17:00:00,28.15,26.24,25.69,25.90,52.91,15.38,0.00,9.59,100.30,232.00
250,2024-04-27 17:15:00,28.10,26.14,25.62,25.82,53.49,15.48,0.00,8.90,100.30,214.70
250,2024-04-27 17:30:00,27.98,25.90,25.34,25.61,53.70,15.29,0.00,9.18,98.90,184.20
250,2024-04-27 17:45:00,27.84,25.64,25.10,25.42,53.19,14.92,0.00,8.64,95.70,138.20
250,2024-04-27 18:00:00,27.69,25.41,24.89,25.19,52.66,14.57,0.00,7.51,95.50,140.80
250,2024-04-27 18:15:00,27.54,25.27,24.72,25.04,53.81,14.74,0.00,8.62,100.60,157.00
250,2024-04-27 18:30:00,27.39,25.20,25.03,24.91,55.75,15.58,0.00,7.31,94.10,209.60
250,2024-04-27 18:45:00,27.28,25.77,25.04,25.19,57.70,16.13,0.00,8.22,90.30,333.60
250,2024-04-27 19:00:00,27.28,25.65,25.03,25.11,59.86,16.70,0.00,7.95,90.00,247.00
250,2024-04-27 19:15:00,27.30,24.75,24.05,24.59,62.19,16.37,0.00,9.25,92.30,70.89
250,2024-04-27 19:30:00,27.22,24.12,23.68,24.14,62.15,16.02,0.00,7.56,92.30,33.58
250,2024-04-27 19:45:00,27.02,23.76,23.38,23.83,63.95,16.18,0.00,7.56,98.50,20.42
250,2024-04-27 20:00:00,26.79,23.54,23.14,23.61,65.82,16.40,0.00,8.56,88.60,11.73
250,2024-04-27 20:15:00,26.55,23.29,23.00,23.36,66.97,16.54,0.00,7.89,93.60,1.68
250,2024-04-27 20:30:00,26.32,23.09,22.69,23.18,68.61,16.63,0.00,6.58,92.70,0.23
250,2024-04-27 20:45:00,26.11,22.84,22.55,22.93,69.85,16.78,0.00,5.30,87.30,0.09
250,2024-04-27 21:00:00,25.92,22.66,22.35,22.76,71.56,16.96,0.00,5.18,84.20,0.08
250,2024-04-27 21:15:00,25.75,22.38,22.08,22.52,73.00,17.02,0.00,5.26,90.90,0.08
250,2024-04-27 21:30:00,25.57,22.14,21.87,22.30,73.83,17.00,0.00,5.11,84.10,0.09
250,2024-04-27 21:45:00,25.40,21.96,21.70,22.11,74.46,16.97,0.00,4.90,79.61,0.08
250,2024-04-27 22:00:00,25.24,21.83,21.61,21.98,76.01,17.20,0.00,6.23,85.00,0.09
250,2024-04-27 22:15:00,25.09,21.68,21.43,21.80,77.18,17.27,0.00,6.33,86.20,0.08
250,2024-04-27 22:30:00,24.94,21.52,21.20,21.65,78.51,17.32,0.00,6.03,88.60,0.09
250,2024-04-27 22:45:00,24.80,21.37,21.10,21.49,79.39,17.40,0.00,6.46,83.10,0.09
250,2024-04-27 23:00:00,24.67,21.25,21.03,21.37,79.95,17.44,0.00,6.47,84.40,0.08
250,2024-04-27 23:15:00,24.55,21.14,20.88,21.24,80.50,17.40,0.00,6.79,85.50,0.08
250,2024-04-27 23:30:00,24.42,21.01,20.75,21.15,80.80,17.33,0.00,6.75,91.50,0.08
250,2024-04-27 23:45:00,24.32,20.94,20.68,21.05,80.60,17.23,0.00,6.35,90.50,0.09
250,2024-04-28 00:00:00,24.19,20.77,20.48,20.89,81.30,17.17,0.00,4.91,97.60,0.09
250,2024-04-28 00:15:00,24.08,20.70,20.51,20.82,80.80,17.10,0.00,4.29,96.90,0.08
250,2024-04-28 00:30:00,23.97,20.65,20.39,20.76,80.80,16.98,0.00,4.15,97.40,0.08
250,2024-04-28 00:45:00,23.88,20.59,20.34,20.71,80.70,16.92,0.00,4.03,92.20,0.08
250,2024-04-28 01:00:00,23.80,20.42,20.13,20.57,81.00,16.77,0.00,3.69,86.30,0.08
250,2024-04-28 01:15:00,23.72,20.01,19.81,20.34,81.70,16.59,0.00,2.14,92.20,0.09
250,2024-04-28 01:30:00,23.63,19.63,19.49,20.08,82.20,16.38,0.00,2.09,79.77,0.08
250,2024-04-28 01:45:00,23.53,19.26,19.18,19.78,83.00,16.23,0.00,1.66,76.50,0.08
250,2024-04-28 02:00:00,23.42,18.72,18.84,19.45,83.90,16.06,0.00,1.74,72.92,0.08
250,2024-04-28 02:15:00,23.31,18.36,18.47,19.25,85.20,15.94,0.00,2.40,68.07,0.08
250,2024-04-28 02:30:00,23.19,18.38,18.54,19.18,84.80,15.93,0.00,2.94,82.70,0.08
250,2024-04-28 02:45:00,23.09,18.67,18.79,19.24,83.30,15.90,0.00,2.86,85.00,0.08
250,2024-04-28 03:00:00,23.00,18.86,18.85,19.35,82.10,15.73,0.00,3.73,77.35,0.08
250,2024-04-28 03:15:00,22.92,19.00,18.97,19.43,81.40,15.72,0.00,3.91,68.00,0.09
250,2024-04-28 03:30:00,22.84,18.98,18.88,19.40,81.00,15.55,0.00,2.75,72.43,0.09
250,2024-04-28 03:45:00,22.78,18.78,18.84,19.28,81.30,15.57,0.00,2.58,100.40,0.09
250,2024-04-28 04:00:00,22.70,18.77,18.61,19.15,81.60,15.40,0.00,1.67,88.10,0.09
250,2024-04-28 04:15:00,22.62,18.52,18.47,18.98,81.90,15.32,0.00,0.94,90.80,0.09
250,2024-04-28 04:30:00,22.56,17.88,17.72,18.77,84.80,15.13,0.00,1.82,56.74,0.09
250,2024-04-28 04:45:00,22.47,17.36,17.63,18.43,85.20,15.12,0.00,1.59,48.04,0.08
250,2024-04-28 05:00:00,22.37,17.12,16.95,18.26,85.20,14.45,0.00,1.70,34.47,0.08
250,2024-04-28 05:15:00,22.25,16.39,16.51,17.99,87.10,14.36,0.00,1.39,59.47,0.09
250,2024-04-28 05:30:00,22.13,16.30,16.53,17.73,88.20,14.57,0.00,1.98,60.15,0.08
250,2024-04-28 05:45:00,22.00,15.68,15.68,17.61,88.30,13.75,0.00,1.64,348.00,0.08
250,2024-04-28 06:00:00,21.88,15.33,15.90,17.40,90.10,14.28,0.00,1.83,29.95,0.08
250,2024-04-28 06:15:00,21.75,15.63,15.76,17.22,90.20,14.16,0.00,1.12,107.10,0.08
250,2024-04-28 06:30:00,21.63,15.30,15.66,16.84,90.60,14.13,0.00,0.51,257.70,0.11
250,2024-04-28 06:45:00,21.53,15.20,15.39,16.53,90.90,13.91,0.00,0.56,51.62,0.87
250,2024-04-28 07:00:00,21.42,15.32,15.73,16.65,91.50,14.35,0.00,2.34,73.01,5.34
250,2024-04-28 07:15:00,21.33,15.99,16.13,17.11,91.10,14.68,0.00,1.77,53.84,18.91
250,2024-04-28 07:30:00,21.26,16.34,16.53,17.24,91.60,15.16,0.00,1.17,185.00,52.66
250,2024-04-28 07:45:00,21.22,17.87,17.76,18.12,88.40,15.82,0.00,2.28,66.70,97.00
250,2024-04-28 08:00:00,21.23,18.72,18.42,18.67,82.60,15.41,0.00,2.50,63.06,106.40
250,2024-04-28 08:15:00,21.29,18.89,18.70,18.78,82.00,15.57,0.00,4.60,63.56,122.50
250,2024-04-28 08:30:00,21.37,19.75,19.40,19.41,79.26,15.72,0.00,5.05,61.41,174.80
250,2024-04-28 08:45:00,21.50,19.98,19.76,19.71,78.52,15.92,0.00,5.58,56.70,170.60
250,2024-04-28 09:00:00,21.63,20.52,20.20,20.09,76.38,15.92,0.00,6.05,70.06,241.20
250,2024-04-28 09:15:00,21.82,21.44,21.30,20.77,74.44,16.58,0.00,4.58,82.50,325.90
250,2024-04-28 09:30:00,22.04,21.91,21.51,21.27,73.24,16.52,0.00,4.22,85.10,288.90
250,2024-04-28 09:45:00,22.33,22.13,21.95,21.56,73.38,16.98,0.00,5.22,101.80,308.80
250,2024-04-28 10:00:00,22.61,23.19,22.44,22.27,69.44,16.58,0.00,5.68,108.30,469.70
250,2024-04-28 10:15:00,22.99,23.89,23.40,22.94,67.50,17.05,0.00,5.93,104.80,497.70
250,2024-04-28 10:30:00,23.44,24.20,23.57,23.21,62.79,16.07,0.00,7.42,124.00,621.90
250,2024-04-28 10:45:00,23.94,24.79,24.02,23.64,61.14,16.08,0.00,7.63,117.70,719.30
250,2024-04-28 11:00:00,24.52,25.23,24.36,24.03,59.45,15.96,0.00,7.24,106.30,714.70
250,2024-04-28 11:15:00,25.14,25.48,24.56,24.26,58.12,15.79,0.00,9.23,79.24,664.70
250,2024-04-28 11:30:00,25.71,25.55,25.10,24.41,54.96,15.42,0.00,9.01,84.70,702.70
250,2024-04-28 11:45:00,26.17,25.84,24.33,24.71,56.25,15.07,0.00,8.06,96.40,671.60
250,2024-04-28 12:00:00,26.66,25.97,24.74,24.90,54.87,15.06,0.00,7.95,95.10,609.00
250,2024-04-28 12:15:00,27.05,25.51,24.94,24.67,57.17,15.89,0.00,6.91,114.20,444.80
250,2024-04-28 12:30:00,27.31,25.74,25.49,24.88,54.93,15.78,0.00,7.65,91.80,560.40
250,2024-04-28 12:45:00,27.50,27.24,26.43,25.75,48.95,14.85,0.00,7.28,100.80,860.00
250,2024-04-28 13:00:00,27.84,27.13,25.79,25.85,47.54,13.81,0.00,7.86,111.50,734.10
250,2024-04-28 13:15:00,28.31,26.73,26.37,25.75,46.60,14.04,0.00,7.28,110.20,567.70
250,2024-04-28 13:30:00,28.57,26.87,26.33,25.93,45.91,13.77,0.00,6.72,118.70,578.10
250,2024-04-28 13:45:00,28.70,27.58,26.47,26.27,46.84,14.21,0.00,7.21,112.30,1017.00
250,2024-04-28 14:00:00,28.77,28.08,27.10,26.54,43.13,13.51,0.00,7.97,129.20,987.00
250,2024-04-28 14:15:00,28.77,28.44,26.97,26.86,46.35,14.50,0.00,7.49,112.90,975.00
250,2024-04-28 14:30:00,28.85,27.80,26.80,26.47,39.74,11.99,0.00,8.24,113.00,956.00
250,2024-04-28 14:45:00,29.13,27.96,27.21,26.66,44.53,14.10,0.00,7.77,130.60,810.00
250,2024-04-28 15:00:00,29.51,28.19,27.20,26.83,41.01,12.83,0.00,8.79,118.80,881.00
250,2024-04-28 15:15:00,29.92,28.13,27.25,26.80,38.35,11.85,0.00,7.81,114.50,856.00
250,2024-04-28 15:30:00,30.33,28.44,27.88,27.11,40.70,13.32,0.00,7.44,124.70,831.00
250,2024-04-28 15:45:00,30.69,28.75,28.06,27.35,36.29,11.73,0.00,6.15,104.10,810.00
250,2024-04-28 16:00:00,31.04,28.51,27.51,27.10,40.59,12.95,0.00,7.26,90.40,804.00
250,2024-04-28 16:15:00,31.35,27.42,26.76,26.59,42.96,13.14,0.00,7.52,94.40,367.90
250,2024-04-28 16:30:00,31.44,28.20,27.14,27.04,45.25,14.28,0.00,7.03,93.20,635.00
250,2024-04-28 16:45:00,31.47,27.94,26.70,26.62,44.36,13.58,0.00,9.45,65.59,583.70
250,2024-04-28 17:00:00,31.52,27.54,26.59,26.60,46.84,14.32,0.00,8.13,93.20,451.90
250,2024-04-28 17:15:00,31.50,26.94,26.25,26.19,47.79,14.32,0.00,8.86,81.00,360.70
250,2024-04-28 17:30:00,31.39,27.11,26.20,26.22,50.85,15.23,0.00,8.69,86.10,387.90
250,2024-04-28 17:45:00,31.28,26.90,26.15,26.15,51.43,15.36,0.00,8.25,104.20,408.10
250,2024-04-28 18:00:00,31.13,27.01,25.88,26.14,51.87,15.25,0.00,8.65,97.70,420.60
250,2024-04-28 18:15:00,31.03,26.54,25.88,25.82,52.31,15.38,0.00,7.74,100.10,349.90
250,2024-04-28 18:30:00,30.94,26.17,25.40,25.59,49.77,14.16,0.00,9.27,83.30,251.40
250,2024-04-28 18:45:00,30.78,26.03,25.41,25.56,47.90,13.58,0.00,8.12,79.09,226.20
250,2024-04-28 19:00:00,30.57,25.81,25.18,25.43,48.23,13.48,0.00,7.58,88.20,177.10
250,2024-04-28 19:15:00,30.32,25.32,24.73,25.18,49.18,13.37,0.00,7.97,92.80,117.00
250,2024-04-28 19:30:00,30.04,24.77,24.26,24.80,51.53,13.65,0.00,7.58,94.50,42.88
250,2024-04-28 19:45:00,29.71,24.23,23.68,24.29,53.34,13.64,0.00,6.58,91.50,23.14
250,2024-04-28 20:00:00,29.39,23.67,23.26,23.80,55.15,13.77,0.00,5.37,89.30,14.39
250,2024-04-28 20:15:00,29.05,23.13,22.83,23.33,57.14,13.91,0.00,5.00,87.40,4.25
250,2024-04-28 20:30:00,28.71,22.74,22.39,22.95,59.63,14.16,0.00,5.07,93.00,0.36
250,2024-04-28 20:45:00,28.40,22.37,22.02,22.57,61.61,14.31,0.00,4.49,92.40,0.08
250,2024-04-28 21:00:00,28.10,22.06,21.71,22.24,63.10,14.39,0.00,5.34,92.40,0.08
250,2024-04-28 21:15:00,27.82,21.65,21.36,21.88,64.55,14.41,0.00,4.63,89.00,0.08
250,2024-04-28 21:30:00,27.55,21.33,21.11,21.60,65.45,14.39,0.00,4.79,96.10,0.08
250,2024-04-28 21:45:00,27.30,21.08,20.76,21.36,66.73,14.35,0.00,4.32,98.40,0.08
250,2024-04-28 22:00:00,27.05,20.68,20.47,21.02,67.96,14.36,0.00,3.68,97.20,0.08
250,2024-04-28 22:15:00,26.82,20.34,20.18,20.70,68.87,14.29,0.00,2.45,96.00,0.08
250,2024-04-28 22:30:00,26.60,19.75,19.60,20.29,70.68,14.13,0.00,2.23,85.30,0.08
250,2024-04-28 22:45:00,26.37,19.34,19.43,19.97,71.70,14.19,0.00,2.48,97.10,0.08
250,2024-04-28 23:00:00,26.17,19.15,19.16,19.72,72.61,14.13,0.00,2.22,90.40,0.08
250,2024-04-28 23:15:00,25.95,18.92,19.01,19.48,73.41,14.15,0.00,2.13,103.40,0.08
250,2024-04-28 23:30:00,25.76,18.60,18.61,19.22,76.12,14.32,0.00,1.80,100.80,0.09
250,2024-04-28 23:45:00,25.56,17.84,17.87,18.82,77.63,13.91,0.00,1.39,85.00,0.08
250,2024-04-29 00:00:00,25.38,17.10,17.04,18.27,80.30,13.62,0.00,0.89,99.90,0.08
250,2024-04-29 00:15:00,25.19,16.41,16.64,17.98,82.30,13.61,0.00,0.89,77.42,0.08
250,2024-04-29 00:30:00,25.00,16.20,16.33,17.54,83.20,13.48,0.00,1.14,51.78,0.08
250,2024-04-29 00:45:00,24.81,16.05,16.37,17.26,84.20,13.70,0.00,0.89,56.86,0.08
250,2024-04-29 01:00:00,24.63,15.83,16.10,17.22,85.90,13.74,0.00,1.06,186.70,0.08
250,2024-04-29 01:15:00,24.45,15.57,15.75,16.99,86.80,13.56,0.00,0.53,197.40,0.08
250,2024-04-29 01:30:00,24.28,14.94,15.39,16.79,88.70,13.54,0.00,0.82,233.50,0.08
250,2024-04-29 01:45:00,24.11,14.69,15.30,16.44,88.80,13.46,0.00,0.42,304.40,0.09
250,2024-04-29 02:00:00,23.95,14.54,14.64,16.14,89.30,12.90,0.00,0.41,209.20,0.09
250,2024-04-29 02:15:00,23.79,14.33,14.83,15.83,90.20,13.24,0.00,0.28,229.70,0.09
250,2024-04-29 02:30:00,23.63,14.60,14.79,15.76,90.50,13.25,0.00,0.46,106.80,0.09
250,2024-04-29 02:45:00,23.48,14.75,15.05,16.12,91.00,13.59,0.00,1.00,110.30,0.08
250,2024-04-29 03:00:00,23.33,14.31,14.50,16.08,91.20,13.08,0.00,0.50,98.80,0.09
250,2024-04-29 03:15:00,23.19,14.32,14.69,15.45,91.70,13.35,0.00,0.26,144.50,0.09
250,2024-04-29 03:30:00,23.05,14.22,14.59,15.35,92.10,13.32,0.00,0.84,192.70,0.09
250,2024-04-29 03:45:00,22.91,13.79,14.31,15.52,92.30,13.08,0.00,1.14,242.00,0.09
250,2024-04-29 04:00:00,22.78,13.71,14.08,15.16,92.60,12.90,0.00,0.65,334.90,0.09
250,2024-04-29 04:15:00,22.65,13.79,13.86,14.88,92.80,12.71,0.00,0.55,33.14,0.09
250,2024-04-29 04:30:00,22.53,13.58,13.98,14.79,93.40,12.93,0.00,0.70,110.40,0.09
250,2024-04-29 04:45:00,22.40,13.38,13.81,14.44,93.40,12.76,0.00,0.52,126.60,0.10
250,2024-04-29 05:00:00,22.28,13.29,13.68,14.16,93.80,12.70,0.00,0.27,337.20,0.09
250,2024-04-29 05:15:00,22.17,13.14,13.37,14.19,93.80,12.39,0.00,0.64,254.70,0.10
250,2024-04-29 05:30:00,22.06,13.15,13.58,14.24,94.00,12.63,0.00,0.50,356.40,0.10
250,2024-04-29 05:45:00,21.95,13.26,13.26,14.13,94.00,12.32,0.00,0.34,43.37,0.11
250,2024-04-29 06:00:00,21.84,12.99,13.27,14.04,94.50,12.41,0.00,0.74,149.20,0.11
250,2024-04-29 06:15:00,21.73,12.94,13.21,13.92,94.50,12.35,0.00,0.78,172.30,0.11
250,2024-04-29 06:30:00,21.64,13.07,13.17,13.59,94.50,12.31,0.00,0.20,137.80,0.19
250,2024-04-29 06:45:00,21.55,12.85,13.00,13.34,94.60,12.15,0.00,0.20,91.00,1.50
250,2024-04-29 07:00:00,21.45,12.64,13.02,13.41,94.80,12.21,0.00,0.39,257.40,7.60
250,2024-04-29 07:15:00,21.37,12.88,13.03,13.83,95.10,12.26,0.00,0.30,296.20,37.62
250,2024-04-29 07:30:00,21.29,13.77,13.68,14.99,95.40,12.96,0.00,0.16,121.30,86.80
250,2024-04-29 07:45:00,21.23,15.19,14.52,15.44,95.70,13.84,0.00,0.85,270.00,132.50
250,2024-04-29 08:00:00,21.24,16.66,15.82,16.39,95.50,15.10,0.00,0.76,240.40,178.30
250,2024-04-29 08:15:00,21.30,18.17,17.09,18.03,95.10,16.30,0.00,0.71,181.40,228.30
250,2024-04-29 08:30:00,21.41,19.77,18.38,19.50,91.30,16.94,0.00,1.71,122.50,276.00
250,2024-04-29 08:45:00,21.58,20.76,20.25,19.96,80.40,16.77,0.00,3.19,131.70,325.20
250,2024-04-29 09:00:00,21.82,21.84,21.19,20.89,74.44,16.47,0.00,4.82,136.90,374.90
250,2024-04-29 09:15:00,22.08,22.58,21.94,21.54,70.61,16.36,0.00,5.36,139.20,427.40
250,2024-04-29 09:30:00,22.35,23.24,22.60,22.12,68.16,16.44,0.00,6.35,136.50,476.70
250,2024-04-29 09:45:00,22.71,23.93,23.10,22.78,66.92,16.63,0.00,7.45,143.60,525.00
250,2024-04-29 10:00:00,23.10,24.19,23.43,23.05,65.11,16.51,0.00,9.06,143.50,574.10
250,2024-04-29 10:15:00,23.54,24.72,23.75,23.52,63.97,16.53,0.00,8.78,132.60,620.70
250,2024-04-29 10:30:00,24.02,25.10,24.28,23.91,60.01,16.03,0.00,8.77,143.20,667.50
250,2024-04-29 10:45:00,24.52,25.43,24.62,24.02,60.89,16.58,0.00,8.88,135.80,696.60
250,2024-04-29 11:00:00,25.04,25.92,25.11,24.53,57.29,16.08,0.00,9.76,140.60,803.00
250,2024-04-29 11:15:00,25.58,26.49,25.40,25.00,56.57,16.16,0.00,7.56,152.00,706.40
250,2024-04-29 11:30:00,26.14,27.00,26.16,25.48,56.24,16.77,0.00,7.33,126.90,915.00
250,2024-04-29 11:45:00,26.72,27.30,26.32,25.65,55.14,16.61,0.00,7.88,145.80,896.00
250,2024-04-29 12:00:00,27.34,27.69,26.46,25.96,52.86,16.08,0.00,7.10,131.60,942.00
250,2024-04-29 12:15:00,27.96,27.77,26.76,26.26,46.82,14.46,0.00,6.54,127.80,918.00
250,2024-04-29 12:30:00,28.57,28.06,27.04,26.52,45.66,14.33,0.00,6.05,149.60,930.00
250,2024-04-29 12:45:00,29.14,28.28,26.61,26.78,47.16,14.44,0.00,4.71,172.80,777.80
250,2024-04-29 13:00:00,29.68,27.96,27.08,26.55,45.21,14.21,0.00,6.66,116.10,786.10
250,2024-04-29 13:15:00,30.05,28.72,27.52,27.11,43.56,14.04,0.00,4.68,129.90,896.00
250,2024-04-29 13:30:00,30.37,28.61,27.66,27.22,42.70,13.86,0.00,4.82,135.00,579.40
250,2024-04-29 13:45:00,30.51,29.20,28.03,27.51,40.69,13.45,0.00,6.59,152.60,983.00
250,2024-04-29 14:00:00,30.44,29.55,27.75,27.75,42.85,13.99,0.00,4.32,171.50,782.80
250,2024-04-29 14:15:00,30.31,28.80,27.55,27.74,43.44,14.02,0.00,3.04,172.40,697.30
250,2024-04-29 14:30:00,30.22,29.52,27.81,28.22,41.04,13.38,0.00,5.84,85.50,713.90
250,2024-04-29 14:45:00,30.29,29.28,28.71,28.15,41.16,14.24,0.00,4.65,134.70,782.40
250,2024-04-29 15:00:00,30.47,29.76,28.57,28.42,40.96,14.03,0.00,4.57,112.80,646.20
250,2024-04-29 15:15:00,30.76,30.11,29.32,28.71,40.55,14.55,0.00,4.43,121.80,781.10
250,2024-04-29 15:30:00,31.04,30.77,29.09,29.24,41.69,14.77,0.00,5.51,113.40,886.00
250,2024-04-29 15:45:00,31.45,30.73,29.68,29.41,40.21,14.74,0.00,3.88,74.47,705.40
250,2024-04-29 16:00:00,31.82,29.91,28.48,28.84,43.62,14.93,0.00,5.02,106.00,340.00
250,2024-04-29 16:15:00,32.04,29.53,28.98,28.65,41.72,14.69,0.00,4.86,82.50,502.00
250,2024-04-29 16:30:00,32.07,30.20,28.82,29.12,40.23,13.98,0.00,4.41,84.40,499.10
250,2024-04-29 16:45:00,32.10,30.40,29.56,29.28,41.26,15.03,0.00,5.59,85.40,594.20
250,2024-04-29 17:00:00,32.15,30.70,29.56,29.38,41.15,14.99,0.00,5.55,100.10,635.20
250,2024-04-29 17:15:00,32.25,30.79,29.50,29.53,40.11,14.54,0.00,4.76,94.20,596.00
250,2024-04-29 17:30:00,32.39,30.35,28.99,29.32,43.03,15.18,0.00,6.27,104.10,411.90
250,2024-04-29 17:45:00,32.49,29.92,29.38,29.06,44.55,16.07,0.00,5.91,90.70,398.00
250,2024-04-29 18:00:00,32.47,29.50,28.67,28.77,43.35,15.00,0.00,5.80,106.80,274.80
250,2024-04-29 18:15:00,32.37,29.86,29.08,29.04,43.62,15.47,0.00,5.85,107.00,379.10
250,2024-04-29 18:30:00,32.23,29.96,28.85,29.12,43.92,15.37,0.00,5.78,115.60,334.60
250,2024-04-29 18:45:00,32.12,29.22,28.12,28.63,48.01,16.10,0.00,5.49,109.00,220.10
250,2024-04-29 19:00:00,31.99,28.54,27.55,28.14,51.15,16.57,0.00,5.23,115.30,148.40
250,2024-04-29 19:15:00,31.79,27.40,26.67,27.27,53.95,16.59,0.00,7.36,109.40,56.21
250,2024-04-29 19:30:00,31.52,26.87,26.37,26.82,55.29,16.70,0.00,6.99,104.00,47.71
250,2024-04-29 19:45:00,31.20,26.32,25.62,26.25,58.73,16.95,0.00,9.01,99.50,20.46
250,2024-04-29 20:00:00,30.88,25.63,25.14,25.62,61.30,17.17,0.00,8.19,94.70,8.93
250,2024-04-29 20:15:00,30.55,25.19,24.66,25.19,63.39,17.25,0.00,7.91,103.60,1.71
250,2024-04-29 20:30:00,30.22,24.63,24.15,24.71,65.75,17.35,0.00,6.95,100.40,0.22
250,2024-04-29 20:45:00,29.91,24.20,23.75,24.29,68.00,17.50,0.00,6.56,100.30,0.09
250,2024-04-29 21:00:00,29.60,23.82,23.50,23.94,69.43,17.59,0.00,6.20,95.80,0.08
250,2024-04-29 21:15:00,29.30,23.60,23.26,23.67,70.48,17.60,0.00,6.79,101.60,0.09
250,2024-04-29 21:30:00,29.02,23.17,22.85,23.35,72.40,17.63,0.00,4.55,111.70,0.08
250,2024-04-29 21:45:00,28.76,22.90,22.51,23.05,74.03,17.65,0.00,4.35,109.80,0.08
250,2024-04-29 22:00:00,28.50,22.70,22.42,22.87,74.83,17.74,0.00,4.88,114.00,0.08
250,2024-04-29 22:15:00,28.27,22.56,22.21,22.66,75.89,17.76,0.00,4.18,114.00,0.08
250,2024-04-29 22:30:00,28.05,22.46,22.27,22.59,75.92,17.82,0.00,4.69,129.00,0.09
250,2024-04-29 22:45:00,27.84,22.41,22.04,22.51,76.78,17.78,0.00,4.55,127.40,0.08
250,2024-04-29 23:00:00,27.64,22.24,21.98,22.36,77.30,17.83,0.00,5.04,129.10,0.08
250,2024-04-29 23:15:00,27.45,22.07,21.73,22.18,78.44,17.82,0.00,4.45,130.80,0.08
250,2024-04-29 23:30:00,27.28,21.81,21.58,21.98,79.32,17.85,0.00,4.29,132.50,0.08
250,2024-04-29 23:45:00,27.10,21.64,21.33,21.79,80.40,17.82,0.00,4.49,140.40,0.08
250,2024-04-30 00:00:00,26.93,21.41,21.14,21.59,81.10,17.77,0.00,4.57,142.50,0.09
250,2024-04-30 00:15:00,26.78,21.18,20.95,21.36,81.70,17.71,0.00,4.30,151.60,0.09
250,2024-04-30 00:30:00,26.63,20.93,20.64,21.13,82.60,17.58,0.00,4.08,152.30,0.08
250,2024-04-30 00:45:00,26.47,20.70,20.49,20.94,83.60,17.62,0.00,3.32,147.20,0.08
250,2024-04-30 01:00:00,26.32,20.52,20.32,20.77,84.30,17.59,0.00,3.59,150.30,0.08
250,2024-04-30 01:15:00,26.18,20.43,20.17,20.59,84.80,17.53,0.00,4.06,156.60,0.08
250,2024-04-30 01:30:00,26.04,20.17,19.95,20.40,85.60,17.47,0.00,3.24,161.10,0.08
250,2024-04-30 01:45:00,25.91,20.01,19.78,20.29,86.00,17.37,0.00,3.45,154.00,0.08
250,2024-04-30 02:00:00,25.77,19.83,19.67,20.07,86.80,17.41,0.00,2.93,151.30,0.08
250,2024-04-30 02:15:00,25.64,19.71,19.50,19.92,87.20,17.32,0.00,3.72,154.40,0.08
250,2024-04-30 02:30:00,25.52,19.56,19.30,19.77,87.70,17.21,0.00,3.39,162.00,0.08
250,2024-04-30 02:45:00,25.40,18.86,18.74,19.56,89.10,16.91,0.00,3.31,183.30,0.08
250,2024-04-30 03:00:00,25.28,18.58,18.72,19.45,89.80,17.01,0.00,3.51,176.80,0.09
250,2024-04-30 03:15:00,25.15,18.82,18.97,19.37,90.10,17.31,0.00,3.12,157.10,0.08
250,2024-04-30 03:30:00,25.03,18.84,18.74,19.27,90.20,17.10,0.00,2.52,172.80,0.09
250,2024-04-30 03:45:00,24.92,18.50,18.64,19.17,90.70,17.09,0.00,2.12,159.40,0.09
250,2024-04-30 04:00:00,24.80,18.45,18.30,19.08,90.40,16.70,0.00,2.05,166.00,0.08
250,2024-04-30 04:15:00,24.69,17.79,17.73,18.77,91.20,16.28,0.00,1.42,115.90,0.08
250,2024-04-30 04:30:00,24.58,17.57,17.90,18.54,92.40,16.65,0.00,1.63,106.00,0.08
250,2024-04-30 04:45:00,24.47,17.47,17.52,18.44,92.70,16.33,0.00,1.40,190.10,0.08
250,2024-04-30 05:00:00,24.38,17.49,17.69,18.51,92.90,16.53,0.00,2.07,165.60,0.09
250,2024-04-30 05:15:00,24.29,17.60,17.41,18.42,92.70,16.22,0.00,1.81,136.90,0.09
250,2024-04-30 05:30:00,24.21,17.43,17.49,18.24,93.40,16.41,0.00,1.99,130.60,0.08
250,2024-04-30 05:45:00,24.12,17.91,17.99,18.39,93.60,16.94,0.00,2.88,142.10,0.09
250,2024-04-30 06:00:00,24.01,18.19,18.08,18.50,93.40,17.00,0.00,2.88,142.70,0.09
250,2024-04-30 06:15:00,23.92,18.20,18.10,18.50,93.50,17.04,0.00,2.63,137.90,0.09
250,2024-04-30 06:30:00,23.84,18.28,18.11,18.58,93.30,17.01,0.00,2.34,145.80,0.19
250,2024-04-30 06:45:00,23.77,18.19,18.16,18.66,93.50,17.09,0.00,2.48,140.20,1.73
250,2024-04-30 07:00:00,23.68,18.54,18.54,18.86,93.30,17.44,0.00,3.65,135.60,8.60
250,2024-04-30 07:15:00,23.61,18.98,18.84,19.15,92.90,17.67,0.00,3.84,138.40,32.38
250,2024-04-30 07:30:00,23.54,19.49,19.22,19.43,92.40,17.96,0.00,4.37,139.80,80.40
250,2024-04-30 07:45:00,23.52,20.21,19.78,19.90,91.10,18.29,0.00,4.45,146.60,148.40
250,2024-04-30 08:00:00,23.52,20.95,20.58,20.48,89.20,18.74,0.00,4.85,146.30,218.70
250,2024-04-30 08:15:00,23.60,21.80,21.23,21.11,85.90,18.78,0.00,5.02,148.50,244.30
250,2024-04-30 08:30:00,23.74,21.86,21.25,21.38,84.90,18.61,0.00,5.63,150.40,142.20
250,2024-04-30 08:45:00,23.88,22.85,22.34,22.03,81.60,19.04,0.00,4.50,156.80,311.30
250,2024-04-30 09:00:00,24.03,23.69,23.03,22.69,79.22,19.24,0.00,4.06,156.40,402.70
250,2024-04-30 09:15:00,24.25,24.38,23.46,23.21,76.28,19.05,0.00,5.88,161.90,404.70
250,2024-04-30 09:30:00,24.52,24.83,23.99,23.74,74.11,19.10,0.00,4.70,163.00,454.90
250,2024-04-30 09:45:00,24.85,25.52,24.31,24.17,71.44,18.82,0.00,6.48,164.10,470.50
250,2024-04-30 10:00:00,25.19,25.49,24.49,24.15,72.28,19.18,0.00,7.11,177.40,498.30
250,2024-04-30 10:15:00,25.54,25.53,24.53,24.41,73.40,19.46,0.00,5.94,162.70,374.00
250,2024-04-30 10:30:00,25.88,25.43,24.52,24.48,71.12,18.95,0.00,4.31,184.70,353.20
250,2024-04-30 10:45:00,26.15,26.84,26.17,25.36,64.56,18.97,0.00,4.70,188.70,714.40
250,2024-04-30 11:00:00,26.46,27.52,25.92,26.03,63.58,18.49,0.00,4.77,209.80,661.60
250,2024-04-30 11:15:00,26.95,27.19,26.17,25.85,60.76,18.00,0.00,5.27,198.10,510.10
250,2024-04-30 11:30:00,27.40,27.23,26.05,26.00,61.40,18.06,0.00,4.21,193.30,482.80
250,2024-04-30 11:45:00,27.75,27.68,26.59,26.89,60.33,18.29,0.00,1.88,178.10,423.20
250,2024-04-30 12:00:00,28.03,27.82,26.81,26.37,60.72,18.60,0.00,4.87,256.60,613.50
250,2024-04-30 12:15:00,28.31,28.01,26.50,26.76,59.88,18.08,0.00,4.58,194.10,548.10
250,2024-04-30 12:30:00,28.63,28.46,27.66,27.06,57.69,18.57,0.00,3.15,119.40,904.00
250,2024-04-30 12:45:00,29.02,29.39,28.03,27.66,55.22,18.22,0.00,3.89,149.70,871.00
250,2024-04-30 13:00:00,29.56,29.53,28.63,27.99,53.01,18.13,0.00,2.63,334.60,904.00
250,2024-04-30 13:15:00,30.10,29.59,27.25,27.89,56.94,17.98,0.00,4.99,258.40,607.60
250,2024-04-30 13:30:00,30.56,28.74,28.13,27.63,56.30,18.62,0.00,3.01,258.40,410.10
250,2024-04-30 13:45:00,30.75,29.66,28.06,28.20,58.15,19.08,0.00,3.90,6.62,468.30
250,2024-04-30 14:00:00,30.80,28.77,28.03,27.81,53.95,17.85,0.00,3.61,70.42,338.20
250,2024-04-30 14:15:00,30.82,29.20,28.16,28.14,53.23,17.76,0.00,4.01,264.00,386.70
250,2024-04-30 14:30:00,30.82,29.48,28.22,28.38,56.54,18.78,0.00,2.67,342.00,424.40
250,2024-04-30 14:45:00,30.83,30.15,29.02,28.80,53.43,18.61,0.00,3.13,246.90,698.80
250,2024-04-30 15:00:00,30.95,30.61,29.25,29.06,50.95,18.07,0.00,4.05,176.90,882.00
250,2024-04-30 15:15:00,31.22,30.78,29.59,29.32,49.38,17.88,0.00,2.36,254.80,704.10
250,2024-04-30 15:30:00,31.60,31.02,29.26,29.51,50.01,17.78,0.00,3.91,142.40,755.70
250,2024-04-30 15:45:00,31.97,30.26,28.70,29.16,49.68,17.16,0.00,3.00,223.70,322.80
250,2024-04-30 16:00:00,32.22,29.28,28.12,28.50,54.89,18.21,0.00,3.29,321.00,136.40
250,2024-04-30 16:15:00,32.23,28.96,28.40,28.20,55.06,18.52,0.00,4.07,326.80,200.20
250,2024-04-30 16:30:00,32.06,29.14,27.76,28.38,58.01,18.76,0.00,5.19,317.00,232.60
250,2024-04-30 16:45:00,31.87,28.24,27.51,27.55,57.98,18.51,0.00,5.59,331.80,174.70
250,2024-04-30 17:00:00,31.69,28.24,27.25,27.59,62.72,19.53,0.00,4.08,335.30,143.00
250,2024-04-30 17:15:00,31.50,27.58,26.77,27.01,64.06,19.42,0.00,4.67,321.40,134.40
250,2024-04-30 17:30:00,31.31,27.71,27.14,27.14,60.19,18.77,0.00,4.10,286.60,137.30
250,2024-04-30 17:45:00,31.13,28.03,27.41,27.53,56.79,18.09,0.00,2.44,295.00,108.50
250,2024-04-30 18:00:00,30.95,28.43,28.37,27.83,55.40,18.59,0.00,2.35,291.10,239.40
250,2024-04-30 18:15:00,30.81,29.84,28.88,28.69,53.21,18.42,0.00,3.54,245.50,440.90
250,2024-04-30 18:30:00,30.78,29.64,28.26,28.67,53.13,17.82,0.00,4.54,221.40,296.60
250,2024-04-30 18:45:00,30.84,29.06,28.22,28.28,51.96,17.43,0.00,5.09,220.50,239.90
250,2024-04-30 19:00:00,30.84,29.05,28.22,28.46,50.49,16.98,0.00,3.90,231.40,189.00
250,2024-04-30 19:15:00,30.79,28.76,27.96,28.67,52.16,17.25,0.00,2.65,275.70,113.60
250,2024-04-30 19:30:00,30.66,28.42,27.86,29.03,51.94,17.09,0.00,1.05,299.80,61.82
250,2024-04-30 19:45:00,30.50,27.82,26.46,28.23,59.71,18.00,0.00,1.13,58.28,40.95
250,2024-04-30 20:00:00,30.30,26.16,25.57,26.92,63.29,18.09,0.00,1.74,82.20,17.66
250,2024-04-30 20:15:00,30.09,25.25,24.83,25.96,68.52,18.65,0.00,1.01,345.70,3.69
250,2024-04-30 20:30:00,29.86,24.42,24.19,25.31,73.12,19.08,0.00,1.84,221.30,0.39
250,2024-04-30 20:45:00,29.61,23.79,24.49,25.87,68.27,18.27,0.00,5.42,258.30,0.09
250,2024-04-30 21:00:00,29.36,24.51,24.89,25.67,66.44,18.22,0.00,5.88,242.60,0.08
250,2024-04-30 21:15:00,29.13,25.00,25.00,25.32,67.84,18.65,0.00,5.73,132.40,0.08
250,2024-04-30 21:30:00,28.93,25.01,24.55,25.14,68.89,18.47,0.00,5.08,156.10,0.08
250,2024-04-30 21:45:00,28.74,24.58,24.35,24.90,69.58,18.44,0.00,4.15,156.30,0.08
250,2024-04-30 22:00:00,28.55,24.28,23.94,24.51,71.77,18.54,0.00,5.30,160.70,0.09
250,2024-04-30 22:15:00,28.37,23.89,23.53,24.07,74.04,18.64,0.00,4.46,155.10,0.08
250,2024-04-30 22:30:00,28.18,23.43,23.06,23.67,76.79,18.77,0.00,2.91,144.60,0.08
250,2024-04-30 22:45:00,28.00,23.12,22.83,23.34,78.01,18.80,0.00,4.23,157.70,0.09
250,2024-04-30 23:00:00,27.83,22.82,22.53,23.09,79.21,18.75,0.00,3.13,159.20,0.08
250,2024-04-30 23:15:00,27.66,22.38,22.08,22.80,80.80,18.63,0.00,2.25,133.50,0.08
250,2024-04-30 23:30:00,27.50,22.00,21.81,22.43,82.50,18.70,0.00,2.29,123.60,0.09
250,2024-04-30 23:45:00,27.35,21.46,21.46,22.04,83.80,18.61,0.00,2.31,106.30,0.09
